Topic,Words,Frequency,Timestamp,Global_Representation
-1,"armstrongs, 1957, 1958, gig, jahr 1959",1116,1955-1959,Gig‑Dialog: Weibliche Eifersucht im Dancehall
0,"if forget, mag liebe, must dreaming, won fear, gefunden spiegel",8,1955-1959,Zerrissener innerer Monolog und Selbstreflexion
1,"frühen rock, bop, mambo, roll ära, cha cha",148,1955-1959,Rave‑Kultur: kollektiver Tanz
2,"raining, ida, wetterphänomen, drip, äußere wetter",19,1955-1959,Regen als Symbol gebrochener Liebe
3,"weihnachtsmanns, claus, santa claus, merry christmas, weihnachtszeit",41,1955-1959,Weihnachtszeitliche Symbolik und Gemeinschaft
4,"money honey, mort, got plenty, voo, nuttin",40,1955-1959,Bissige Satire über Geldliebe
5,"luigi, prima, leiten bleibt, geschäftssinn, übertriebenen bildnissen",1,1955-1959,"Straßenrap: Luxus, Drogen, Gewalt"
6,"cumberland, corey, maybelline, gap, can true",18,1955-1959,"Fahrzeug, Fahrer und Mobilität"
7,"romantische ideologie, simple tief, klassisches liebeslied, liebe allumfassende, liebesmanifest",276,1955-1959,Allumfassendes Liebesmanifest
8,"eisenbahn, choo, lokomotive, zugfahrt, choo choo",38,1955-1959,Zugmetaphern in moderner Musik
9,"heaven have, zeuge täter, wahrsager, get yours, cry cry",7,1955-1959,"Zerrissene Psyche, Selbstzerstörung, innere Qual"
10,"christlicher, vertrauen göttliche, ave, glaubensbekenntnis, bekenntnis christlicher",66,1955-1959,Christliche Glaubensbekenntnis und Anbetung
11,"down below, captured, witch, tender trap, feuer genährt",10,1955-1959,Feuer als Metapher für Liebe
12,"angel eyes, angel child, himmlisches wesen, empty arms, glück verspricht",10,1955-1959,Engel‑Ikonografie: Reinheit und Fall
13,"draft, feindseligkeiten, sterne meer, gewogen, trügerischen ruhe",11,1955-1959,Umweltzerstörung: Protest der Bevölkerung
14,"signorina, vermont, blue moon, dream little, little dream",71,1955-1959,Sommerliebe im Mondlicht
15,"africa, morgengrußes, chipmunks, happy days, here again",10,1955-1959,Kollektiver Aufruf zur Gerechtigkeit
16,"seemanns, avalon, waterfront, dreamboat, sailor",55,1955-1959,"Maritime Reisen, Mythen und Hafen"
17,"lonely street, casa, somewhere along, way home, nachkriegszeit besonders",44,1955-1959,Heimweh und Rückkehr
18,"klassisches beispiel, jahr 1959, innenleben sehnsucht, unerwiderter liebe, bess",446,1955-1959,"Zerrissenes Innenleben, unerwiderte Liebe"
19,"jahr 1955, 1955, como, kulturelles echo, ve lived",25,1955-1959,Aufruf zur Selbstbestimmung und Resilienz
21,"bethlehem, hirten, christi, inkarnation, weihnachtsgeschichte",31,1955-1959,Weihnachtsgeschichte: Geburt Jesu
22,"violine, close comfort, prisoner love, crazy love, too close",58,1955-1959,Femme Fatale: gefährliche Verführung und Selbstzerstörung
23,"basin, creole, armstrongs, monterey, mardi",31,1955-1959,Amerikanische Reise‑ und Freiheitslyrik
24,"sorry now, who sorry, way now, plead, see later",23,1955-1959,Selbstbefreiung aus toxischer Beziehung
25,"never saw, schwalben, saw sun, blauen vogels, bluebird",29,1955-1959,"Flug über Regenbogen, Begrenzungen"
26,"morgenstern, arriba, liebe alltägliche, choo, mütterliche liebe",103,1955-1959,Allumfassende kosmische Liebesbegegnung
27,"tic, almost grown, tic tic, bindung kind, kind mutter",9,1955-1959,"Mütterliche Liebe, Rollen, Vaterabwesenheit"
28,"one baby, more road, barkeepers, baby one, drowned",4,1955-1959,"Alkohol, Bar, Herzschmerz, Flucht"
29,"such as, goody, selbstbezeichnung fool, fools rush, then there",40,1955-1959,Selbstbezeichnung als Narr in Beziehungen
30,"fats domino, fats, honky tonkin, tonkin, domino jahr",39,1955-1959,Telefonische Kommunikation und Entfremdung
31,"frühen rock, beispiel jugendliche, jugendlicher verliebtheit, 1957, jahr 1957",330,1955-1959,Jugendliche Pop‑Liebeserklärung
32,"thursday, columbus, armstrongs, jungen jahre, christopher columbus",18,1955-1959,Nostalgischer Rückblick: Kindheit & Erwachsensein
33,"nutzt winterliche, overcoat, off with, love keep, keep warm",12,1955-1959,Wintersturm und heimische Geborgenheit
34,"zärtliches wiegenlied, busy day, little one, big world, dis",7,1955-1959,Sandmann – nächtliches Schlaflied
35,"kartoffeln, rattle, charlie brown, rattle roll, shake rattle",23,1955-1959,Digitale Entfremdung und Bürokratie
36,"diamonds sky, schuld sofort, intensiven ekstase, verspottet ironische, moment haltens",2,1955-1959,Goldene Alchemie der Liebe
37,"snoop, bildsprache rohen, zeitlose wiederkehr, animalisch primitiven, hate one",1,1955-1959,Westküsten‑Gangsta‑Rap von Snoop Dog​g
38,"gambler, spielers, losing hand, glücksspiels, words with",13,1955-1959,"Kartenspiele, Würfel und Roulette"
39,"peas, uncle sam, general, esels, timber",24,1955-1959,"Amerikas Patriotismus, Indigene und Schuld"
40,"career, yea, ll try, get by, freund hast",32,1955-1959,Bedingungslose Unterstützung und Verlässlichkeit
41,"st louis, singing blues, sing blues, blues blues, blues gefühl",44,1955-1959,Blues-Textanalyse: Verlust und Sehnsucht
42,"davy, utah, wilden westens, prärie, crockett",33,1955-1959,"Western‑Mythos, Prärie, Rodeo, Reiter"
43,"autumn, laubs, herabfallenden, autumn leaves, fallenden blätter",51,1955-1959,Herbstliche Symbolik von Verlust
45,"riverside, fontäne, by riverside, fluss steht, flussufer",14,1955-1959,Fluss‑Metaphern in Liedtexten
46,"freddy, lollipop, frühen rock, beispiel jugendliche, honeysuckle",73,1955-1959,Erotische Süßmetaphern in Pop
48,"los los, honky, honky tonk, tonk, harlem",40,1955-1959,"New York: Stadt, Kultur, Musik"
49,"indigo, been blue, ain been, bluer than, grievin",21,1955-1959,Blaues Symbol für Traurigkeit
50,"legion, schaukelstuhls, bah, running wild, old rockin",9,1955-1959,Ständige Flucht und innere Zerrissenheit
51,"jodeln, beep, goldmine, blu, unerreichbaren paradies",25,1955-1959,Weltraum‑Utopie Shangri‑La
55,"st louis, from st, came long, address, way from",5,1955-1959,Hollywood‑Glanz und Vergänglichkeit
56,"silent night, holy night, weihnachtsbotschaft, alleluia, christi",11,1955-1959,Stille Nacht – Heilige Geburt
57,"yip, roly poly, roly, pedal, big foot",21,1955-1959,Zappa‑Ästhetik und satirische Provokation
58,"veilchen, korallen, willies, tahiti, barbara",15,1955-1959,Rote Rosen Symbolik in Liedern
59,"gefall, re dead, crummy, glad when, ll glad",9,1955-1959,Fassade vs innere Verzweiflung
60,"miss someone, still miss, längst vorbei, cold outside, cold heart",4,1955-1959,"Kälte außen, Herz erstarrt"
62,"schmetterlings, herzen verletzt, abhängigkeit wiederholungen, lippen tropft, gebrochen zerbrechlichkeit",2,1955-1959,Schmetterlingssymbolik in zwischenmenschlichen Beziehungen
64,"jingle, sleigh, weihnachtskarten, sleigh bells, jingle bells",10,1955-1959,Klassisches Weihnachtslied mit Schlitten
-1,"gig, frühen 1960er, surfen, surf, jahr 1962",2189,1960-1964,Gig‑Dialog: Weibliche Eifersucht im Dancehall
0,"maybe last, how know, bald headed, stayed away, play cool",53,1960-1964,Zerrissener innerer Monolog und Selbstreflexion
1,"chubby, checker, chubby checker, tanzkultur, limbo",280,1960-1964,Rave‑Kultur: kollektiver Tanz
2,"äußere wetter, nutzt regens, rainin, lili, gonna rain",50,1960-1964,Regen als Symbol gebrochener Liebe
3,"weihnachtszeit, merry christmas, weihnachtsfest, claus, santa claus",100,1960-1964,Weihnachtszeitliche Symbolik und Gemeinschaft
4,"greenback, woolworth, geld liebe, best things, life are",79,1960-1964,Bissige Satire über Geldliebe
6,"hot rod, surf, fortbewegungsmittel, fahrzeugs, coupe",72,1960-1964,"Fahrzeug, Fahrer und Mobilität"
7,"klassisches liebeslied, romantische ideologie, liebe allumfassende, klassisches bekenntnis, frühen 1960er",503,1960-1964,Allumfassendes Liebesmanifest
8,"choo, eisenbahn, trouble mind, choo choo, lokomotive",66,1960-1964,Zugmetaphern in moderner Musik
9,"everything happens, broken arrow, anybody but, gestrüpp, ginny",28,1960-1964,"Zerrissene Psyche, Selbstzerstörung, innere Qual"
10,"christlicher, bekenntnis christlicher, vertrauen göttliche, christi, eschatologie",94,1960-1964,Christliche Glaubensbekenntnis und Anbetung
11,"ohrringe, fiebers, verzehrende, romeo julia, kiss fire",27,1960-1964,Feuer als Metapher für Liebe
12,"angel eyes, little angel, anrede angel, reinheit schutz, sehnsucht transzendenter",25,1960-1964,Engel‑Ikonografie: Reinheit und Fall
13,"jim crow, longest day, done gone, roddy, many men",59,1960-1964,Umweltzerstörung: Protest der Bevölkerung
14,"blue moon, other words, mondlichts, fly moon, jupiter mars",100,1960-1964,Sommerliebe im Mondlicht
15,"ally, bürgerrechtsbewegung, marsch, up band, strike up",37,1960-1964,Kollektiver Aufruf zur Gerechtigkeit
16,"seemanns, schiffes, sailor, cindy, seemannslied",97,1960-1964,"Maritime Reisen, Mythen und Hafen"
17,"shanty, steal away, somewhere along, 500 miles, lonely town",65,1960-1964,Heimweh und Rückkehr
18,"unerwiderter liebe, innenleben sehnsucht, zerrissene innenleben, someone new, eindringlicher sprache",1013,1960-1964,"Zerrissenes Innenleben, unerwiderte Liebe"
19,"make if, dream dream, optimistisches manifest, aren glad, badder",50,1960-1964,Aufruf zur Selbstbestimmung und Resilienz
20,"demut vermittelt, wandel früheren, oberflächlichen prahlereien, selbstbewusster rap, everybody ready",1,1960-1964,"Deutschrap: Gewalt, Identität, Szene"
21,"hirten, bethlehem, noel, christi, geburt jesu",67,1960-1964,Weihnachtsgeschichte: Geburt Jesu
22,"mimi, wind up, take these, teufelchen, chains from",98,1960-1964,Femme Fatale: gefährliche Verführung und Selbstzerstörung
23,"kansas city, kansas, kentucky, louisiana, basin",63,1960-1964,Amerikanische Reise‑ und Freiheitslyrik
24,"ever know, ll even, no difference, believe never, makes no",76,1960-1964,Selbstbefreiung aus toxischer Beziehung
25,"blackbird, skylark, over rainbow, mockingbird, blauen vögel",86,1960-1964,"Flug über Regenbogen, Begrenzungen"
26,"tenderly, right kind, beginning see, sterne augen, see light",163,1960-1964,Allumfassende kosmische Liebesbegegnung
27,"mütterlicher fürsorge, wort mutter, kraft mütterlicher, before grow, big boots",17,1960-1964,"Mütterliche Liebe, Rollen, Vaterabwesenheit"
28,"drinkin, thinking when, billy billy, fidel, ei",22,1960-1964,"Alkohol, Bar, Herzschmerz, Flucht"
29,"win again, got bad, fools rush, kind fool, leeren schale",97,1960-1964,Selbstbezeichnung als Narr in Beziehungen
30,"baby won, baby eindringliches, leitung, call name, please please",98,1960-1964,Telefonische Kommunikation und Entfremdung
31,"jugendlicher verliebtheit, beispiel jugendliche, verliebtheit frühen, frühen 1960er, jugendlicher liebe",601,1960-1964,Jugendliche Pop‑Liebeserklärung
32,"mañana, circulate, karneval, wunderkind, young ones",31,1960-1964,Nostalgischer Rückblick: Kindheit & Erwachsensein
33,"snowfall, silhouetten, winterliche wetter, love keep, keep warm",24,1960-1964,Wintersturm und heimische Geborgenheit
34,"sandmann, nächtliches wiegenlied, sandman, rhythmische schaukeln, kind dunkelheit",11,1960-1964,Sandmann – nächtliches Schlaflied
35,"rattle roll, shake rattle, rattle, frühen 1960er, carroll",66,1960-1964,Digitale Entfremdung und Bürokratie
36,"silber gold, metalle, haars, ives, festlicher",4,1960-1964,Goldene Alchemie der Liebe
38,"kingpin, jackpot, lady luck, way ahead, heads win",17,1960-1964,"Kartenspiele, Würfel und Roulette"
39,"indigenen, mule, john henry, völker, custer",85,1960-1964,"Amerikas Patriotismus, Indigene und Schuld"
40,"ll around, stand by, happen again, mine hold, he gone",72,1960-1964,Bedingungslose Unterstützung und Verlässlichkeit
41,"singing blues, blues genre, blues musikalisches, sing blues, st louis",55,1960-1964,Blues-Textanalyse: Verlust und Sehnsucht
42,"prärie, amerikanischen westens, dixie, laredo, ranch",66,1960-1964,"Western‑Mythos, Prärie, Rodeo, Reiter"
43,"autumn, wein rosen, herbstes, laubs, autumn leaves",96,1960-1964,Herbstliche Symbolik von Verlust
45,"water boy, tautropfen, riverside, stay way, from door",30,1960-1964,Fluss‑Metaphern in Liedtexten
46,"biene, sal, frühen 1960er, arkansas, blick harmloses",159,1960-1964,Erotische Süßmetaphern in Pop
48,"los los, chinatown, wien, nashville, harlem",74,1960-1964,"New York: Stadt, Kultur, Musik"
49,"indigo, blue blue, mr blue, leeren arme, wort blue",50,1960-1964,Blaues Symbol für Traurigkeit
50,"dang, no vacancy, vacancy, mixed up, bad news",23,1960-1964,Ständige Flucht und innere Zerrissenheit
51,"jess, caravan, einsiedler, karawane, trinidad",26,1960-1964,Weltraum‑Utopie Shangri‑La
52,"browns, mashed, potatoes, mashed potatoes, james browns",8,1960-1964,Funk‑Call‑Response bei James Brown
53,"fudge, school verankert, süßen substanz, silben do, dee lockern",1,1960-1964,Busta Rhymes: Aggressive Street‑Hip‑Hop Analyse
55,"st louis, came long, dab, smack, from st",11,1960-1964,Hollywood‑Glanz und Vergänglichkeit
56,"silent night, holy night, christi, geburt christi, weihnachtsbotschaft",20,1960-1964,Stille Nacht – Heilige Geburt
57,"sneakers, ivy league, heel, ivy, league",39,1960-1964,Zappa‑Ästhetik und satirische Provokation
58,"ramblin, rose steht, ramble, wildwood, rote rosen",48,1960-1964,Rote Rosen Symbolik in Liedern
59,"heiterkeit, masquerade, bitty, äußerer heiterkeit, great pretender",32,1960-1964,Fassade vs innere Verzweiflung
60,"cold heart, cold cold, out cold, cold outside, herz schmelzen",22,1960-1964,"Kälte außen, Herz erstarrt"
62,"fly by, schmetterling, by night, schmetterlings, nutzt melodie",3,1960-1964,Schmetterlingssymbolik in zwischenmenschlichen Beziehungen
64,"jingle, sleigh, weihnachtskarten, used know, jingle bells",33,1960-1964,Klassisches Weihnachtslied mit Schlitten
-1,"gig, jahr 1967, jahr 1965, jahr 1966, now love",4134,1965-1969,Gig‑Dialog: Weibliche Eifersucht im Dancehall
0,"monolog erinnerung, monolog resignation, monolog zerrissenheit, monolog verzweiflung, monolog verlangen",426,1965-1969,Zerrissener innerer Monolog und Selbstreflexion
1,"boogaloo, jerk, tanzkultur, mitte 60er, körperliche bewegung",254,1965-1969,Rave‑Kultur: kollektiver Tanz
2,"äußere wetter, wetterphänomen, nutzt regens, raining, raindrops",149,1965-1969,Regen als Symbol gebrochener Liebe
3,"weihnachtszeit, weihnachtsfest, merry christmas, weihnachtsmann, claus",104,1965-1969,Weihnachtszeitliche Symbolik und Gemeinschaft
4,"liebe geld, wohlstands, uptight, satirischer kommentar, money won",199,1965-1969,Bissige Satire über Geldliebe
5,"prince buster, capone, buster, al capone, tramp",4,1965-1969,"Straßenrap: Luxus, Drogen, Gewalt"
6,"mustang, beep, chauffeur, ride ride, jaguar",95,1965-1969,"Fahrzeug, Fahrer und Mobilität"
7,"romantische ideologie, liebe allumfassende, klassisches liebeslied, liebesmanifest, simple tief",641,1965-1969,Allumfassendes Liebesmanifest
8,"zugfahrt, eisenbahn, rattler, lokomotive, choo",110,1965-1969,Zugmetaphern in moderner Musik
9,"condition, just dropped, perhaps, baloney, deputy",118,1965-1969,"Zerrissene Psyche, Selbstzerstörung, innere Qual"
10,"christi, christlicher, cashs, kapelle, beziehung gott",95,1965-1969,Christliche Glaubensbekenntnis und Anbetung
11,"light fire, ring fire, heat wave, mire, funeral pyre",49,1965-1969,Feuer als Metapher für Liebe
12,"yi, yi yi, little angel, star crossed, homeward",18,1965-1969,Engel‑Ikonografie: Reinheit und Fall
13,"eindringlicher protest, bevölkerung, truppen, regime, moralische verwirrung",152,1965-1969,Umweltzerstörung: Protest der Bevölkerung
14,"sommerliebe, other words, fly moon, mondlichts, moon entfaltet",89,1965-1969,Sommerliebe im Mondlicht
15,"bürgerrechtsbewegungen, manifest späten, manifestes, bürgerrechtsbewegung, get together",144,1965-1969,Kollektiver Aufruf zur Gerechtigkeit
16,"schiffes, seemanns, segelns, avalon, seeleute",179,1965-1969,"Maritime Reisen, Mythen und Hafen"
17,"unterwegssein, wahre zuhause, heimweh, homesick, ort emotionaler",168,1965-1969,Heimweh und Rückkehr
18,"innenleben sehnsucht, unerwiderter liebe, love zerrissenes, einst intensiven, liebesbild",1802,1965-1969,"Zerrissenes Innenleben, unerwiderte Liebe"
19,"meditativer aufruf, vance, späten 60ern, have heard, 60ern",162,1965-1969,Aufruf zur Selbstbestimmung und Resilienz
20,"hov, shepherds, enthält musikalisch, stop widerstands, weigert erwartungen",2,1965-1969,"Deutschrap: Gewalt, Identität, Szene"
21,"bethlehem, hirten, christi, geburt jesu, geburt christi",29,1965-1969,Weihnachtsgeschichte: Geburt Jesu
22,"hunter, verführerischen gefährlichen, hazel, maggie, got hold",244,1965-1969,Femme Fatale: gefährliche Verführung und Selbstzerstörung
23,"kansas city, kansas, kaliforniens, kentucky, louisiana",77,1965-1969,Amerikanische Reise‑ und Freiheitslyrik
24,"reason believe, befreiung toxischen, makes hard, hard live, believe inneres",216,1965-1969,Selbstbefreiung aus toxischer Beziehung
25,"blackbird, place sun, bluebird, born free, ast",206,1965-1969,"Flug über Regenbogen, Begrenzungen"
26,"begegnung geliebten, one true, bouquet, liebe alltägliche, wärme klarheit",282,1965-1969,Allumfassende kosmische Liebesbegegnung
27,"mütterlicher liebe, big boy, vater kind, mütterliche liebe, kraft mütterlicher",87,1965-1969,"Mütterliche Liebe, Rollen, Vaterabwesenheit"
28,"milwaukee, red wine, barkeeper, nancy, schmerz alkohol",65,1965-1969,"Alkohol, Bar, Herzschmerz, Flucht"
29,"win again, fool bezeichnet, surprise surprise, must believe, wort fool",117,1965-1969,Selbstbezeichnung als Narr in Beziehungen
30,"back baby, baby need, call name, leitung, western union",173,1965-1969,Telefonische Kommunikation und Entfremdung
31,"jugendlicher verliebtheit, tex, jugendlicher leidenschaft, jahr 1965, bekenntnis jugendlicher",884,1965-1969,Jugendliche Pop‑Liebeserklärung
32,"rückblick unbeschwerte, daydream, erwachsenen welt, erwachsenseins, goin back",125,1965-1969,Nostalgischer Rückblick: Kindheit & Erwachsensein
33,"nutzt winterliche, winterliche wetter, frightful, schneegestöber, kälte winters",53,1965-1969,Wintersturm und heimische Geborgenheit
34,"dream sweet, zärtliches wiegenlied, sweet dreams, sandmann, sandman",25,1965-1969,Sandmann – nächtliches Schlaflied
35,"computer, big boss, no satisfaction, bürokratie, get no",284,1965-1969,Digitale Entfremdung und Bürokratie
36,"unerschöpflichen quell, erbe erinnerungen, totale besitzergreifung, leuchten individuum, lassen lachen",5,1965-1969,Goldene Alchemie der Liebe
37,"snoopy, gegenbild etablierten, authentizität unbeschwertheit, candidates, unschuld kreativität",1,1965-1969,Westküsten‑Gangsta‑Rap von Snoop Dog​g
38,"under thumb, spielers, puppet, kartenspiels, thumb",36,1965-1969,"Kartenspiele, Würfel und Roulette"
39,"hardy, weevil, fred, amerikanischen traums, chain gang",74,1965-1969,"Amerikas Patriotismus, Indigene und Schuld"
40,"stand beside, stand by, bedingungsloser unterstützung, bekenntnis bedingungsloser, what happens",154,1965-1969,Bedingungslose Unterstützung und Verlässlichkeit
41,"born lose, blues musikalisches, blues genre, musikalisches genre, wort blues",58,1965-1969,Blues-Textanalyse: Verlust und Sehnsucht
42,"prärie, rodeo, wilden westens, amerikanischen westens, reiter",72,1965-1969,"Western‑Mythos, Prärie, Rodeo, Reiter"
43,"autumn, herbstes, if go, catch wind, welpen",195,1965-1969,Herbstliche Symbolik von Verlust
45,"fluss steht, by river, wasserfalls, time coming, fluss fluss",64,1965-1969,Fluss‑Metaphern in Liedtexten
46,"pussycat, yummy, biene, taste honey, sadie",243,1965-1969,Erotische Süßmetaphern in Pop
48,"los los, honky, tulsa, york city, chinatown",150,1965-1969,"New York: Stadt, Kultur, Musik"
49,"shade blue, indigo, blue blue, blue inneres, sad lonely",73,1965-1969,Blaues Symbol für Traurigkeit
50,"jeannie, leary, down slow, peculiar, immigrant",154,1965-1969,Ständige Flucht und innere Zerrissenheit
51,"shangri, shangri la, ballons, up away, up up",84,1965-1969,Weltraum‑Utopie Shangri‑La
52,"browns, james browns, licking, maceo, mashed",37,1965-1969,Funk‑Call‑Response bei James Brown
55,"st louis, from st, johns, wall street, village",14,1965-1969,Hollywood‑Glanz und Vergänglichkeit
56,"silent night, holy night, weihnachtsbotschaft, calm bright, mother child",11,1965-1969,Stille Nacht – Heilige Geburt
57,"zappa, zappas, frank zappa, oop, monkees",138,1965-1969,Zappa‑Ästhetik und satirische Provokation
58,"ramblin, angelica, rose steht, red roses, rote rosen",61,1965-1969,Rote Rosen Symbolik in Liedern
59,"fifi, genauer, life party, ay ay, flöhen",74,1965-1969,Fassade vs innere Verzweiflung
60,"cold cold, cold turkey, cold heart, turkey, cold outside",33,1965-1969,"Kälte außen, Herz erstarrt"
62,"schmetterling, schmetterlings, mitch, naturkulisse verankert, sammler",11,1965-1969,Schmetterlingssymbolik in zwischenmenschlichen Beziehungen
64,"jingle, jingle bells, sleigh, weihnachtskarten, used know",16,1965-1969,Klassisches Weihnachtslied mit Schlitten
-1,"gig, wombles, jahr 1972, jahr 1971, 60er frühen",4254,1970-1974,Gig‑Dialog: Weibliche Eifersucht im Dancehall
0,"monolog zerrissenheit, monolog verzweiflung, monolog erinnerung, monolog selbstbehauptung, monolog sprecherin",679,1970-1974,Zerrissener innerer Monolog und Selbstreflexion
1,"bump, tanzkultur, jive, woogie, kollektiven rausch",297,1970-1974,Rave‑Kultur: kollektiver Tanz
2,"rainmaker, äußere wetter, wetterphänomen, nutzt regens, regenmotiv",154,1970-1974,Regen als Symbol gebrochener Liebe
3,"weihnachtszeit, merry christmas, weihnachtsfest, claus, santa claus",89,1970-1974,Weihnachtszeitliche Symbolik und Gemeinschaft
4,"künstlerischem anspruch, gesellschaft erfolg, shaft, reed, werbeversprechen",164,1970-1974,Bissige Satire über Geldliebe
5,"tramp, hustler, daytime, hand car, glam",14,1970-1974,"Straßenrap: Luxus, Drogen, Gewalt"
6,"motorrad, fahrers, driver, harley, unterwegssein",163,1970-1974,"Fahrzeug, Fahrer und Mobilität"
7,"liebesmanifest, liebe allumfassende, wodurch liebe, romantische ideologie, love entfaltet",643,1970-1974,Allumfassendes Liebesmanifest
8,"eisenbahn, railroad, zugfahrt, lokomotive, choo",122,1970-1974,Zugmetaphern in moderner Musik
9,"selbstzerstörung verzweifelten, israel, mary anne, did what, verzweifelten suchen",212,1970-1974,"Zerrissene Psyche, Selbstzerstörung, innere Qual"
10,"christlicher, bekenntnis christlicher, vertrauen göttliche, beziehung gott, theologische",184,1970-1974,Christliche Glaubensbekenntnis und Anbetung
11,"light fire, fiebers, bösen augen, mr magic, lights up",52,1970-1974,Feuer als Metapher für Liebe
12,"angel morning, angel eyes, bind, reinheit schutz, lili",29,1970-1974,Engel‑Ikonografie: Reinheit und Fall
13,"eindringlicher protest, bevölkerung, umweltzerstörung, vietnam, jerusalem",334,1970-1974,Umweltzerstörung: Protest der Bevölkerung
14,"arcadia, side moon, blue moon, sommerliebe, roma",67,1970-1974,Sommerliebe im Mondlicht
15,"jah, tosh, kollektive gewissen, brüderlichkeit, leidenschaftlicher aufruf",343,1970-1974,Kollektiver Aufruf zur Gerechtigkeit
16,"seemanns, schiffes, sail away, hafens, maritimen",234,1970-1974,"Maritime Reisen, Mythen und Hafen"
17,"winding road, long winding, winding, times ve, heimweh",207,1970-1974,Heimweh und Rückkehr
18,"innenleben sehnsucht, unerwiderter liebe, porträt verlust, zerrissene innenleben, wort goodbye",1381,1970-1974,"Zerrissenes Innenleben, unerwiderte Liebe"
19,"meditativer appell, ermutigt leben, everyman, life what, aufruf bewussten",282,1970-1974,Aufruf zur Selbstbestimmung und Resilienz
20,"tatorts, tatort, tägliche realität, straße distanz, spektakuläre inszenierung",1,1970-1974,"Deutschrap: Gewalt, Identität, Szene"
21,"hirten, bethlehem, christi, geburt christi, inkarnation",28,1970-1974,Weihnachtsgeschichte: Geburt Jesu
22,"ida, yo yo, spinne, verführerischen zerstörerischen, mumbo",208,1970-1974,Femme Fatale: gefährliche Verführung und Selbstzerstörung
23,"kaliforniens, louisiana, baton, kentucky, alabama",85,1970-1974,Amerikanische Reise‑ und Freiheitslyrik
24,"wah wah, reason believe, hard live, believe inneres, move over",156,1970-1974,Selbstbefreiung aus toxischer Beziehung
25,"bluebird, nachtigall, blackbird, libelle, mensch natur",276,1970-1974,"Flug über Regenbogen, Begrenzungen"
26,"are sunshine, kraft geliebten, begegnung geliebten, speak softly, sunshine life",318,1970-1974,Allumfassende kosmische Liebesbegegnung
27,"knef, alleinerziehenden, drang individueller, abwesenheit vaters, motherless",112,1970-1974,"Mütterliche Liebe, Rollen, Vaterabwesenheit"
28,"milwaukee, drinkin, alcohol, versuch alkohol, black coffee",80,1970-1974,"Alkohol, Bar, Herzschmerz, Flucht"
29,"poor fool, hurts too, crazy heart, paradoxes beziehungsgeflecht, make fool",85,1970-1974,Selbstbezeichnung als Narr in Beziehungen
30,"anrufer, soon come, operator, jahr 1970, sylvia",99,1970-1974,Telefonische Kommunikation und Entfremdung
31,"jugendlicher verliebtheit, 60er frühen, offenbaren tieferes, liebesgruß, bekenntnis jugendlicher",554,1970-1974,Jugendliche Pop‑Liebeserklärung
32,"baby brother, nachdenklicher rückblick, best years, erwachsenseins, rückblick unbeschwerte",157,1970-1974,Nostalgischer Rückblick: Kindheit & Erwachsensein
33,"mandy, frightful, nutzt winterliche, eisblumen, rebecca",29,1970-1974,Wintersturm und heimische Geborgenheit
34,"sandmann, ragtime, zärtliches wiegenlied, wiegenlieds, löffel",21,1970-1974,Sandmann – nächtliches Schlaflied
35,"bevölkerung, computer, big brother, bürokratie, kommentar entfremdung",395,1970-1974,Digitale Entfremdung und Bürokratie
36,"diamonds are, are forever, königswürde, unermüdlicher suche, wärme liebevollen",5,1970-1974,Goldene Alchemie der Liebe
38,"schachspiel, würfel, kartenspiels, roulette, glücksspiels",35,1970-1974,"Kartenspiele, Würfel und Roulette"
39,"indigenen, sheriff, cherokee, amerikanischen traums, völker",140,1970-1974,"Amerikas Patriotismus, Indigene und Schuld"
40,"got friend, klassisches bekenntnis, let one, bekenntnis bedingungslose, aufforderung namen",215,1970-1974,Bedingungslose Unterstützung und Verlässlichkeit
41,"blues musikalisches, lovesick blues, sung, musikalisches genre, lovesick",52,1970-1974,Blues-Textanalyse: Verlust und Sehnsucht
42,"rodeo, prärie, dixie, wilden westens, reiter",105,1970-1974,"Western‑Mythos, Prärie, Rodeo, Reiter"
43,"autumn, herbstes, indian summer, sommerwind, frühling sommer",146,1970-1974,Herbstliche Symbolik von Verlust
45,"sweet memories, by river, levee, fluss steht, meer fließt",96,1970-1974,Fluss‑Metaphern in Liedtexten
46,"biene, ebony, glam, quatro, suzi quatro",221,1970-1974,Erotische Süßmetaphern in Pop
48,"los los, harlem, honky, tonk, honky tonk",193,1970-1974,"New York: Stadt, Kultur, Musik"
49,"mammy, no sunshine, indigo, ko, he gone",61,1970-1974,Blaues Symbol für Traurigkeit
50,"timothy, 60er frühen, hee, keep running, mongrel",203,1970-1974,Ständige Flucht und innere Zerrissenheit
51,"ballons, ballon, marianne, spaceman, raumfahrt",70,1970-1974,Weltraum‑Utopie Shangri‑La
52,"browns, james browns, make funky, hot pants, brown jahr",63,1970-1974,Funk‑Call‑Response bei James Brown
53,"dream team, jacksons, basketball, energie humor, herausforderten",1,1970-1974,Busta Rhymes: Aggressive Street‑Hip‑Hop Analyse
55,"sweet jane, hollywoods, rodeo, patch, zelluloid",29,1970-1974,Hollywood‑Glanz und Vergänglichkeit
56,"silent night, holy night, still still, heerscharen, weihnachtsbotschaft",6,1970-1974,Stille Nacht – Heilige Geburt
57,"zappa, zappas, rocks off, glam rock, glam",107,1970-1974,Zappa‑Ästhetik und satirische Provokation
58,"ramblin, akropolis, rost, rose traditionell, barbara",45,1970-1974,Rote Rosen Symbolik in Liedern
59,"masquerade, condition, smiling faces, exception, crippled",67,1970-1974,Fassade vs innere Verzweiflung
60,"out cold, cold heart, cold cold, shackled, nuts",37,1970-1974,"Kälte außen, Herz erstarrt"
62,"schmetterlings, schmetterling, as wind, free as, harlem",13,1970-1974,Schmetterlingssymbolik in zwischenmenschlichen Beziehungen
63,"slaughter, hitman, muhammad ali, boxer, muhammad",3,1970-1974,Urbaner Rap und soziale Dynamik
64,"jingle, sleigh, weihnachtslied, jingle bells, weihnachtszeit",18,1970-1974,Klassisches Weihnachtslied mit Schlitten
-1,"gig, jahr 1977, späten siebzigerjahre, siebzigerjahre, spanish",3829,1975-1979,Gig‑Dialog: Weibliche Eifersucht im Dancehall
0,"love monolog, monolog verzweiflung, monolog selbstzweifeln, monolog erinnerung, monolog verlangen",627,1975-1979,Zerrissener innerer Monolog und Selbstreflexion
1,"disco ära, disco kultur, körperliche bewegung, tanzkultur, typisches produkt",521,1975-1979,Rave‑Kultur: kollektiver Tanz
2,"äußere wetter, nutzt regens, wetterphänomen, raining, prasseln",118,1975-1979,Regen als Symbol gebrochener Liebe
3,"weihnachtszeit, merry christmas, weihnachtsmanns, weihnachtsfest, weihnachtsmann",66,1975-1979,Weihnachtszeitliche Symbolik und Gemeinschaft
4,"bissiger, bissiger kommentar, love sale, siebziger frühen, million dollar",254,1975-1979,Bissige Satire über Geldliebe
5,"willi, collie, kraut, lady killer, flipper",26,1975-1979,"Straßenrap: Luxus, Drogen, Gewalt"
6,"driver, fortbewegungsmittel, beep, motorrad, unterwegssein",171,1975-1979,"Fahrzeug, Fahrer und Mobilität"
7,"liebe allumfassende, liebesmanifest, überschwängliches bekenntnis, klassisches liebesmanifest, klassisches liebeslied",643,1975-1979,Allumfassendes Liebesmanifest
8,"zugfahrt, lokomotive, eisenbahn, choo, railroad",70,1975-1979,Zugmetaphern in moderner Musik
9,"breakdown, enten, intrusion, veronica, bad blood",189,1975-1979,"Zerrissene Psyche, Selbstzerstörung, innere Qual"
10,"christlicher, christi, beziehung gott, bekenntnis christlicher, cashs",100,1975-1979,Christliche Glaubensbekenntnis und Anbetung
11,"light fire, körperliche erregung, fiebers, feuers steht, feuer liebe",106,1975-1979,Feuer als Metapher für Liebe
12,"angel eyes, angela, fallen angel, guardian angel, guardian",46,1975-1979,Engel‑Ikonografie: Reinheit und Fall
13,"bevölkerung, umweltzerstörung, eindringlicher protest, eliten, jerusalem",214,1975-1979,Umweltzerstörung: Protest der Bevölkerung
14,"marianne, venedig, sommerromanze, moon poetisches, luna",72,1975-1979,Sommerliebe im Mondlicht
15,"jah, tosh, rastafari, dillinger, marleys",255,1975-1979,Kollektiver Aufruf zur Gerechtigkeit
16,"schiffes, sail away, segelns, seereise, sailor",209,1975-1979,"Maritime Reisen, Mythen und Hafen"
17,"heimweh, homesick, wahre zuhause, way home, omaha",142,1975-1979,Heimweh und Rückkehr
18,"innenleben sehnsucht, love zerrissenes, zerrissene innenleben, sehnsucht selbstschutz, leidenschaftlicher hingabe",1396,1975-1979,"Zerrissenes Innenleben, unerwiderte Liebe"
19,"manifestes, keep trying, aufruf bewussten, lebensführung, out number",282,1975-1979,Aufruf zur Selbstbestimmung und Resilienz
20,"horde, flow kulturelle, betonen unaufhaltsamkeit, auseinandersetzung wobei, selbstbewusstsein kontext",2,1975-1979,"Deutschrap: Gewalt, Identität, Szene"
21,"bethlehem, hirten, inkarnation, weihnachtsgeschichte, geburt jesu",12,1975-1979,Weihnachtsgeschichte: Geburt Jesu
22,"verführerischen gefährlichen, too hot, hot handle, leidenschaftlicher hingabe, verlangen selbstschutz",307,1975-1979,Femme Fatale: gefährliche Verführung und Selbstzerstörung
23,"kaliforniens, cajun, mardi, louisiana, kansas city",53,1975-1979,Amerikanische Reise‑ und Freiheitslyrik
24,"pierre, he always, erdrückenden beziehung, standing tall, kind traurigkeit",189,1975-1979,Selbstbefreiung aus toxischer Beziehung
25,"songbird, vögelchen, paloma, blackbird, bluebird",191,1975-1979,"Flug über Regenbogen, Begrenzungen"
26,"begegnung geliebten, kosmische kraft, dimension liebe, liebesmanifest, universum sängers",299,1975-1979,Allumfassende kosmische Liebesbegegnung
27,"mother love, mütterliche liebe, 36, rande erwachsenwerdens, sass",68,1975-1979,"Mütterliche Liebe, Rollen, Vaterabwesenheit"
28,"lucille, mustang, trinkverhalten, barkeeper, loretta",83,1975-1979,"Alkohol, Bar, Herzschmerz, Flucht"
29,"fool love, selbstbezeichnung fool, he love, cheatin, fool narr",89,1975-1979,Selbstbezeichnung als Narr in Beziehungen
30,"leitung, operator, baby love, collect, telefonleitung",134,1975-1979,Telefonische Kommunikation und Entfremdung
31,"jugendlicher verliebtheit, jugendlicher leidenschaft, jahr 1976, disco ära, liebesgruß",601,1975-1979,Jugendliche Pop‑Liebeserklärung
32,"rückblick unbeschwerte, erwachsenseins, lucky seven, cindy, unbeschwerte kindheit",109,1975-1979,Nostalgischer Rückblick: Kindheit & Erwachsensein
33,"schneeflocken, rosen schnee, fallenden schnees, mandy, frostige",28,1975-1979,Wintersturm und heimische Geborgenheit
34,"sandmann, nächtliches wiegenlied, kind schlaf, sleep tight, lu",19,1975-1979,Sandmann – nächtliches Schlaflied
35,"siebziger frühen, kommentar entfremdung, bürokratie, frühen achtziger, kraftwerk",460,1975-1979,Digitale Entfremdung und Bürokratie
36,"fool gold, stardom, pure gold, everything turning, streben erkenntnis",16,1975-1979,Goldene Alchemie der Liebe
38,"gambler, spielers, kartenspiel, lady luck, kartenspiels",67,1975-1979,"Kartenspiele, Würfel und Roulette"
39,"amerikanischen traums, kommentar amerikanischen, american dream, patriotische, joey",121,1975-1979,"Amerikas Patriotismus, Indigene und Schuld"
40,"stand by, romantische liebe, bekenntnis bedingungsloser, thank baby, bedingungslose unterstützung",205,1975-1979,Bedingungslose Unterstützung und Verlässlichkeit
41,"blues musikalisches, musikalisches genre, old blues, born lose, singen blues",21,1975-1979,Blues-Textanalyse: Verlust und Sehnsucht
42,"rodeo, prärie, nashville, dixie, amerikanischen westens",99,1975-1979,"Western‑Mythos, Prärie, Rodeo, Reiter"
43,"autumn, herbstes, summer gone, laubs, indian summer",95,1975-1979,Herbstliche Symbolik von Verlust
45,"fließen flusses, ambrosia, sandstorm, like river, boote",75,1975-1979,Fluss‑Metaphern in Liedtexten
46,"disco ära, körperliche verlangen, biene, honey love, sugar candy",268,1975-1979,Erotische Süßmetaphern in Pop
48,"los los, york city, honky, tonk, honky tonk",201,1975-1979,"New York: Stadt, Kultur, Musik"
49,"baby blue, indigo, blau taucht, blau traditionell, vermissens",53,1975-1979,Blaues Symbol für Traurigkeit
50,"where gonna, peppermint, one them, runner, writer",175,1975-1979,Ständige Flucht und innere Zerrissenheit
51,"shangri, shangri la, spaceman, granada, land make",95,1975-1979,Weltraum‑Utopie Shangri‑La
52,"browns, james browns, funk ära, spank, godfather",42,1975-1979,Funk‑Call‑Response bei James Brown
53,"sugarhill, weak spot, jibbit, gee, urbane jugendkultur",5,1975-1979,Busta Rhymes: Aggressive Street‑Hip‑Hop Analyse
55,"hollywoods, janie, sunset boulevard, branche, glamours",38,1975-1979,Hollywood‑Glanz und Vergänglichkeit
56,"silent night, holy night, mother child, weihnachtsbotschaft, alleluia",10,1975-1979,Stille Nacht – Heilige Geburt
57,"zappa, zappas, zappa nutzt, iggy, satirischer kommentar",183,1975-1979,Zappa‑Ästhetik und satirische Provokation
58,"rosie, rost, love rose, gelben rosen, western town",38,1975-1979,Rote Rosen Symbolik in Liedern
59,"masquerade, snub, oberfläche blicken, re mine, thought want",102,1975-1979,Fassade vs innere Verzweiflung
60,"china doll, lotte, erkältung, chip away, fred",34,1975-1979,"Kälte außen, Herz erstarrt"
62,"schmetterling, schmetterlings, frosch, zerbrechlichkeit schönheit, madam",7,1975-1979,Schmetterlingssymbolik in zwischenmenschlichen Beziehungen
63,"tosh, cannabis, legalize, pflanze, legalisierung",2,1975-1979,Urbaner Rap und soziale Dynamik
64,"sleigh, jingle, weihnachtskarten, schlittenfahrt, weihnachtszeit",7,1975-1979,Klassisches Weihnachtslied mit Schlitten
-1,"gig, frühen 1980er, jahr 1982, jahr 1984, new wave",4150,1980-1984,Gig‑Dialog: Weibliche Eifersucht im Dancehall
0,"monolog erinnerung, monolog verzweiflung, monolog zerrissenheit, monolog resignation, monolog verlangen",889,1980-1984,Zerrissener innerer Monolog und Selbstreflexion
1,"körperliche bewegung, tanzkultur, disco ära, tanzen akt, manifestierter aufruf",429,1980-1984,Rave‑Kultur: kollektiver Tanz
2,"äußere wetter, raining, regens steht, nutzt regens, wetterphänomen",120,1980-1984,Regen als Symbol gebrochener Liebe
3,"weihnachtsfest, weihnachtszeit, weihnachtsmanns, merry christmas, weihnachtsmann",51,1980-1984,Weihnachtszeitliche Symbolik und Gemeinschaft
4,"bissiger, bissiger kommentar, frühen 1980er, kommentar kommerzialisierung, kommentar konsum",262,1980-1984,Bissige Satire über Geldliebe
5,"türkische, arcade, frankfurt, alphabet, fixer",39,1980-1984,"Straßenrap: Luxus, Drogen, Gewalt"
6,"driver, fahrers, freiheit geschwindigkeit, fortbewegungsmittel, fahrzeugs",165,1980-1984,"Fahrzeug, Fahrer und Mobilität"
7,"liebe allumfassende, wodurch liebe, liebesmanifest, bekenntnis transformative, überschwängliches bekenntnis",531,1980-1984,Allumfassendes Liebesmanifest
8,"zugfahrt, eisenbahn, choo, lokomotive, train nutzt",65,1980-1984,Zugmetaphern in moderner Musik
9,"blackout, closet, mirror mirror, selbstzerstörung verzweifelten, zerrissenheit reihe",335,1980-1984,"Zerrissene Psyche, Selbstzerstörung, innere Qual"
10,"christlicher, bekenntnis christlicher, vertrauen göttliche, glaubensbekenntnis, theologische",96,1980-1984,Christliche Glaubensbekenntnis und Anbetung
11,"körperliche erregung, steht intensive, light fire, house fire, fiebers",125,1980-1984,Feuer als Metapher für Liebe
12,"angel eyes, fallen angel, angela, guardian angel, guardian",52,1980-1984,Engel‑Ikonografie: Reinheit und Fall
13,"bevölkerung, eindringlicher protest, frühen 1980er, nuklearen, entwirft düsteres",490,1980-1984,Umweltzerstörung: Protest der Bevölkerung
14,"provence, venedig, sommerromanze, sommerliebe, summer love",86,1980-1984,Sommerliebe im Mondlicht
15,"jah, rastafari, tosh, jahr 1982, aswad",223,1980-1984,Kollektiver Aufruf zur Gerechtigkeit
16,"atlantis, sail away, segelns, seemanns, schiffes",178,1980-1984,"Maritime Reisen, Mythen und Hafen"
17,"heimweh, this house, home where, way home, heim ort",144,1980-1984,Heimweh und Rückkehr
18,"innenleben sehnsucht, love zerrissenes, einst intensiven, intensives innenleben, sehnsucht selbstschutz",1510,1980-1984,"Zerrissenes Innenleben, unerwiderte Liebe"
19,"manifestes, botschaft selbstermächtigung, aufruf beharrlichkeit, motivierender, aufruf bewussten",354,1980-1984,Aufruf zur Selbstbestimmung und Resilienz
20,"dut, contamination, mcs, laute selbstdarstellung, goat",6,1980-1984,"Deutschrap: Gewalt, Identität, Szene"
21,"bethlehem, hirten, inkarnation, christi, noel",36,1980-1984,Weihnachtsgeschichte: Geburt Jesu
22,"verführerischen gefährlichen, crowley, emotionalen abhängigkeit, verführerischen tödlichen, leidenschaftlicher hingabe",431,1980-1984,Femme Fatale: gefährliche Verführung und Selbstzerstörung
23,"kaliforniens, mardi, mardi gras, bop, brother john",25,1980-1984,Amerikanische Reise‑ und Freiheitslyrik
24,"erdrückenden beziehung, ringen selbstbehauptung, enough enough, out door, jett",223,1980-1984,Selbstbefreiung aus toxischer Beziehung
25,"over rainbow, blackbird, ikarus, somewhere over, flieg",173,1980-1984,"Flug über Regenbogen, Begrenzungen"
26,"begegnung geliebten, liebe allumfassende, liebe alltägliche, liebesmanifest, shine shine",253,1980-1984,Allumfassende kosmische Liebesbegegnung
27,"tri, 14, teenage dream, beiden enden, coming soon",62,1980-1984,"Mütterliche Liebe, Rollen, Vaterabwesenheit"
28,"bullfrog, benny, louise, happy hour, bruno",68,1980-1984,"Alkohol, Bar, Herzschmerz, Flucht"
29,"goody, foolin, fool love, kind fool, wort fool",125,1980-1984,Selbstbezeichnung als Narr in Beziehungen
30,"leitung, anrufer, operator, anrufs, up phone",145,1980-1984,Telefonische Kommunikation und Entfremdung
31,"jugendlicher verliebtheit, jahr 1983, jahr 1981, liebesmanifest, jahr 1982",606,1980-1984,Jugendliche Pop‑Liebeserklärung
32,"feel up, wilden jahre, kindsein, easy street, rades",103,1980-1984,Nostalgischer Rückblick: Kindheit & Erwachsensein
33,"spuren schnee, love games, winter day, chilly, know at",22,1980-1984,Wintersturm und heimische Geborgenheit
34,"sandman, sandmanns, beautiful boy, harris, sandmann",5,1980-1984,Sandmann – nächtliches Schlaflied
35,"computer, frühen 1980er, kommentar entfremdung, bürokratie, algorithmen",747,1980-1984,Digitale Entfremdung und Bürokratie
36,"gold entfaltet, gold gold, ewigen lichts, karat gold, unvergängliches",13,1980-1984,Goldene Alchemie der Liebe
38,"kartenspiels, spades, glücksspiels, roulette, kartenspiel",64,1980-1984,"Kartenspiele, Würfel und Roulette"
39,"amerikanischen traums, kennedy, indigenen, american dream, frühen 1980er",164,1980-1984,"Amerikas Patriotismus, Indigene und Schuld"
40,"stand by, bekenntnis bedingungsloser, partner bereit, bedingungsloser unterstützung, liebe romantische",161,1980-1984,Bedingungslose Unterstützung und Verlässlichkeit
41,"sung, boy blues, young boy, felt more, like willow",29,1980-1984,Blues-Textanalyse: Verlust und Sehnsucht
42,"reiter, reiters, wilden westens, prärie, miguel",61,1980-1984,"Western‑Mythos, Prärie, Rodeo, Reiter"
43,"autumn, laterne, ende sommers, randy, herbstlichen",69,1980-1984,Herbstliche Symbolik von Verlust
45,"huck, blue water, wobei wasser, fluss steht, fließenden wassers",73,1980-1984,Fluss‑Metaphern in Liedtexten
46,"body language, naughty, looky, jahr 1983, synth pop",329,1980-1984,Erotische Süßmetaphern in Pop
48,"los los, tonk, honky tonk, honky, chinatown",141,1980-1984,"New York: Stadt, Kultur, Musik"
49,"blue blue, blue day, wort blue, nylon, baby blue",49,1980-1984,Blaues Symbol für Traurigkeit
50,"nowhere run, rebecca, keep running, liverpool, godzilla",284,1980-1984,Ständige Flucht und innere Zerrissenheit
51,"xanadu, shangri, shangri la, raumfahrt, zehn zehn",79,1980-1984,Weltraum‑Utopie Shangri‑La
52,"browns, james browns, payback, popcorn, rapp",18,1980-1984,Funk‑Call‑Response bei James Brown
53,"frühen hip, mcs, sugarhill, kurtis, sucker",23,1980-1984,Busta Rhymes: Aggressive Street‑Hip‑Hop Analyse
55,"hollywoods, honky tonk, honky, tonk, sweet jane",39,1980-1984,Hollywood‑Glanz und Vergänglichkeit
56,"silent night, holy night, christi, weihnachtsbotschaft, love pure",7,1980-1984,Stille Nacht – Heilige Geburt
57,"zappa, zappas, zappa nutzt, bissiger, frühen 1980er",287,1980-1984,Zappa‑Ästhetik und satirische Provokation
58,"blüht, ewige feuer, segel wind, rose entfaltet, rote rose",37,1980-1984,Rote Rosen Symbolik in Liedern
59,"masquerade, pretender, great pretender, bruce, no control",117,1980-1984,Fassade vs innere Verzweiflung
60,"eisbär, cold outside, icehouse, eiszeit, cold heart",74,1980-1984,"Kälte außen, Herz erstarrt"
62,"schmetterlings, schmetterling, gewächshaus, joanie, caterpillar",14,1980-1984,Schmetterlingssymbolik in zwischenmenschlichen Beziehungen
63,"sensimilla, ub40, moralische verstrickungen, ambivalenz gefangenschaft, jemand gefühl",2,1980-1984,Urbaner Rap und soziale Dynamik
64,"jingle, sleigh, jingle bells, weihnachtslied, klassisches weihnachtslied",16,1980-1984,Klassisches Weihnachtslied mit Schlitten
-1,"gig, 1985, jahr 1985, spanish, 1988",3821,1985-1989,Gig‑Dialog: Weibliche Eifersucht im Dancehall
0,"monolog zerrissenheit, monolog erinnerung, monolog verzweiflung, monolog verlangen, love monolog",994,1985-1989,Zerrissener innerer Monolog und Selbstreflexion
1,"tanzkultur, körperliche bewegung, jahre clubkultur, rave, tanzen akt",315,1985-1989,Rave‑Kultur: kollektiver Tanz
2,"äußere wetter, nutzt regens, let rain, wetterphänomen, regens steht",149,1985-1989,Regen als Symbol gebrochener Liebe
3,"weihnachtszeit, weihnachtsfest, claus, santa claus, merry christmas",68,1985-1989,Weihnachtszeitliche Symbolik und Gemeinschaft
4,"love sale, tism, bissiger, gabi, bissiger kommentar",235,1985-1989,Bissige Satire über Geldliebe
5,"cheeba, hooptie, cannabis, spliff, out jungle",32,1985-1989,"Straßenrap: Luxus, Drogen, Gewalt"
6,"fahrzeugs, beep, freeway, mercury, harley",126,1985-1989,"Fahrzeug, Fahrer und Mobilität"
7,"liebe allumfassende, liebesmanifest, klassisches liebesbekenntnis, überschwängliches bekenntnis, romantische ideologie",589,1985-1989,Allumfassendes Liebesmanifest
8,"zugfahrt, lokomotive, choo, eisenbahn, voranschreiten lebens",74,1985-1989,Zugmetaphern in moderner Musik
9,"bleibt düsteres, art noise, zerrissenheit reihe, selbstzerstörung verzweifelten, cain",411,1985-1989,"Zerrissene Psyche, Selbstzerstörung, innere Qual"
10,"christlicher, bekenntnis christlicher, al green, hagens, vertrauen göttliche",108,1985-1989,Christliche Glaubensbekenntnis und Anbetung
11,"fire love, lodernden, verzehrende, feuers steht, hearts fire",153,1985-1989,Feuer als Metapher für Liebe
12,"angel eyes, wort angel, fallen angel, gefallenen engels, engel nacht",64,1985-1989,Engel‑Ikonografie: Reinheit und Fall
13,"bevölkerung, eindringlicher protest, umweltzerstörung, regime, nukleare",545,1985-1989,Umweltzerstörung: Protest der Bevölkerung
14,"mond steht, sommerliebe, luna, moon poetisches, mondlichts",100,1985-1989,Sommerliebe im Mondlicht
15,"apartheid, jah, kollektive gewissen, tosh, leidenschaftlicher aufruf",291,1985-1989,Kollektiver Aufruf zur Gerechtigkeit
16,"avalon, seemanns, schiffes, sailor, hafens",183,1985-1989,"Maritime Reisen, Mythen und Hafen"
17,"istanbul, way home, fernweh, heim ort, hans",123,1985-1989,Heimweh und Rückkehr
18,"innenleben sehnsucht, love zerrissenes, einst intensiven, love inneres, liebesbild",1549,1985-1989,"Zerrissenes Innenleben, unerwiderte Liebe"
19,"manifestierter aufruf, manifestes, motivierender, gestalten anstatt, botschaft selbstermächtigung",360,1985-1989,Aufruf zur Selbstbestimmung und Resilienz
20,"mix lot, sir mix, everlast, mcs, hop szene",43,1985-1989,"Deutschrap: Gewalt, Identität, Szene"
21,"bethlehem, christi, hirten, noel, inkarnation",28,1985-1989,Weihnachtsgeschichte: Geburt Jesu
22,"femme, anziehung gefahr, verführerischen zerstörerischen, verlangen gefahr, verlangen selbstzerstörung",475,1985-1989,Femme Fatale: gefährliche Verführung und Selbstzerstörung
23,"kansas, kansas city, kaliforniens, amarillo, re mi",25,1985-1989,Amerikanische Reise‑ und Freiheitslyrik
24,"over now, ende toxischen, befreiung toxischen, erdrückenden beziehung, ausflüchte",222,1985-1989,Selbstbefreiung aus toxischer Beziehung
25,"broken wings, hoffnung vielfalt, lerche, flamingo, regenbogen steht",138,1985-1989,"Flug über Regenbogen, Begrenzungen"
26,"begegnung geliebten, wings love, love entfaltet, zweier seelen, amore",278,1985-1989,Allumfassende kosmische Liebesbegegnung
27,"jünger, ersatzfigur, großvaters, nachdenklicher dialog, walk like",53,1985-1989,"Mütterliche Liebe, Rollen, Vaterabwesenheit"
28,"dorothy, trinkverhalten, duet, liquor store, tavern",47,1985-1989,"Alkohol, Bar, Herzschmerz, Flucht"
29,"hearsay, fooled, anschuldigungen, can fool, rumour",92,1985-1989,Selbstbezeichnung als Narr in Beziehungen
30,"call name, leitung, hotline, back baby, up phone",116,1985-1989,Telefonische Kommunikation und Entfremdung
31,"jugendlicher verliebtheit, synth pop, pop ära, jahre pop, späte 80er",592,1985-1989,Jugendliche Pop‑Liebeserklärung
32,"loco, childhood, unbeschwerte phase, easy street, durham",111,1985-1989,Nostalgischer Rückblick: Kindheit & Erwachsensein
33,"fußspuren, time year, winter steht, born wind, eidechse",28,1985-1989,Wintersturm und heimische Geborgenheit
34,"sandmann, schlaflied, la le, zärtliches wiegenlied, le lu",21,1985-1989,Sandmann – nächtliches Schlaflied
35,"computer, bevölkerung, bürokratie, kritisiert entfremdung, bildschirme",556,1985-1989,Digitale Entfremdung und Bürokratie
36,"goldmine, daytona, diamonds are, gold mine, like diamonds",17,1985-1989,Goldene Alchemie der Liebe
37,"long beach, snoop, darstellen bezugnahme, dichotomes weltbild, feind klar",1,1985-1989,Westküsten‑Gangsta‑Rap von Snoop Dog​g
38,"lady luck, roulette, gambler, kartenspiels, kartenspiel",41,1985-1989,"Kartenspiele, Würfel und Roulette"
39,"amerikanischen traums, patriotismus, kommentar amerikanischen, amerikas, indigenen",140,1985-1989,"Amerikas Patriotismus, Indigene und Schuld"
40,"bekenntnis bedingungsloser, stand by, bedingungsloser unterstützung, zusage ll, two hearts",253,1985-1989,Bedingungslose Unterstützung und Verlässlichkeit
41,"st pauli, pauli, blues genre, agent, blues zerrissenheit",14,1985-1989,Blues-Textanalyse: Verlust und Sehnsucht
42,"jennings, prärie, wild horses, wilden westens, 61",49,1985-1989,"Western‑Mythos, Prärie, Rodeo, Reiter"
43,"herbstes, indian, sommerliebe, if go, foggy",89,1985-1989,Herbstliche Symbolik von Verlust
45,"fluss steht, agua, tupelo, muddy, muddy water",100,1985-1989,Fluss‑Metaphern in Liedtexten
46,"körperliche verlangen, erotik, cover girl, ästhetik späten, contact",267,1985-1989,Erotische Süßmetaphern in Pop
48,"los los, honky, tonk, chinatown, honky tonk",111,1985-1989,"New York: Stadt, Kultur, Musik"
49,"indigo, black blue, blue blue, wort blue, blue monolog",67,1985-1989,Blaues Symbol für Traurigkeit
50,"revival, running scared, mind over, blueprint, straw",221,1985-1989,Ständige Flucht und innere Zerrissenheit
51,"shangri, shangri la, wahre paradies, volare, sahara",87,1985-1989,Weltraum‑Utopie Shangri‑La
52,"browns, james browns, godfather, full force, get busy",13,1985-1989,Funk‑Call‑Response bei James Brown
53,"ll cool, mcs, frühen hip, jeff, hop szene",108,1985-1989,Busta Rhymes: Aggressive Street‑Hip‑Hop Analyse
55,"hollywoods, camping, buckle up, tinsel, natur erfolgs",25,1985-1989,Hollywood‑Glanz und Vergänglichkeit
56,"silent night, holy night, hirten, weihnachtsbotschaft, mild",10,1985-1989,Stille Nacht – Heilige Geburt
57,"zappa, zappas, chad, macho, zappa nutzt",221,1985-1989,Zappa‑Ästhetik und satirische Provokation
58,"blüht, red roses, rose entfaltet, mohn, rote rose",45,1985-1989,Rote Rosen Symbolik in Liedern
59,"wrecking ball, wrecking, masquerade, not scared, mistaken",77,1985-1989,Fassade vs innere Verzweiflung
60,"cold outside, eisbrecher, gefrorene, frosts, break ice",81,1985-1989,"Kälte außen, Herz erstarrt"
62,"schmetterlings, schmetterling, flüchtiges wesen, arm geliebten, meant free",7,1985-1989,Schmetterlingssymbolik in zwischenmenschlichen Beziehungen
63,"homies, materielle notlagen, kaum außen, betonung gegenseitiger, ungeschönten sprache",1,1985-1989,Urbaner Rap und soziale Dynamik
64,"jingle, sleigh, one horse, used know, schlittenfahrt",6,1985-1989,Klassisches Weihnachtslied mit Schlitten
-1,"gig, jahr 1992, 90er jahren, 80er frühen, meditativer dialog",4496,1990-1994,Gig‑Dialog: Weibliche Eifersucht im Dancehall
0,"monolog sprecherin, monolog zerrissenheit, monolog verlangen, monolog verzweiflung, monolog erinnerung",1198,1990-1994,Zerrissener innerer Monolog und Selbstreflexion
1,"rave, euro dance, manifest frühen, körperliche bewegung, tanzmusik",458,1990-1994,Rave‑Kultur: kollektiver Tanz
2,"nutzt regens, äußere wetter, regen reinigung, rain monolog, let rain",184,1990-1994,Regen als Symbol gebrochener Liebe
3,"merry christmas, weihnachtszeit, weihnachtsfest, mistelzweig, claus",139,1990-1994,Weihnachtszeitliche Symbolik und Gemeinschaft
4,"bissiger, bissiger kommentar, liebe geld, kunden, werner",242,1990-1994,Bissige Satire über Geldliebe
5,"snip, pimp, niggas, ultraviolet, swap",74,1990-1994,"Straßenrap: Luxus, Drogen, Gewalt"
6,"harley, fahrzeugs, driver, fahrers, motorrad",111,1990-1994,"Fahrzeug, Fahrer und Mobilität"
7,"liebe allumfassende, liebesmanifest, überschwängliches bekenntnis, wodurch liebe, intensives bekenntnis",725,1990-1994,Allumfassendes Liebesmanifest
8,"zugfahrt, choo, eisenbahn, this train, voranschreiten lebens",91,1990-1994,Zugmetaphern in moderner Musik
9,"selbstzerstörung verzweifelten, bleibt düsteres, jailer, spiegelns, zerrissenheit reihe",564,1990-1994,"Zerrissene Psyche, Selbstzerstörung, innere Qual"
10,"christlicher, beziehung gott, bekenntnis christlicher, vertrauen göttliche, ave maria",92,1990-1994,Christliche Glaubensbekenntnis und Anbetung
11,"stir, loderndes, burning up, lodernde, stir up",129,1990-1994,Feuer als Metapher für Liebe
12,"angel eyes, reinheit schutz, anrede angel, engel figur, are angel",53,1990-1994,Engel‑Ikonografie: Reinheit und Fall
13,"bevölkerung, eindringlicher protest, ökologischen, umweltzerstörung, entwirft düsteres",612,1990-1994,Umweltzerstörung: Protest der Bevölkerung
14,"mondlichts, sommerliebe, luna, sommerromanze, summer love",107,1990-1994,Sommerliebe im Mondlicht
15,"kollektive gewissen, jah, leidenschaftlicher aufruf, nationale grenzen, mitzuwirken",382,1990-1994,Kollektiver Aufruf zur Gerechtigkeit
16,"segelns, sail away, maritimen, schiffes, hafens",222,1990-1994,"Maritime Reisen, Mythen und Hafen"
17,"way home, heimweh, otto, heim ort, like home",164,1990-1994,Heimweh und Rückkehr
18,"innenleben sehnsucht, intensives innenleben, intensives ringen, einst intensiven, love inneres",1652,1990-1994,"Zerrissenes Innenleben, unerwiderte Liebe"
19,"manifestes, manifestierter aufruf, gestalten anstatt, passiv verharren, aufruf bewussten",442,1990-1994,Aufruf zur Selbstbestimmung und Resilienz
20,"deutschen hip, hop szene, mcs, fantastischen vier, rap szene",95,1990-1994,"Deutschrap: Gewalt, Identität, Szene"
21,"hirten, bethlehem, christi, noel, inkarnation",69,1990-1994,Weihnachtsgeschichte: Geburt Jesu
22,"femme, verführerischen zerstörerischen, femme fatale, fatale, hoodoo",454,1990-1994,Femme Fatale: gefährliche Verführung und Selbstzerstörung
23,"kentucky, kaliforniens, mardi, mardi gras, louisiana",21,1990-1994,Amerikanische Reise‑ und Freiheitslyrik
24,"erdrückenden beziehung, befreiung toxischen, betrugs, ringen selbstbehauptung, ende toxischen",245,1990-1994,Selbstbefreiung aus toxischer Beziehung
25,"over rainbow, blackbird, pegasus, little wing, nachtigall",219,1990-1994,"Flug über Regenbogen, Begrenzungen"
26,"begegnung geliebten, love entfaltet, präsenz geliebten, transzendentalen liebe, zweier seelen",360,1990-1994,Allumfassende kosmische Liebesbegegnung
27,"abwesenden vater, problem child, pap, nachdenklicher dialog, father son",76,1990-1994,"Mütterliche Liebe, Rollen, Vaterabwesenheit"
28,"tubby, alcohol, trink, loose change, oom",63,1990-1994,"Alkohol, Bar, Herzschmerz, Flucht"
29,"goody, not love, rumour, fooling, kind fool",82,1990-1994,Selbstbezeichnung als Narr in Beziehungen
30,"operator, please go, need tonight, baby verzweifelter, back baby",107,1990-1994,Telefonische Kommunikation und Entfremdung
31,"jugendlicher verliebtheit, jugendlicher leidenschaft, offenbaren tieferes, liebesmanifest, pop ballade",512,1990-1994,Jugendliche Pop‑Liebeserklärung
32,"rades, unbeschwertheit kindheit, hans, älterwerdens, pure simple",134,1990-1994,Nostalgischer Rückblick: Kindheit & Erwachsensein
33,"frightful, delightful, nutzt winterliche, schneegestöber, winterliche wetter",34,1990-1994,Wintersturm und heimische Geborgenheit
34,"sandmann, nächtliches wiegenlied, zärtliches wiegenlied, schlaflied, lullaby entfaltet",35,1990-1994,Sandmann – nächtliches Schlaflied
35,"bildschirme, bissiger, bevölkerung, bitter sarkastischer, computer",614,1990-1994,Digitale Entfremdung und Bürokratie
36,"herz gold, as gold, pyramide, pyramid, fool gold",17,1990-1994,Goldene Alchemie der Liebe
37,"snoop, dogg, cypress, cypress hill, snoop dogg",29,1990-1994,Westküsten‑Gangsta‑Rap von Snoop Dog​g
38,"glücksspiels, kartenspiels, kartenspiel, roulette, spielers",52,1990-1994,"Kartenspiele, Würfel und Roulette"
39,"amerikanischen traums, indigenen, cherokee, demokratie, american dream",119,1990-1994,"Amerikas Patriotismus, Indigene und Schuld"
40,"bekenntnis bedingungsloser, stay together, stand by, bedingungslose unterstützung, bekenntnis bedingungslose",258,1990-1994,Bedingungslose Unterstützung und Verlässlichkeit
41,"boy blues, singen blues, wort blues, poor boy, musikalisches genre",47,1990-1994,Blues-Textanalyse: Verlust und Sehnsucht
42,"amerikanischen westens, prärie, reiter, indianer, jesse james",67,1990-1994,"Western‑Mythos, Prärie, Rodeo, Reiter"
43,"autumn, autumn leaves, laubs, indian summer, sommerwind",102,1990-1994,Herbstliche Symbolik von Verlust
45,"fluss steht, by river, riverside, unaufhaltsamen strom, walk water",124,1990-1994,Fluss‑Metaphern in Liedtexten
46,"euro dance, beispiel frühe, frühe 90er, körperliche lust, body talk",297,1990-1994,Erotische Süßmetaphern in Pop
48,"los los, york city, chinatown, urbaner entfremdung, philadelphia",129,1990-1994,"New York: Stadt, Kultur, Musik"
49,"indigo, baby blue, blue blue, blue inneres, no sunshine",72,1990-1994,Blaues Symbol für Traurigkeit
50,"monolog zerrissenheit, liverpool, ausgestoßenen, reed, swirl",287,1990-1994,Ständige Flucht und innere Zerrissenheit
51,"raumschiff, paradies ort, aliens, astronaut, shangri",84,1990-1994,Weltraum‑Utopie Shangri‑La
52,"browns, james browns, any harder, godfather, make funky",13,1990-1994,Funk‑Call‑Response bei James Brown
53,"mcs, ll cool, wu, 90er hip, wu tang",187,1990-1994,Busta Rhymes: Aggressive Street‑Hip‑Hop Analyse
55,"mae, hollywoods, honky tonkin, tonkin, honky",14,1990-1994,Hollywood‑Glanz und Vergänglichkeit
56,"silent night, holy night, weihnachtsbotschaft, christi, geburt christi",29,1990-1994,Stille Nacht – Heilige Geburt
57,"zappa, zappas, überspitztes, moo, satirischer kommentar",269,1990-1994,Zappa‑Ästhetik und satirische Provokation
58,"anastasia, barbara, blüht, lena, rose steht",47,1990-1994,Rote Rosen Symbolik in Liedern
59,"show must, spuren tränen, must go, sabotage, ramshackle",117,1990-1994,Fassade vs innere Verzweiflung
60,"cold outside, cold heart, cold cold, harley, vater schwester",75,1990-1994,"Kälte außen, Herz erstarrt"
62,"schmetterlings, schmetterling, rosengarten, sommertagen, freiheit zerbrechlichkeit",8,1990-1994,Schmetterlingssymbolik in zwischenmenschlichen Beziehungen
63,"nas, 2pac, niggas, queensbridge, compton",42,1990-1994,Urbaner Rap und soziale Dynamik
64,"jingle, sleigh, weihnachtslied, weihnachtskarten, jingle bells",21,1990-1994,Klassisches Weihnachtslied mit Schlitten
-1,"gig, sailor, euro dance, späten 90er, 1998",5121,1995-1999,Gig‑Dialog: Weibliche Eifersucht im Dancehall
0,"monolog verzweiflung, monolog zerrissenheit, monolog sprecherin, monolog selbstzweifeln, monolog erinnerung",1756,1995-1999,Zerrissener innerer Monolog und Selbstreflexion
1,"rave, euro dance, beispiel späte, scooter, körperliche bewegung",594,1995-1999,Rave‑Kultur: kollektiver Tanz
2,"nutzt regens, let rain, nutzt wetter, äußere wetter, raining",167,1995-1999,Regen als Symbol gebrochener Liebe
3,"weihnachtszeit, merry christmas, weihnachtsfest, weihnachtsmann, mistelzweig",207,1995-1999,Weihnachtszeitliche Symbolik und Gemeinschaft
4,"bissiger, buy love, bissiger kommentar, prominenz, überspitztes",278,1995-1999,Bissige Satire über Geldliebe
5,"niggas, straßenlebens, finanzieller unabhängigkeit, schießereien, streben finanzieller",248,1995-1999,"Straßenrap: Luxus, Drogen, Gewalt"
6,"driver, fortbewegungsmittel, motorrad, verlangen geschwindigkeit, fahrers",165,1995-1999,"Fahrzeug, Fahrer und Mobilität"
7,"liebe allumfassende, liebesmanifest, klassisches liebesmanifest, dimension liebe, klassisches bekenntnis",909,1995-1999,Allumfassendes Liebesmanifest
8,"zugfahrt, lokomotive, choo, choo choo, gleis",76,1995-1999,Zugmetaphern in moderner Musik
9,"selbstzerstörung verzweifelten, breakdown, intensives innenleben, zerrissenen psyche, samurai",839,1995-1999,"Zerrissene Psyche, Selbstzerstörung, innere Qual"
10,"christlicher, christi, ave, beziehung gott, bekenntnis christlicher",138,1995-1999,Christliche Glaubensbekenntnis und Anbetung
11,"fire entfaltet, spiel feuer, entfaltet leidenschaftlicher, ana, feuers intensive",112,1995-1999,Feuer als Metapher für Liebe
12,"angel eyes, reinheit schutz, angel entfaltet, fallen angel, gefallenen engels",102,1995-1999,Engel‑Ikonografie: Reinheit und Fall
13,"bevölkerung, eindringlicher protest, umweltzerstörung, wütender protest, entwirft düsteres",536,1995-1999,Umweltzerstörung: Protest der Bevölkerung
14,"moon entfaltet, blue moon, dream little, little dream, mondlichts",116,1995-1999,Sommerliebe im Mondlicht
15,"jah, mitzuwirken, ungerechtigkeiten, zukunft gestalten, kollektive gewissen",314,1995-1999,Kollektiver Aufruf zur Gerechtigkeit
16,"avalon, schiffes, segelns, sail away, seereise",236,1995-1999,"Maritime Reisen, Mythen und Hafen"
17,"like home, way home, ort emotionaler, this house, wahre zuhause",189,1995-1999,Heimweh und Rückkehr
18,"innenleben sehnsucht, intensives ringen, love inneres, intensives innenleben, unerwiderter liebe",1838,1995-1999,"Zerrissenes Innenleben, unerwiderte Liebe"
19,"manifestes, aufruf bewussten, motivierender, verantwortung leben, manifestierter aufruf",502,1995-1999,Aufruf zur Selbstbestimmung und Resilienz
20,"mcs, hop szene, deutschen hip, deutschen rap, rap szene",199,1995-1999,"Deutschrap: Gewalt, Identität, Szene"
21,"bethlehem, hirten, christi, inkarnation, geburt jesu",86,1995-1999,Weihnachtsgeschichte: Geburt Jesu
22,"verlangen selbstschutz, verlangen selbstzerstörung, addiction, beziehung verlangen, emotionalen abhängigkeit",454,1995-1999,Femme Fatale: gefährliche Verführung und Selbstzerstörung
23,"kentucky, kaliforniens, bluegrass, idaho, alabama",27,1995-1999,Amerikanische Reise‑ und Freiheitslyrik
24,"befreiung toxischen, ringen selbstbehauptung, erdrückenden beziehung, passiver opferrolle, ende toxischen",363,1995-1999,Selbstbefreiung aus toxischer Beziehung
25,"over rainbow, fliegen akt, überwinden begrenzungen, blackbird, ikarus",304,1995-1999,"Flug über Regenbogen, Begrenzungen"
26,"begegnung geliebten, wodurch liebe, love entfaltet, zweier seelen, liebesmanifest",439,1995-1999,Allumfassende kosmische Liebesbegegnung
27,"mutter quelle, emotionales tribut, teddy, sohn beziehung, mütterliche liebe",85,1995-1999,"Mütterliche Liebe, Rollen, Vaterabwesenheit"
28,"one baby, barkeeper, johnnie, alcohol, charley",55,1995-1999,"Alkohol, Bar, Herzschmerz, Flucht"
29,"fool love, goody, blöd, kind fool, foolish heart",80,1995-1999,Selbstbezeichnung als Narr in Beziehungen
30,"baby come, cry baby, up phone, long distance, wobei telefon",122,1995-1999,Telefonische Kommunikation und Entfremdung
31,"jugendlicher verliebtheit, typisches pop, euro dance, jugendlicher leidenschaft, beispiel späte",605,1995-1999,Jugendliche Pop‑Liebeserklärung
32,"lääve, flower child, childhood, erwachsenseins, forever young",172,1995-1999,Nostalgischer Rückblick: Kindheit & Erwachsensein
33,"frightful, eisblumen, nutzt winterliche, schneeflocken, delightful",51,1995-1999,Wintersturm und heimische Geborgenheit
34,"sandmann, schlaf wiegt, kind schlaf, zärtliches wiegenlied, nächtliches wiegenlied",36,1995-1999,Sandmann – nächtliches Schlaflied
35,"bevölkerung, algorithmen, kaleidoskopischer kommentar, computer, bildschirme",722,1995-1999,Digitale Entfremdung und Bürokratie
36,"wanderin, once had, diamanten sand, black diamond, avatar",10,1995-1999,Goldene Alchemie der Liebe
37,"snoop, dogg, snoop dogg, west coast, cypress",90,1995-1999,Westküsten‑Gangsta‑Rap von Snoop Dog​g
38,"lady luck, kartenspiels, würfel, gambler, queen hearts",50,1995-1999,"Kartenspiele, Würfel und Roulette"
39,"amerikanischen traums, american dream, jonny, miss america, indigenen",100,1995-1999,"Amerikas Patriotismus, Indigene und Schuld"
40,"bekenntnis bedingungsloser, bedingungsloser unterstützung, bekenntnis bedingungslose, unerschütterlicher loyalität, wants live",319,1995-1999,Bedingungslose Unterstützung und Verlässlichkeit
41,"house blues, blues tradition, wort blues, morning blues, mailman",27,1995-1999,Blues-Textanalyse: Verlust und Sehnsucht
42,"dixie, reiter, wild horses, crockett, klassische western",53,1995-1999,"Western‑Mythos, Prärie, Rodeo, Reiter"
43,"herbstes, autumn, sommerwind, laubs, frühjahr",105,1995-1999,Herbstliche Symbolik von Verlust
45,"by river, fluss steht, undertow, underwater, umspült",135,1995-1999,Fluss‑Metaphern in Liedtexten
46,"euro dance, dance ära, beispiel euro, sexual, körperliche verlangen",303,1995-1999,Erotische Süßmetaphern in Pop
48,"los los, harlem, york city, honky, tonk",123,1995-1999,"New York: Stadt, Kultur, Musik"
49,"indigo, no sunshine, wort blue, shade blue, blue inneres",83,1995-1999,Blaues Symbol für Traurigkeit
50,"ready made, hee, kaleidoskopisches fragment, bugs, topsy",307,1995-1999,Ständige Flucht und innere Zerrissenheit
51,"spaceman, raumschiff, neverland, karawane, imaginäres refugium",106,1995-1999,Weltraum‑Utopie Shangri‑La
52,"browns, james browns, funk ästhetik, study, fred",7,1995-1999,Funk‑Call‑Response bei James Brown
53,"busta, busta rhymes, wu, tang, wu tang",311,1995-1999,Busta Rhymes: Aggressive Street‑Hip‑Hop Analyse
54,"deluxe, samy, samy deluxe, rap handwerk, verstopfung",4,1995-1999,Samy Deluxe und deutsche Rapszene
55,"hollywoods, bayern, falstaff, dolores, holly",22,1995-1999,Hollywood‑Glanz und Vergänglichkeit
56,"silent night, holy night, christi, geburt christi, weihnachtsbotschaft",34,1995-1999,Stille Nacht – Heilige Geburt
57,"zappa, überspitztes, zappas, bloodhound, fettes",373,1995-1999,Zappa‑Ästhetik und satirische Provokation
58,"rose steht, barbara, blümchen, rose entfaltet, ramblin",69,1995-1999,Rote Rosen Symbolik in Liedern
59,"camouflage, flipside, mug, voyeur, björk",156,1995-1999,Fassade vs innere Verzweiflung
60,"cold outside, mandy, ramona, gefrorene, freezing",79,1995-1999,"Kälte außen, Herz erstarrt"
62,"schmetterlings, schmetterling, kribbeln, leichtigkeit schönheit, butterfly kisses",16,1995-1999,Schmetterlingssymbolik in zwischenmenschlichen Beziehungen
63,"nas, dmx, niggas, thugs, 2pac",145,1995-1999,Urbaner Rap und soziale Dynamik
64,"jingle, sleigh, jingle bells, weihnachtskarten, weihnachtslied",36,1995-1999,Klassisches Weihnachtslied mit Schlitten
-1,"gig, wyclef, sean, sean paul, 2000er jahren",6014,2000-2004,Gig‑Dialog: Weibliche Eifersucht im Dancehall
0,"monolog verzweiflung, monolog sprecherin, monolog zerrissenheit, monolog verlangen, monolog erinnerung",2067,2000-2004,Zerrissener innerer Monolog und Selbstreflexion
1,"frühe 2000er, tanzmusik, beispiel frühe, rave, djs",684,2000-2004,Rave‑Kultur: kollektiver Tanz
2,"nutzt regens, wetterphänomen, äußere wetter, raining, let rain",181,2000-2004,Regen als Symbol gebrochener Liebe
3,"weihnachtszeit, weihnachtsfest, merry christmas, weihnachtsmann, mistelzweig",218,2000-2004,Weihnachtszeitliche Symbolik und Gemeinschaft
4,"bissiger, bissiger kommentar, prominenz, ching, celebrity",340,2000-2004,Bissige Satire über Geldliebe
5,"gangsta, niggas, 50 cent, pimp, 2000er hip",381,2000-2004,"Straßenrap: Luxus, Drogen, Gewalt"
6,"mercury, driver, motoren, fahrers, mustang",128,2000-2004,"Fahrzeug, Fahrer und Mobilität"
7,"liebe allumfassende, liebesmanifest, intensives bekenntnis, wodurch liebe, klassisches liebesmanifest",887,2000-2004,Allumfassendes Liebesmanifest
8,"zugfahrt, love train, eisenbahn, gleis, choo",74,2000-2004,Zugmetaphern in moderner Musik
9,"selbstzerstörung verzweifelten, intensives innenleben, bleibt düsteres, zerrissenheit reihe, zerrissenen psyche",941,2000-2004,"Zerrissene Psyche, Selbstzerstörung, innere Qual"
10,"christlicher, theologische, jericho, christi, vertrauen göttliche",152,2000-2004,Christliche Glaubensbekenntnis und Anbetung
11,"light fire, eternal flame, leidenschaft zerstörung, wobei feuer, funeral",144,2000-2004,Feuer als Metapher für Liebe
12,"angel eyes, engel steht, schutzengels, fallen angel, angel entfaltet",126,2000-2004,Engel‑Ikonografie: Reinheit und Fall
13,"bevölkerung, eindringlicher protest, regime, wütender protest, dogmen",576,2000-2004,Umweltzerstörung: Protest der Bevölkerung
14,"sommerliebe, luna, sommerromanze, moon entfaltet, la luna",99,2000-2004,Sommerliebe im Mondlicht
15,"jah, rastafari, leidenschaftlicher aufruf, kollektive gewissen, manifestes",375,2000-2004,Kollektiver Aufruf zur Gerechtigkeit
16,"segelns, schiffes, sail away, möwen, avalon",206,2000-2004,"Maritime Reisen, Mythen und Hafen"
17,"heim ort, way home, ort emotionaler, like home, wahre zuhause",201,2000-2004,Heimweh und Rückkehr
18,"innenleben sehnsucht, intensives innenleben, sehnsucht selbstschutz, intensives ringen, sehnsucht selbstzweifeln",2148,2000-2004,"Zerrissenes Innenleben, unerwiderte Liebe"
19,"manifestes, manifestierter aufruf, manifestes bekenntnis, motivierender, botschaft selbstermächtigung",660,2000-2004,Aufruf zur Selbstbestimmung und Resilienz
20,"ferris, deutschen rap, deutschen hip, mcs, rap szene",353,2000-2004,"Deutschrap: Gewalt, Identität, Szene"
21,"hirten, bethlehem, christi, inkarnation, noel",61,2000-2004,Weihnachtsgeschichte: Geburt Jesu
22,"verlangen selbstschutz, kreislauf verlangen, verlangen selbstzerstörung, verführerischen gefährlichen, beziehung verlangen",544,2000-2004,Femme Fatale: gefährliche Verführung und Selbstzerstörung
23,"kaliforniens, kansas, kentucky, kansas city, basie",43,2000-2004,Amerikanische Reise‑ und Freiheitslyrik
24,"erdrückenden beziehung, befreiung toxischen, beziehung befreien, manifest selbstbefreiung, ende toxischen",454,2000-2004,Selbstbefreiung aus toxischer Beziehung
25,"blackbird, irdischen beschränkungen, over rainbow, überwinden begrenzungen, lerche",285,2000-2004,"Flug über Regenbogen, Begrenzungen"
26,"liebe kosmische, begegnung geliebten, liebeserfahrung, kraft geliebten, liebe transzendenter",456,2000-2004,Allumfassende kosmische Liebesbegegnung
27,"tic, toc, bindung mutter, tic toc, väterliche figur",103,2000-2004,"Mütterliche Liebe, Rollen, Vaterabwesenheit"
28,"barkeeper, letzte bier, jack ripper, sex with, ripper",67,2000-2004,"Alkohol, Bar, Herzschmerz, Flucht"
29,"fools love, fool love, not love, hopelessly, twitch",114,2000-2004,Selbstbezeichnung als Narr in Beziehungen
30,"sms, leitung, baby come, operator, up phone",140,2000-2004,Telefonische Kommunikation und Entfremdung
31,"jugendlicher verliebtheit, jugendlicher leidenschaft, typisches pop, bekenntnis jugendlicher, liebesmanifest",567,2000-2004,Jugendliche Pop‑Liebeserklärung
32,"rückblick unbeschwerte, rollercoaster, erwachsenseins, little one, craig",161,2000-2004,Nostalgischer Rückblick: Kindheit & Erwachsensein
33,"frightful, winterliche wetter, nutzt winterliche, delightful, gedämpfte",67,2000-2004,Wintersturm und heimische Geborgenheit
34,"sandmann, zärtliches wiegenlied, nächtliches wiegenlied, la le, le lu",37,2000-2004,Sandmann – nächtliches Schlaflied
35,"kommentar entfremdung, wütender protest, computer, bitter sarkastischer, bevölkerung",751,2000-2004,Digitale Entfremdung und Bürokratie
36,"gold entfaltet, heart gold, silver gold, schatzes, wertvollem",21,2000-2004,Goldene Alchemie der Liebe
37,"snoop, dogg, snoop dogg, west coast, gangsta",116,2000-2004,Westküsten‑Gangsta‑Rap von Snoop Dog​g
38,"mau, mau mau, würfel, kartenspiels, roulette",56,2000-2004,"Kartenspiele, Würfel und Roulette"
39,"amerikanischen traums, patriotische, patriotismus, american dream, indigenen",122,2000-2004,"Amerikas Patriotismus, Indigene und Schuld"
40,"bekenntnis bedingungsloser, stand by, bedingungsloser unterstützung, bekenntnis bedingungslose, klassisches bekenntnis",359,2000-2004,Bedingungslose Unterstützung und Verlässlichkeit
41,"blues ersten, bessie, blues musikalisches, musikalisches genre, have blues",38,2000-2004,Blues-Textanalyse: Verlust und Sehnsucht
42,"cowgirl, ranger, rodeo, reiter, prärie",57,2000-2004,"Western‑Mythos, Prärie, Rodeo, Reiter"
43,"autumn, fallenden blätter, herbstes, sommerwind, summer wind",131,2000-2004,Herbstliche Symbolik von Verlust
45,"fluss steht, waterfall, flusses fluss, stetige fließen, steht unbewusste",116,2000-2004,Fluss‑Metaphern in Liedtexten
46,"unmittelbarer körperlicher, biene, frühe 2000er, körperliche verlangen, körperlicher anziehung",407,2000-2004,Erotische Süßmetaphern in Pop
47,"bushido, unantastbarer, bushido positioniert, deutschen rap, sonny black",32,2000-2004,Bushido: Selbstinszenierung im deutschen Rap
48,"los los, york city, west virginia, new yorks, yorks",124,2000-2004,"New York: Stadt, Kultur, Musik"
49,"indigo, wort blue, no sunshine, blau traurigkeit, blue blue",55,2000-2004,Blaues Symbol für Traurigkeit
50,"run run, are born, some are, aufruf flucht, wort run",368,2000-2004,Ständige Flucht und innere Zerrissenheit
51,"shangri, shangri la, xanadu, raumfahrt, arabian",113,2000-2004,Weltraum‑Utopie Shangri‑La
52,"browns, beschrieben down, moralische dimensionen, stärkt authentizität, verantwortung bildung",2,2000-2004,Funk‑Call‑Response bei James Brown
53,"busta, busta rhymes, niggas, wu, eminems",451,2000-2004,Busta Rhymes: Aggressive Street‑Hip‑Hop Analyse
54,"samy, deluxe, samy deluxe, hamburg, deutschen hip",43,2000-2004,Samy Deluxe und deutsche Rapszene
55,"hollywoods, la land, inn, filmindustrie, filmwelt",31,2000-2004,Hollywood‑Glanz und Vergänglichkeit
56,"silent night, holy night, christi, geburt christi, weihnachtsbotschaft",33,2000-2004,Stille Nacht – Heilige Geburt
57,"zappa, deichkind, überspitztes, satirischer kommentar, pimp",431,2000-2004,Zappa‑Ästhetik und satirische Provokation
58,"rose steht, blüht, rut, schwarze rose, rose entfaltet",67,2000-2004,Rote Rosen Symbolik in Liedern
59,"leech, masquerade, tears clown, great pretender, pretender",181,2000-2004,Fassade vs innere Verzweiflung
60,"cold outside, cold cold, eisberg, cold heart, gefrorene",91,2000-2004,"Kälte außen, Herz erstarrt"
61,"aggro, fler, aggro berlin, spitze wobei, rand spitze",1,2000-2004,Deutschrap‑Battle: Farid Bang & Szene
62,"schmetterling, schmetterlings, schmetterlinge stehen, nervöse, butterblume",27,2000-2004,Schmetterlingssymbolik in zwischenmenschlichen Beziehungen
63,"nas, dmx, niggas, 2pac, ja rule",161,2000-2004,Urbaner Rap und soziale Dynamik
64,"jingle, sleigh, weihnachtszeit, jingle bells, used know",41,2000-2004,Klassisches Weihnachtslied mit Schlitten
65,"eko, eko fresh, savas, deutschen rap, deutschen hip",9,2000-2004,"Eko Fresh: Status, Kritik, Selbstinszenierung"
-1,"gig, sean, dancehall, sean paul, chakuza",6732,2005-2009,Gig‑Dialog: Weibliche Eifersucht im Dancehall
0,"monolog sprecherin, monolog verzweiflung, monolog erinnerung, monolog zerrissenheit, monolog resignation",2344,2005-2009,Zerrissener innerer Monolog und Selbstreflexion
1,"körperliche bewegung, tanzmusik, rave, späten 2000er, manifestierter aufruf",688,2005-2009,Rave‑Kultur: kollektiver Tanz
2,"äußere wetter, regens steht, nutzt regens, rain monolog, let rain",245,2005-2009,Regen als Symbol gebrochener Liebe
3,"weihnachtszeit, merry christmas, weihnachtsfest, claus, weihnachtsmanns",243,2005-2009,Weihnachtszeitliche Symbolik und Gemeinschaft
4,"bissiger, bissiger kommentar, prominenz, satirischer kommentar, celebrity",371,2005-2009,Bissige Satire über Geldliebe
5,"50 cent, niggas, illegale, hustlers, gangsta",522,2005-2009,"Straßenrap: Luxus, Drogen, Gewalt"
6,"driver, fahrzeugs, rodeo, pedal, auto freiheit",160,2005-2009,"Fahrzeug, Fahrer und Mobilität"
7,"liebe allumfassende, liebesmanifest, intensives bekenntnis, schnuffel, wodurch liebe",772,2005-2009,Allumfassendes Liebesmanifest
8,"zugfahrt, choo, lokomotive, choo choo, voranschreiten lebens",76,2005-2009,Zugmetaphern in moderner Musik
9,"selbstzerstörung verzweifelten, skelett, bleibt düsteres, sprache manifestiert, klaustrophobischen",1128,2005-2009,"Zerrissene Psyche, Selbstzerstörung, innere Qual"
10,"christlicher, vertrauen göttliche, christi, beziehung gott, bekenntnis christlicher",132,2005-2009,Christliche Glaubensbekenntnis und Anbetung
11,"wobei feuer, nutzt feuers, fiebers, verzehrende, lodernden",160,2005-2009,Feuer als Metapher für Liebe
12,"angel eyes, guardian angel, engel steht, guardian, little angel",101,2005-2009,Engel‑Ikonografie: Reinheit und Fall
13,"bevölkerung, eindringlicher protest, wütender protest, eliten, apokalypse",717,2005-2009,Umweltzerstörung: Protest der Bevölkerung
14,"sommerliebe, dream little, little dream, other words, sommerromanze",93,2005-2009,Sommerliebe im Mondlicht
15,"jah, nneka, leidenschaftlicher aufruf, kollektive gewissen, rastafari",439,2005-2009,Kollektiver Aufruf zur Gerechtigkeit
16,"segelns, avalon, sail away, piraten, seemanns",235,2005-2009,"Maritime Reisen, Mythen und Hafen"
17,"heimweh, way home, winding, long winding, winding road",222,2005-2009,Heimweh und Rückkehr
18,"innenleben sehnsucht, intensives innenleben, sehnsucht selbstschutz, zerrissene innenleben, love inneres",2340,2005-2009,"Zerrissenes Innenleben, unerwiderte Liebe"
19,"manifestierter aufruf, manifestes, aufruf bewussten, champion, gestalten anstatt",847,2005-2009,Aufruf zur Selbstbestimmung und Resilienz
20,"deutschen rap, deutschen hip, rap szene, sido, savas",478,2005-2009,"Deutschrap: Gewalt, Identität, Szene"
21,"hirten, bethlehem, christi, noel, inkarnation",90,2005-2009,Weihnachtsgeschichte: Geburt Jesu
22,"verlangen selbstschutz, addiction, ringen verlangen, beziehung verlangen, verlangen selbstzerstörung",654,2005-2009,Femme Fatale: gefährliche Verführung und Selbstzerstörung
23,"kaliforniens, kansas city, kansas, louisiana, kalifornien steht",51,2005-2009,Amerikanische Reise‑ und Freiheitslyrik
24,"befreiung toxischen, erdrückenden beziehung, better off, einseitigen beziehung, ringen selbstbehauptung",573,2005-2009,Selbstbefreiung aus toxischer Beziehung
25,"blackbird, over rainbow, fliegen steht, somewhere over, sternwunsches",280,2005-2009,"Flug über Regenbogen, Begrenzungen"
26,"begegnung geliebten, sternschnuppe, liebe alltägliche, liebeserfahrung, liebe transzendenter",459,2005-2009,Allumfassende kosmische Liebesbegegnung
27,"rolle mutter, mutter quelle, mütterlicher liebe, fatima, vater kind",115,2005-2009,"Mütterliche Liebe, Rollen, Vaterabwesenheit"
28,"bulldog, red wine, pandora, wobei alkohol, nächtlichen bar",65,2005-2009,"Alkohol, Bar, Herzschmerz, Flucht"
29,"win again, only fool, fools like, fool love, fool bezeichnet",97,2005-2009,Selbstbezeichnung als Narr in Beziehungen
30,"ring ring, cry baby, telefonnummer, kommunikationskultur, sehnsucht selbstzweifeln",137,2005-2009,Telefonische Kommunikation und Entfremdung
31,"jugendlicher verliebtheit, jugendlicher leidenschaft, liebesmanifest, jugendlicher liebe, typisches pop",539,2005-2009,Jugendliche Pop‑Liebeserklärung
32,"rückblick unbeschwerte, nachdenklicher rückblick, handtuch, were young, time flies",199,2005-2009,Nostalgischer Rückblick: Kindheit & Erwachsensein
33,"frightful, nutzt winterliche, schneeflocken, delightful, eisblumen",104,2005-2009,Wintersturm und heimische Geborgenheit
34,"sandmann, beruhigender befehl, nächtliches wiegenlied, sandman, go sleep",30,2005-2009,Sandmann – nächtliches Schlaflied
35,"bildschirme, kommentar entfremdung, kommentar gesellschaft, bevölkerung, wütender protest",762,2005-2009,Digitale Entfremdung und Bürokratie
36,"deeply, diamonds are, pure gold, kriegerin, feuerland",32,2005-2009,Goldene Alchemie der Liebe
37,"snoop, dogg, snoop dogg, gangsta, west coast",91,2005-2009,Westküsten‑Gangsta‑Rap von Snoop Dog​g
38,"roulette, kartenspiels, glücksspiels, würfel, lady luck",68,2005-2009,"Kartenspiele, Würfel und Roulette"
39,"amerikanischen traums, sheriff, indigenen, miss america, amerikas",93,2005-2009,"Amerikas Patriotismus, Indigene und Schuld"
40,"stand by, bekenntnis bedingungsloser, bedingungsloser unterstützung, verlässlicher anker, bekenntnis bedingungslose",400,2005-2009,Bedingungslose Unterstützung und Verlässlichkeit
41,"singing blues, sing blues, felt more, kkk, more like",16,2005-2009,Blues-Textanalyse: Verlust und Sehnsucht
42,"rodeo, lasso, wild horses, amerikanischen westens, floyd",54,2005-2009,"Western‑Mythos, Prärie, Rodeo, Reiter"
43,"indian summer, indian, autumn, if go, laubs",125,2005-2009,Herbstliche Symbolik von Verlust
44,"kollegah, kollegahs, unantastbarer, rap szene, goldkette",27,2005-2009,Kollegah: Luxus‑Rap und Machtdemonstration
45,"by river, fluss steht, skaten, leiche, marian",136,2005-2009,Fluss‑Metaphern in Liedtexten
46,"girlfriend, körperliche verlangen, jugendlicher verführung, unmittelbarer körperlicher, usher",461,2005-2009,Erotische Süßmetaphern in Pop
47,"bushido, bushido positioniert, deutschen rap, bushidos, sonny",58,2005-2009,Bushido: Selbstinszenierung im deutschen Rap
48,"los los, york city, urbaner entfremdung, york stadt, baker street",127,2005-2009,"New York: Stadt, Kultur, Musik"
49,"no sunshine, shades blue, blue inneres, sunshine when, indigo",55,2005-2009,Blaues Symbol für Traurigkeit
50,"square one, ulysses, run run, wort run, break away",481,2005-2009,Ständige Flucht und innere Zerrissenheit
51,"astronaut, spaceman, raumschiff, shangri, shangri la",107,2005-2009,Weltraum‑Utopie Shangri‑La
52,"ringtones, press record, echter musikalischer, wandel einstigen, verschwinden authentischer",1,2005-2009,Funk‑Call‑Response bei James Brown
53,"busta, wu, eminems, wu tang, tang",209,2005-2009,Busta Rhymes: Aggressive Street‑Hip‑Hop Analyse
54,"samy, deluxe, samy deluxe, hamburg, deutschen hip",52,2005-2009,Samy Deluxe und deutsche Rapszene
55,"hollywoods, bergman, streben berühmtheit, highlife, schwedischen",39,2005-2009,Hollywood‑Glanz und Vergänglichkeit
56,"silent night, holy night, weihnachtsbotschaft, christi, mother child",41,2005-2009,Stille Nacht – Heilige Geburt
57,"zappa, überspitztes, deichkind, provokanter kommentar, späten 2000er",476,2005-2009,Zappa‑Ästhetik und satirische Provokation
58,"blüht, barbara, rose steht, schade, wildwood",71,2005-2009,Rote Rosen Symbolik in Liedern
59,"masquerade, sabotage, rehab, life party, revenge",242,2005-2009,Fassade vs innere Verzweiflung
60,"cold outside, what becomes, wobei eis, vater schwester, cold turkey",111,2005-2009,"Kälte außen, Herz erstarrt"
61,"fler, farid, farid bang, aggro, ufo361",41,2005-2009,Deutschrap‑Battle: Farid Bang & Szene
62,"schmetterlings, schmetterling, raupe, cadence, caterpillar",27,2005-2009,Schmetterlingssymbolik in zwischenmenschlichen Beziehungen
63,"nas, dmx, compton, niggas, dre",100,2005-2009,Urbaner Rap und soziale Dynamik
64,"jingle, sleigh, jingle bells, weihnachtszeit, weihnachtslied",44,2005-2009,Klassisches Weihnachtslied mit Schlitten
65,"eko, eko fresh, savas, deutschen hip, köln",34,2005-2009,"Eko Fresh: Status, Kritik, Selbstinszenierung"
-1,"gig, chakuza, sean, sean paul, 2010er",7408,2010-2014,Gig‑Dialog: Weibliche Eifersucht im Dancehall
0,"monolog sprecherin, monolog verzweiflung, monolog zerrissenheit, monolog erinnerung, monolog resignation",2266,2010-2014,Zerrissener innerer Monolog und Selbstreflexion
1,"2010er, 2010er jahre, frühen 2010er, kollektiven rausch, körperliche bewegung",702,2010-2014,Rave‑Kultur: kollektiver Tanz
2,"regens steht, nutzt regens, umbrella, wetterphänomen, raining",214,2010-2014,Regen als Symbol gebrochener Liebe
3,"weihnachtszeit, weihnachtsfest, merry christmas, weihnachtsmann, mistelzweig",290,2010-2014,Weihnachtszeitliche Symbolik und Gemeinschaft
4,"satirischer kommentar, bissiger, prominenz, bissiger kommentar, million dollar",381,2010-2014,Bissige Satire über Geldliebe
5,"niggas, maybach, haftbefehl, rick ross, illegale",862,2010-2014,"Straßenrap: Luxus, Drogen, Gewalt"
6,"driver, autofahrt, mobilen, mobiles, lenkrad",177,2010-2014,"Fahrzeug, Fahrer und Mobilität"
7,"liebesmanifest, liebe allumfassende, wodurch liebe, gefühls unterstreicht, love entfaltet",742,2010-2014,Allumfassendes Liebesmanifest
8,"zugfahrt, lokomotive, eisenbahn, gleis, choo",77,2010-2014,Zugmetaphern in moderner Musik
9,"selbstzerstörung verzweifelten, breakdown, gefängnis schuld, selbstverurteilung wunsch, selbstsabotage",968,2010-2014,"Zerrissene Psyche, Selbstzerstörung, innere Qual"
10,"christlicher, vertrauen göttliche, gegenwart gottes, lobpreis, beziehung gott",114,2010-2014,Christliche Glaubensbekenntnis und Anbetung
11,"feuers intensive, feuers steht, spiel feuer, wobei feuer, nutzt feuers",195,2010-2014,Feuer als Metapher für Liebe
12,"angel eyes, wobei engel, reinheit schutz, guardian angel, angel entfaltet",89,2010-2014,Engel‑Ikonografie: Reinheit und Fall
13,"bevölkerung, sabaton, eindringlicher protest, apokalypse, düsteres manifest",629,2010-2014,Umweltzerstörung: Protest der Bevölkerung
14,"sommerromanze, sommerliebe, dream little, blue moon, mondlichts",107,2010-2014,Sommerliebe im Mondlicht
15,"jah, leidenschaftlicher aufruf, kollektive gewissen, mitzuwirken, kollektives handeln",437,2010-2014,Kollektiver Aufruf zur Gerechtigkeit
16,"schiffes, segelns, atlantis, maritimen, seemanns",309,2010-2014,"Maritime Reisen, Mythen und Hafen"
17,"heimweh, wort home, home entfaltet, fernweh, wahre zuhause",269,2010-2014,Heimweh und Rückkehr
18,"innenleben sehnsucht, sehnsucht selbstschutz, zerrissene innenleben, intensives innenleben, intensives ringen",2133,2010-2014,"Zerrissenes Innenleben, unerwiderte Liebe"
19,"manifestierter aufruf, manifestes, aufruf bewussten, manifestes bekenntnis, gestalten anstatt",974,2010-2014,Aufruf zur Selbstbestimmung und Resilienz
20,"deutschen rap, rap szene, savas, deutschen hip, alpa",523,2010-2014,"Deutschrap: Gewalt, Identität, Szene"
21,"hirten, bethlehem, inkarnation, christi, weihnachtsgeschichte",54,2010-2014,Weihnachtsgeschichte: Geburt Jesu
22,"verlangen selbstzerstörung, liebe berauschend, leidenschaftlicher hingabe, verführerischen gefährlichen, verlangen selbstschutz",812,2010-2014,Femme Fatale: gefährliche Verführung und Selbstzerstörung
23,"kaliforniens, california dreamin, kansas city, louisiana, kansas",52,2010-2014,Amerikanische Reise‑ und Freiheitslyrik
24,"befreiung toxischen, erdrückenden beziehung, ende toxischen, endgültige abschneiden, manifest selbstbefreiung",499,2010-2014,Selbstbefreiung aus toxischer Beziehung
25,"blackbird, bluebird, over rainbow, can fly, songbird",353,2010-2014,"Flug über Regenbogen, Begrenzungen"
26,"begegnung geliebten, liebesmanifest, liebe grenzen, schwerelosigkeit, umlaufbahn",508,2010-2014,Allumfassende kosmische Liebesbegegnung
27,"blah, kind vater, 74, opa, cro",115,2010-2014,"Mütterliche Liebe, Rollen, Vaterabwesenheit"
28,"amy, grog, alkohol fluchtmittel, liquor, bourbon",74,2010-2014,"Alkohol, Bar, Herzschmerz, Flucht"
29,"goody, goody goody, wort fool, just fool, cheated",95,2010-2014,Selbstbezeichnung als Narr in Beziehungen
30,"call name, up phone, baby come, operator, asap",124,2010-2014,Telefonische Kommunikation und Entfremdung
31,"jugendlicher verliebtheit, jugendlicher leidenschaft, liebesmanifest, typisches pop, liebesgruß",459,2010-2014,Jugendliche Pop‑Liebeserklärung
32,"rückblick unbeschwerte, peter pan, cro, erwachsenseins, unbeschwerte kindheit",295,2010-2014,Nostalgischer Rückblick: Kindheit & Erwachsensein
33,"frightful, delightful, winterliche wetter, nutzt winterliche, gedämpfte",80,2010-2014,Wintersturm und heimische Geborgenheit
34,"sandmann, schlaflied, sandman, zärtliches wiegenlied, nächtliches wiegenlied",20,2010-2014,Sandmann – nächtliches Schlaflied
35,"bevölkerung, algorithmen, bissiger, kommentar gesellschaft, computer",741,2010-2014,Digitale Entfremdung und Bürokratie
36,"shine bright, solid gold, gold dust, herz gold, unzerbrechlichen",51,2010-2014,Goldene Alchemie der Liebe
37,"snoop, dogg, snoop dogg, west coast, khalifa",92,2010-2014,Westküsten‑Gangsta‑Rap von Snoop Dog​g
38,"roulette, kartenspiels, poker, glücksspiels, kartenspiel",60,2010-2014,"Kartenspiele, Würfel und Roulette"
39,"amerikanischen traums, american dream, obama, patriotische, staaten",127,2010-2014,"Amerikas Patriotismus, Indigene und Schuld"
40,"bekenntnis bedingungsloser, bedingungsloser unterstützung, stand by, verlässlicher anker, bekenntnis bedingungslose",383,2010-2014,Bedingungslose Unterstützung und Verlässlichkeit
41,"blues musikalisches, musikalisches genre, hooker, cathouse, got blues",24,2010-2014,Blues-Textanalyse: Verlust und Sehnsucht
42,"reiter, hillbilly, dixie, amerikanischen westens, rodeo",37,2010-2014,"Western‑Mythos, Prärie, Rodeo, Reiter"
43,"autumn, herbstes, ende sommers, sandes, schlosses",124,2010-2014,Herbstliche Symbolik von Verlust
44,"kollegah, kollegahs, unantastbarer, überlegener, unantastbaren boss",28,2010-2014,Kollegah: Luxus‑Rap und Machtdemonstration
45,"wasser unbewusste, fluss steht, wobei wasser, underwater, wasser spiegel",168,2010-2014,Fluss‑Metaphern in Liedtexten
46,"biene, usher, unmittelbarer körperlicher, verführung kontrolle, körperliche lust",426,2010-2014,Erotische Süßmetaphern in Pop
47,"bushido, bushidos, bushido positioniert, kay, deutschen rap",36,2010-2014,Bushido: Selbstinszenierung im deutschen Rap
48,"los los, york city, harlem, tulsa, santa fe",135,2010-2014,"New York: Stadt, Kultur, Musik"
49,"indigo, wort blue, rosary, mr blue, no sunshine",52,2010-2014,Blaues Symbol für Traurigkeit
50,"run run, weglaufens, monolog gefühl, forrest, kopfhörer",444,2010-2014,Ständige Flucht und innere Zerrissenheit
51,"ballons, raumschiff, astronauten, sierra, raumschiffs",129,2010-2014,Weltraum‑Utopie Shangri‑La
53,"minaj, nicki, nicki minaj, eminems, wu",171,2010-2014,Busta Rhymes: Aggressive Street‑Hip‑Hop Analyse
54,"samy, deluxe, samy deluxe, deutschen hip, deutsche rap",30,2010-2014,Samy Deluxe und deutsche Rapszene
55,"hollywoods, celluloid, sweet jane, filmwelt, bette davis",41,2010-2014,Hollywood‑Glanz und Vergänglichkeit
56,"silent night, holy night, weihnachtsbotschaft, christi, geburt christi",32,2010-2014,Stille Nacht – Heilige Geburt
57,"zappa, atzen, 257ers, überspitztes, provokanter manifest",609,2010-2014,Zappa‑Ästhetik und satirische Provokation
58,"barbara, rosen stehen, schönheit dornen, rose steht, thorn",76,2010-2014,Rote Rosen Symbolik in Liedern
59,"wrecking, masquerade, wrecking ball, camouflage, life party",227,2010-2014,Fassade vs innere Verzweiflung
60,"cold outside, really can, vater schwester, gefrorene, herz eis",100,2010-2014,"Kälte außen, Herz erstarrt"
61,"fler, farid, farid bang, deutschen rap, ufo361",108,2010-2014,Deutschrap‑Battle: Farid Bang & Szene
62,"schmetterlings, schmetterling, raupe, weibchen, flügelschlag",13,2010-2014,Schmetterlingssymbolik in zwischenmenschlichen Beziehungen
63,"nas, niggas, dmx, compton, kendrick",74,2010-2014,Urbaner Rap und soziale Dynamik
64,"jingle, sleigh, weihnachtslied, used know, jingle bells",40,2010-2014,Klassisches Weihnachtslied mit Schlitten
65,"eko, eko fresh, deutschen hip, deutschen rap, eko freshs",97,2010-2014,"Eko Fresh: Status, Kritik, Selbstinszenierung"
-1,"gig, kurdo, drakes, alligatoah, nf",6446,2015-2019,Gig‑Dialog: Weibliche Eifersucht im Dancehall
0,"monolog sprecherin, monolog zerrissenheit, monolog verzweiflung, monolog erinnerung, monolog resignation",1963,2015-2019,Zerrissener innerer Monolog und Selbstreflexion
1,"rave, körperliche bewegung, tanzmusik, manifestierter aufruf, kollektiven rausch",446,2015-2019,Rave‑Kultur: kollektiver Tanz
2,"let rain, rain monolog, nutzt regens, regen tränen, regens steht",140,2015-2019,Regen als Symbol gebrochener Liebe
3,"weihnachtszeit, merry christmas, weihnachtsfest, claus, santa claus",301,2015-2019,Weihnachtszeitliche Symbolik und Gemeinschaft
4,"bissiger, bissiger kommentar, entertainment, monetäre, sdp",336,2015-2019,Bissige Satire über Geldliebe
5,"olexesh, niggas, illegale, rolex, modernen trap",2628,2015-2019,"Straßenrap: Luxus, Drogen, Gewalt"
6,"mustang, driver, beep, wobei auto, nächtliche fahren",188,2015-2019,"Fahrzeug, Fahrer und Mobilität"
7,"liebe allumfassende, liebesmanifest, überschwängliches bekenntnis, intensives bekenntnis, love entfaltet",614,2015-2019,Allumfassendes Liebesmanifest
8,"eisenbahn, choo, zugfahrt, lokomotive, love train",66,2015-2019,Zugmetaphern in moderner Musik
9,"selbstzerstörung verzweifelten, selbstsabotage, inneres gefecht, selbstverurteilung wunsch, selbstbeschuldigung",884,2015-2019,"Zerrissene Psyche, Selbstzerstörung, innere Qual"
10,"christlicher, vertrauen göttliche, göttlicher gegenwart, gebet persönliche, theologische",111,2015-2019,Christliche Glaubensbekenntnis und Anbetung
11,"wobei feuer, feuers steht, fire entfaltet, wildfire, spiel feuer",199,2015-2019,Feuer als Metapher für Liebe
12,"angel eyes, guardian angel, wobei engel, guardian, bengel",46,2015-2019,Engel‑Ikonografie: Reinheit und Fall
13,"bevölkerung, eindringlicher protest, sabaton, düsteres manifest, ökologischen",533,2015-2019,Umweltzerstörung: Protest der Bevölkerung
14,"sommerliebe, blue moon, luna, mond steht, sommerromanze",101,2015-2019,Sommerliebe im Mondlicht
15,"jah, manifestes, kollektive gewissen, leidenschaftlicher aufruf, champions",384,2015-2019,Kollektiver Aufruf zur Gerechtigkeit
16,"segelns, schiffes, sail away, kapitäns, maritimen",228,2015-2019,"Maritime Reisen, Mythen und Hafen"
17,"heimweh, wahre zuhause, like home, zuhaus, fernweh",262,2015-2019,Heimweh und Rückkehr
18,"innenleben sehnsucht, zerrissene innenleben, sehnsucht selbstschutz, intensives innenleben, love inneres",1899,2015-2019,"Zerrissenes Innenleben, unerwiderte Liebe"
19,"manifestes, manifestierter aufruf, aufruf bewussten, manifestes bekenntnis, kontra",935,2015-2019,Aufruf zur Selbstbestimmung und Resilienz
20,"deutschen rap, rap szene, rap business, rap milieu, savas",723,2015-2019,"Deutschrap: Gewalt, Identität, Szene"
21,"bethlehem, hirten, christi, noel, geburt christi",37,2015-2019,Weihnachtsgeschichte: Geburt Jesu
22,"beziehung verlangen, beziehung berauschend, schmerz lust, verlangen selbstschutz, beziehung anziehung",628,2015-2019,Femme Fatale: gefährliche Verführung und Selbstzerstörung
23,"kaliforniens, kansas city, kansas, sonnenverwöhnten, westküste",47,2015-2019,Amerikanische Reise‑ und Freiheitslyrik
24,"befreiung toxischen, selbstbefreiungs, erdrückenden beziehung, manifest selbstbefreiung, frau toxischen",457,2015-2019,Selbstbefreiung aus toxischer Beziehung
25,"nachtigall, ikarus, laterne, blackbird, over rainbow",301,2015-2019,"Flug über Regenbogen, Begrenzungen"
26,"entfaltet poetisches, begegnung geliebten, entfaltet intensiver, liebe alltägliche, zweier seelen",402,2015-2019,Allumfassende kosmische Liebesbegegnung
27,"emotionales tribut, mütterliche liebe, nachdenklicher dialog, familia, vater kind",152,2015-2019,"Mütterliche Liebe, Rollen, Vaterabwesenheit"
28,"black coffee, red wine, pinot, alkohol ersatz, trinkverhalten",68,2015-2019,"Alkohol, Bar, Herzschmerz, Flucht"
29,"paradoxes beziehungsgeflecht, beziehungsgeflecht liebe, lie lie, hurts too, love him",104,2015-2019,Selbstbezeichnung als Narr in Beziehungen
30,"ring ring, khalid, laurie, back baby, up phone",128,2015-2019,Telefonische Kommunikation und Entfremdung
31,"jugendlicher verliebtheit, jugendlicher leidenschaft, liebesmanifest, offenbaren tieferes, intensives bekenntnis",446,2015-2019,Jugendliche Pop‑Liebeserklärung
32,"rückblick unbeschwerte, were young, peter pan, nimmerland, forever young",247,2015-2019,Nostalgischer Rückblick: Kindheit & Erwachsensein
33,"frightful, nutzt winterliche, delightful, schneeflocken, winterliche wetter",59,2015-2019,Wintersturm und heimische Geborgenheit
34,"sandmann, go sleep, zärtliches wiegenlied, wiegenlied trost, nächtliches wiegenlied",18,2015-2019,Sandmann – nächtliches Schlaflied
35,"algorithmen, bildschirme, computer, bevölkerung, wütender protest",643,2015-2019,Digitale Entfremdung und Bürokratie
36,"goldmine, herz gold, fool gold, gold dust, gold monolog",62,2015-2019,Goldene Alchemie der Liebe
37,"snoop, dogg, snoop dogg, west coast, doggs",89,2015-2019,Westküsten‑Gangsta‑Rap von Snoop Dog​g
38,"roulette, kartenspiels, gambler, glücksspiels, kartenspiel",52,2015-2019,"Kartenspiele, Würfel und Roulette"
39,"amerikanischen traums, american dream, demokratie, hahn, american dreams",84,2015-2019,"Amerikas Patriotismus, Indigene und Schuld"
40,"stand by, bekenntnis bedingungsloser, bedingungsloser unterstützung, vertrauen beziehung, glücklichen momenten",330,2015-2019,Bedingungslose Unterstützung und Verlässlichkeit
41,"blues genre, blues musikalisches, musikalisches genre, nutzt blues, sings blues",18,2015-2019,Blues-Textanalyse: Verlust und Sehnsucht
42,"wild horses, john wayne, püppchen, cowgirl, old town",42,2015-2019,"Western‑Mythos, Prärie, Rodeo, Reiter"
43,"autumn, autumn leaves, herbstes, laubs, frühjahr",117,2015-2019,Herbstliche Symbolik von Verlust
44,"kollegah, kollegahs, unantastbarer, deutschen rap, rap szene",76,2015-2019,Kollegah: Luxus‑Rap und Machtdemonstration
45,"wobei wasser, waterfall, fluss steht, holy water, wunsch fluss",144,2015-2019,Fluss‑Metaphern in Liedtexten
46,"körperliche verlangen, unmittelbarer körperlicher, dating, biene, erotik",342,2015-2019,Erotische Süßmetaphern in Pop
47,"bushido, bushido positioniert, unantastbarer, sonny, bushidos",40,2015-2019,Bushido: Selbstinszenierung im deutschen Rap
48,"los los, york city, harlem, chinatown, heimweh",116,2015-2019,"New York: Stadt, Kultur, Musik"
49,"indigo, no sunshine, black blue, blue entfaltet, wort blue",55,2015-2019,Blaues Symbol für Traurigkeit
50,"run run, runaways, ground running, flucht selbstbestimmung, ausgestoßenen",389,2015-2019,Ständige Flucht und innere Zerrissenheit
51,"raumschiff, astronauten, weltraums, spaceship, astronaut",135,2015-2019,Weltraum‑Utopie Shangri‑La
53,"nicki, minaj, eminems, nicki minaj, eminem",119,2015-2019,Busta Rhymes: Aggressive Street‑Hip‑Hop Analyse
54,"samy, deluxe, samy deluxe, gifted, promi",33,2015-2019,Samy Deluxe und deutsche Rapszene
55,"hollywoods, sicario, krokodil, chemie, drehbuch",25,2015-2019,Hollywood‑Glanz und Vergänglichkeit
56,"silent night, holy night, weihnachtsbotschaft, christi, geburt christi",14,2015-2019,Stille Nacht – Heilige Geburt
57,"zappa, deichkind, 257ers, überspitztes, zappas",548,2015-2019,Zappa‑Ästhetik und satirische Provokation
58,"iris, ramblin, thorns, rose steht, tausend rosen",44,2015-2019,Rote Rosen Symbolik in Liedern
59,"masquerade, vivian, bulletproof, next time, erwartung stets",186,2015-2019,Fassade vs innere Verzweiflung
60,"cold outside, eiskalt, really can, pneumonia, eisbär",88,2015-2019,"Kälte außen, Herz erstarrt"
61,"farid, ufo361, farid bang, fler, kurdo",213,2015-2019,Deutschrap‑Battle: Farid Bang & Szene
62,"schmetterlings, schmetterling, got day, savas, day got",15,2015-2019,Schmetterlingssymbolik in zwischenmenschlichen Beziehungen
63,"nas, compton, niggas, kendrick, dre",88,2015-2019,Urbaner Rap und soziale Dynamik
64,"jingle, sleigh, weihnachtszeit, weihnachtslied, weihnachtskarten",35,2015-2019,Klassisches Weihnachtslied mit Schlitten
65,"eko, eko fresh, hartz, deutschen rap, freezy",26,2015-2019,"Eko Fresh: Status, Kritik, Selbstinszenierung"
-1,"gig, doja, polo, chakuza, doja cat",6061,2020-2024,Gig‑Dialog: Weibliche Eifersucht im Dancehall
0,"monolog zerrissenheit, monolog sprecherin, monolog verlangen, monolog verzweiflung, monolog selbstzweifeln",2044,2020-2024,Zerrissener innerer Monolog und Selbstreflexion
1,"rave, körperliche bewegung, tanzkultur, scooter, tanzmusik",329,2020-2024,Rave‑Kultur: kollektiver Tanz
2,"nutzt regens, äußere wetter, let rain, prasseln, wetterphänomen",169,2020-2024,Regen als Symbol gebrochener Liebe
3,"weihnachtszeit, merry christmas, weihnachtsfest, weihnachtsmann, mistelzweig",371,2020-2024,Weihnachtszeitliche Symbolik und Gemeinschaft
4,"reezy, dior, bissiger, überfluss leere, satirischer kommentar",299,2020-2024,Bissige Satire über Geldliebe
5,"prada, glock, illegale, niggas, gewalt drogen",2779,2020-2024,"Straßenrap: Luxus, Drogen, Gewalt"
6,"driver, fahrzeugs, autofahrt, chevrolet, fahrers",157,2020-2024,"Fahrzeug, Fahrer und Mobilität"
7,"liebesmanifest, liebe allumfassende, gefühls unterstreicht, intensives bekenntnis, präsentiert liebe",601,2020-2024,Allumfassendes Liebesmanifest
8,"zugfahrt, choo, midnight train, eisenbahn, love train",31,2020-2024,Zugmetaphern in moderner Musik
9,"selbstzerstörung verzweifelten, inneres gefecht, ringen selbstzerstörung, intensives innenleben, düsteres bekenntnis",804,2020-2024,"Zerrissene Psyche, Selbstzerstörung, innere Qual"
10,"christlicher, vertrauen göttliche, ave maria, ave, göttlicher gegenwart",69,2020-2024,Christliche Glaubensbekenntnis und Anbetung
11,"waldbrand, fiebers, steht intensive, feuer eis, feuers steht",148,2020-2024,Feuer als Metapher für Liebe
12,"angel eyes, engel flügel, angel entfaltet, engel steht, reinheit schutz",46,2020-2024,Engel‑Ikonografie: Reinheit und Fall
13,"bevölkerung, ökologischen, umweltzerstörung, eindringlicher protest, sabaton",441,2020-2024,Umweltzerstörung: Protest der Bevölkerung
14,"venedig, mondlichts, sommerromanze, blue moon, mond steht",111,2020-2024,Sommerliebe im Mondlicht
15,"jah, kollektive gewissen, mitzuwirken, inklusiven, ungerechtigkeiten",389,2020-2024,Kollektiver Aufruf zur Gerechtigkeit
16,"segelns, atlantis, schiffes, sail away, seereise",228,2020-2024,"Maritime Reisen, Mythen und Hafen"
17,"zuhaus, wort home, wahre zuhause, heimweh, zuhause physischer",186,2020-2024,Heimweh und Rückkehr
18,"innenleben sehnsucht, sehnsucht selbstschutz, zerrissene innenleben, intensives innenleben, sehnsucht selbstzweifeln",1941,2020-2024,"Zerrissenes Innenleben, unerwiderte Liebe"
19,"manifestierter aufruf, manifestes, aufruf selbstakzeptanz, aufruf resilienz, aufruf bewussten",791,2020-2024,Aufruf zur Selbstbestimmung und Resilienz
20,"deutschen rap, ferris, rap szene, pa sports, sports",361,2020-2024,"Deutschrap: Gewalt, Identität, Szene"
21,"bethlehem, hirten, christi, geburt jesu, gloria",32,2020-2024,Weihnachtsgeschichte: Geburt Jesu
22,"verlangen selbstzerstörung, verlangen selbstschutz, intensives porträt, intensiver anziehung, femme",636,2020-2024,Femme Fatale: gefährliche Verführung und Selbstzerstörung
23,"kaliforniens, kalifornische, louisiana, arcadia, kansas city",36,2020-2024,Amerikanische Reise‑ und Freiheitslyrik
24,"befreiung toxischen, erdrückenden beziehung, manifest selbstbefreiung, mcrae, lune",552,2020-2024,Selbstbefreiung aus toxischer Beziehung
25,"blackbird, flieg, weiße taube, over rainbow, mockingbird",225,2020-2024,"Flug über Regenbogen, Begrenzungen"
26,"liebesmanifest, entfaltet poetisches, begegnung geliebten, supernova, liebe alltägliche",381,2020-2024,Allumfassende kosmische Liebesbegegnung
27,"tock, mütterliche liebe, tick tock, 27, mutter bleibt",120,2020-2024,"Mütterliche Liebe, Rollen, Vaterabwesenheit"
28,"nancy, alcohol, trink, lilac, bully",90,2020-2024,"Alkohol, Bar, Herzschmerz, Flucht"
29,"fool gold, lil tjay, tjay, fool love, ava",87,2020-2024,Selbstbezeichnung als Narr in Beziehungen
30,"khalid, call name, jederzeit erreichbar, up phone, missed calls",131,2020-2024,Telefonische Kommunikation und Entfremdung
31,"jugendlicher verliebtheit, liebesmanifest, jugendlicher leidenschaft, moderner liebes, moderner pop",373,2020-2024,Jugendliche Pop‑Liebeserklärung
32,"abenteuerland, forever young, rückblick unbeschwerte, nachdenklicher rückblick, erwachsenseins",232,2020-2024,Nostalgischer Rückblick: Kindheit & Erwachsensein
33,"nutzt winterliche, frightful, christkind, mandy, delightful",53,2020-2024,Wintersturm und heimische Geborgenheit
34,"enter, sandman, sandmann, kind schlaf, under bed",18,2020-2024,Sandmann – nächtliches Schlaflied
35,"algorithmen, bildschirme, pandemie, 2020, automatisierten",581,2020-2024,Digitale Entfremdung und Bürokratie
36,"alchemie, diamonds are, herz gold, are forever, heart gold",57,2020-2024,Goldene Alchemie der Liebe
37,"snoop, dogg, snoop dogg, west coast, lil wayne",85,2020-2024,Westküsten‑Gangsta‑Rap von Snoop Dog​g
38,"roulette, kartenspiels, kartenspiel, würfelspiel, gambler",49,2020-2024,"Kartenspiele, Würfel und Roulette"
39,"american dream, amerikanischen traums, nationaler, bruce, amerikas",75,2020-2024,"Amerikas Patriotismus, Indigene und Schuld"
40,"bekenntnis bedingungsloser, bedingungsloser unterstützung, verlässlicher anker, aimee, stand by",364,2020-2024,Bedingungslose Unterstützung und Verlässlichkeit
41,"half mast, at half, hard hearted, hearted woman, mast",9,2020-2024,Blues-Textanalyse: Verlust und Sehnsucht
42,"country girls, 61, nashville, reiter, arkansas",31,2020-2024,"Western‑Mythos, Prärie, Rodeo, Reiter"
43,"autumn, herbstes, sanduhr, frühjahr, sommer herbst",113,2020-2024,Herbstliche Symbolik von Verlust
44,"kollegah, unantastbarer, kollegahs, rap szene, maybach",91,2020-2024,Kollegah: Luxus‑Rap und Machtdemonstration
45,"fluss steht, nutzt wassers, wobei wasser, underwater, tauchens",139,2020-2024,Fluss‑Metaphern in Liedtexten
46,"körperliche verlangen, lambert, körperlicher anziehung, usher, minogue",237,2020-2024,Erotische Süßmetaphern in Pop
47,"bushido, bushido positioniert, bushidos, unantastbarer, sonny",35,2020-2024,Bushido: Selbstinszenierung im deutschen Rap
48,"los los, wien, uber, york city, urbaner entfremdung",114,2020-2024,"New York: Stadt, Kultur, Musik"
49,"indigo, blue inneres, shade blue, baby blue, wort blue",59,2020-2024,Blaues Symbol für Traurigkeit
50,"run run, pandemie, aufforderung run, high road, wort run",366,2020-2024,Ständige Flucht und innere Zerrissenheit
51,"astronaut, spaceman, astronauten, raumschiff, tropicana",129,2020-2024,Weltraum‑Utopie Shangri‑La
52,"ungefilterter kommunikation, anschließende hit, markieren hinweis, kurzer ausruf, gemeinschaft transportiert",1,2020-2024,Funk‑Call‑Response bei James Brown
53,"megan, megan thee, uzi, thee stallion, stallion",256,2020-2024,Busta Rhymes: Aggressive Street‑Hip‑Hop Analyse
54,"samy, deluxe, samy deluxe, boom bap, vendetta",21,2020-2024,Samy Deluxe und deutsche Rapszene
55,"hollywoods, jacky, hollywood hills, durstlöscher, glamours",35,2020-2024,Hollywood‑Glanz und Vergänglichkeit
56,"silent night, holy night, weihnachtsbotschaft, mother child, calm bright",16,2020-2024,Stille Nacht – Heilige Geburt
57,"zappa, krasavice, katja, katja krasavice, bock",584,2020-2024,Zappa‑Ästhetik und satirische Provokation
58,"bouquet, marigolds, blüht, rose steht, rose entfaltet",50,2020-2024,Rote Rosen Symbolik in Liedern
59,"halsey, selbstsabotage, masquerade, sabotage, zerrissenheit öffentlicher",227,2020-2024,Fassade vs innere Verzweiflung
60,"cold outside, eiszeit, herz eis, cold heart, dünnem eis",100,2020-2024,"Kälte außen, Herz erstarrt"
61,"farid, farid bang, ufo361, fler, kurdo",194,2020-2024,Deutschrap‑Battle: Farid Bang & Szene
62,"schmetterlings, schmetterling, flattern, aufblühen gefühlen, zarte flüchtige",26,2020-2024,Schmetterlingssymbolik in zwischenmenschlichen Beziehungen
63,"nas, niggas, nas nutzt, dmx, tjay",102,2020-2024,Urbaner Rap und soziale Dynamik
64,"jingle, sleigh, jingle bells, one horse, used know",46,2020-2024,Klassisches Weihnachtslied mit Schlitten
65,"eko, eko fresh, savas, freezy, deutschen rap",15,2020-2024,"Eko Fresh: Status, Kritik, Selbstinszenierung"
