period,topic,in_topic_chart,in_topic_non_chart,not_in_topic_chart,not_in_topic_non_chart,n_in_topic,n_total,observed_chart_rate,expected_chart_rate,rate_difference,chi2,p_value,phi,direction,p_adjusted,significant
1955-1959,0,2,6,,,8,2560,0.25,0.034765625,0.215234375,,1.0,0.0,neutral,1.0,False
1955-1959,1,8,140,81.0,2331.0,148,2560,0.05405405405405406,0.034765625,0.019288429054054056,,0.1692828893419699,0.021514059143201925,overrepresented,0.5694953338209776,False
1955-1959,2,0,19,89.0,2452.0,19,2560,0.0,0.034765625,-0.034765625,,1.0,0.0039886994459630305,underrepresented,1.0,False
1955-1959,3,4,37,85.0,2434.0,41,2560,0.0975609756097561,0.034765625,0.0627953506097561,,0.05192567374112343,0.035240244529366166,overrepresented,0.28559120557617884,False
1955-1959,4,0,40,89.0,2431.0,40,2560,0.0,0.034765625,-0.034765625,,0.4005093289433459,0.015313455643983221,underrepresented,0.8687103754545813,False
1955-1959,5,0,1,,,1,2560,0.0,0.034765625,-0.034765625,,1.0,0.0,neutral,1.0,False
1955-1959,6,0,18,89.0,2453.0,18,2560,0.0,0.034765625,-0.034765625,,1.0,0.003209966278168826,underrepresented,1.0,False
1955-1959,7,5,271,84.0,2200.0,276,2560,0.018115942028985508,0.034765625,-0.016649682971014493,,0.11915545968997171,0.028157432094858485,underrepresented,0.46860857243361187,False
1955-1959,8,0,38,89.0,2433.0,38,2560,0.0,0.034765625,-0.034765625,,0.6414415566733198,0.014478947595290883,underrepresented,1.0,False
1955-1959,9,0,7,,,7,2560,0.0,0.034765625,-0.034765625,,1.0,0.0,neutral,1.0,False
1955-1959,10,2,64,87.0,2407.0,66,2560,0.030303030303030304,0.034765625,-0.0044625946969696975,,1.0,0.0,underrepresented,1.0,False
1955-1959,11,0,10,89.0,2461.0,10,2560,0.0,0.034765625,-0.034765625,,1.0,0.0,underrepresented,1.0,False
1955-1959,12,0,10,89.0,2461.0,10,2560,0.0,0.034765625,-0.034765625,,1.0,0.0,underrepresented,1.0,False
1955-1959,13,0,11,89.0,2460.0,11,2560,0.0,0.034765625,-0.034765625,,1.0,0.0,underrepresented,1.0,False
1955-1959,14,8,63,81.0,2408.0,71,2560,0.11267605633802817,0.034765625,0.07791043133802816,,0.0027457946177065003,0.06533961656251351,overrepresented,0.03252710547129239,True
1955-1959,15,0,10,89.0,2461.0,10,2560,0.0,0.034765625,-0.034765625,,1.0,0.0,underrepresented,1.0,False
1955-1959,16,7,48,82.0,2423.0,55,2560,0.12727272727272726,0.034765625,0.09250710227272727,,0.0025229659586228823,0.06747399664982333,overrepresented,0.03027559150347459,True
1955-1959,17,2,42,87.0,2429.0,44,2560,0.045454545454545456,0.034765625,0.010688920454545454,,0.6645803845143096,0.0,overrepresented,1.0,False
1955-1959,18,4,442,85.0,2029.0,446,2560,0.008968609865470852,0.034765625,-0.02579701513452915,,0.0003188959801742836,0.06187243575687031,underrepresented,0.005559620484547888,True
1955-1959,19,2,23,87.0,2448.0,25,2560,0.08,0.034765625,0.045234375,,0.2150476623321255,0.013679876116360193,overrepresented,0.6645620066718527,False
1955-1959,20,0,0,,,0,2560,0.0,0.034765625,0.0,,1.0,0.0,neutral,1.0,False
1955-1959,21,0,31,89.0,2440.0,31,2560,0.0,0.034765625,-0.034765625,,0.6250825663923942,0.01126371197012874,underrepresented,1.0,False
1955-1959,22,0,58,89.0,2413.0,58,2560,0.0,0.034765625,-0.034765625,,0.2659372393222351,0.021730339203508905,underrepresented,0.7406254827044715,False
1955-1959,23,0,31,89.0,2440.0,31,2560,0.0,0.034765625,-0.034765625,,0.6250825663923942,0.01126371197012874,underrepresented,1.0,False
1955-1959,24,0,23,89.0,2448.0,23,2560,0.0,0.034765625,-0.034765625,,1.0,0.006770797673499334,underrepresented,1.0,False
1955-1959,25,0,29,89.0,2442.0,29,2560,0.0,0.034765625,-0.034765625,,0.623542911295059,0.010240021040734388,underrepresented,1.0,False
1955-1959,26,3,100,86.0,2371.0,103,2560,0.02912621359223301,0.034765625,-0.005639411407766991,,1.0,0.0008774407072695428,underrepresented,1.0,False
1955-1959,27,1,8,,,9,2560,0.1111111111111111,0.034765625,0.07634548611111111,,1.0,0.0,neutral,1.0,False
1955-1959,28,0,4,,,4,2560,0.0,0.034765625,-0.034765625,,1.0,0.0,neutral,1.0,False
1955-1959,29,0,40,89.0,2431.0,40,2560,0.0,0.034765625,-0.034765625,,0.4005093289433459,0.015313455643983221,underrepresented,0.8687103754545813,False
1955-1959,30,0,39,89.0,2432.0,39,2560,0.0,0.034765625,-0.034765625,,0.6448462081970402,0.014900206084919966,underrepresented,1.0,False
1955-1959,31,11,319,78.0,2152.0,330,2560,0.03333333333333333,0.034765625,-0.0014322916666666685,,1.0,0.0,underrepresented,1.0,False
1955-1959,32,1,17,88.0,2454.0,18,2560,0.05555555555555555,0.034765625,0.02078993055555555,,0.4722225776046449,0.0,overrepresented,0.9506179993609845,False
1955-1959,33,2,10,87.0,2461.0,12,2560,0.16666666666666666,0.034765625,0.13190104166666666,,0.0629078112279152,0.03380426635998153,overrepresented,0.3284000992914895,False
1955-1959,34,0,7,,,7,2560,0.0,0.034765625,-0.034765625,,1.0,0.0,neutral,1.0,False
1955-1959,35,3,20,86.0,2451.0,23,2560,0.13043478260869565,0.034765625,0.09566915760869565,,0.043517899281491905,0.038426704397317615,overrepresented,0.25611808239553197,False
1955-1959,36,0,2,,,2,2560,0.0,0.034765625,-0.034765625,,1.0,0.0,neutral,1.0,False
1955-1959,37,0,1,,,1,2560,0.0,0.034765625,-0.034765625,,1.0,0.0,neutral,1.0,False
1955-1959,38,0,13,89.0,2458.0,13,2560,0.0,0.034765625,-0.034765625,,1.0,0.0,underrepresented,1.0,False
1955-1959,39,0,24,89.0,2447.0,24,2560,0.0,0.034765625,-0.034765625,,1.0,0.007398814571305153,underrepresented,1.0,False
1955-1959,40,2,30,87.0,2441.0,32,2560,0.0625,0.034765625,0.027734375,,0.3064235610167523,0.007437325209659941,overrepresented,0.7930962755727706,False
1955-1959,41,1,43,88.0,2428.0,44,2560,0.022727272727272728,0.034765625,-0.012038352272727273,,1.0,0.00048708029413899515,underrepresented,1.0,False
1955-1959,42,2,31,87.0,2440.0,33,2560,0.06060606060606061,0.034765625,0.025840435606060606,,0.31942670802769846,0.006668018305171177,overrepresented,0.8076967397322432,False
1955-1959,43,3,48,86.0,2423.0,51,2560,0.058823529411764705,0.034765625,0.024057904411764704,,0.2603332419949639,0.011093780746847205,overrepresented,0.7406254827044715,False
1955-1959,44,0,0,,,0,2560,0.0,0.034765625,0.0,,1.0,0.0,neutral,1.0,False
1955-1959,45,1,13,88.0,2458.0,14,2560,0.07142857142857142,0.034765625,0.03666294642857142,,0.39144352577742064,0.0003840204246453231,overrepresented,0.8661787650198977,False
1955-1959,46,5,68,84.0,2403.0,73,2560,0.0684931506849315,0.034765625,0.0337275256849315,,0.10742149503005126,0.025138101731008694,overrepresented,0.43887761287283017,False
1955-1959,47,0,0,,,0,2560,0.0,0.034765625,0.0,,1.0,0.0,neutral,1.0,False
1955-1959,48,2,38,87.0,2433.0,40,2560,0.05,0.034765625,0.015234375000000001,,0.6484548559458082,0.001880599815927764,overrepresented,1.0,False
1955-1959,49,0,21,89.0,2450.0,21,2560,0.0,0.034765625,-0.034765625,,1.0,0.005439298851989962,underrepresented,1.0,False
1955-1959,50,0,9,,,9,2560,0.0,0.034765625,-0.034765625,,1.0,0.0,neutral,1.0,False
1955-1959,51,2,23,87.0,2448.0,25,2560,0.08,0.034765625,0.045234375,,0.2150476623321255,0.013679876116360193,overrepresented,0.6645620066718527,False
1955-1959,52,0,0,,,0,2560,0.0,0.034765625,0.0,,1.0,0.0,neutral,1.0,False
1955-1959,53,0,0,,,0,2560,0.0,0.034765625,0.0,,1.0,0.0,neutral,1.0,False
1955-1959,54,0,0,,,0,2560,0.0,0.034765625,0.0,,1.0,0.0,neutral,1.0,False
1955-1959,55,0,5,,,5,2560,0.0,0.034765625,-0.034765625,,1.0,0.0,neutral,1.0,False
1955-1959,56,0,11,89.0,2460.0,11,2560,0.0,0.034765625,-0.034765625,,1.0,0.0,underrepresented,1.0,False
1955-1959,57,2,19,87.0,2452.0,21,2560,0.09523809523809523,0.034765625,0.06047247023809523,,0.16413018789848435,0.018201796328136184,overrepresented,0.5637780431903329,False
1955-1959,58,2,13,87.0,2458.0,15,2560,0.13333333333333333,0.034765625,0.09856770833333334,,0.09361895119716414,0.02733926479084876,overrepresented,0.40422388273915727,False
1955-1959,59,0,9,,,9,2560,0.0,0.034765625,-0.034765625,,1.0,0.0,neutral,1.0,False
1955-1959,60,1,3,,,4,2560,0.25,0.034765625,0.215234375,,1.0,0.0,neutral,1.0,False
1955-1959,61,0,0,,,0,2560,0.0,0.034765625,0.0,,1.0,0.0,neutral,1.0,False
1955-1959,62,0,2,,,2,2560,0.0,0.034765625,-0.034765625,,1.0,0.0,neutral,1.0,False
1955-1959,63,0,0,,,0,2560,0.0,0.034765625,0.0,,1.0,0.0,neutral,1.0,False
1955-1959,64,1,9,88.0,2462.0,10,2560,0.1,0.034765625,0.06523437500000001,,0.2984604763552791,0.005207906047308416,overrepresented,0.7841906242901336,False
1955-1959,65,0,0,,,0,2560,0.0,0.034765625,0.0,,1.0,0.0,neutral,1.0,False
1960-1964,0,0,53,107.0,5133.0,53,5293,0.0,0.020215378802191573,-0.020215378802191573,,0.6277985777217232,0.007704453981740406,underrepresented,1.0,False
1960-1964,1,16,264,91.0,4922.0,280,5293,0.05714285714285714,0.020215378802191573,0.036927478340665565,,0.0001345312774143063,0.05901296979590353,overrepresented,0.0026448276666131707,True
1960-1964,2,0,50,107.0,5136.0,50,5293,0.0,0.020215378802191573,-0.020215378802191573,,0.6266740590457995,0.007088319713015477,underrepresented,1.0,False
1960-1964,3,2,98,105.0,5088.0,100,5293,0.02,0.020215378802191573,-0.0002153788021915723,,1.0,0.0,underrepresented,1.0,False
1960-1964,4,3,76,104.0,5110.0,79,5293,0.0379746835443038,0.020215378802191573,0.017759304742112226,,0.2139551974259723,0.00999712820975209,overrepresented,0.6645620066718527,False
1960-1964,5,0,0,,,0,5293,0.0,0.020215378802191573,0.0,,1.0,0.0,neutral,1.0,False
1960-1964,6,1,71,106.0,5115.0,72,5293,0.013888888888888888,0.020215378802191573,-0.006326489913302685,,1.0,0.0,underrepresented,1.0,False
1960-1964,7,10,493,97.0,4693.0,503,5293,0.019880715705765408,0.020215378802191573,-0.0003346630964261646,,1.0,0.0,underrepresented,1.0,False
1960-1964,8,0,66,107.0,5120.0,66,5293,0.0,0.020215378802191573,-0.020215378802191573,,0.6447517798480414,0.010091913657882388,underrepresented,1.0,False
1960-1964,9,0,28,107.0,5158.0,28,5293,0.0,0.020215378802191573,-0.020215378802191573,,1.0,0.0012219708095238925,underrepresented,1.0,False
1960-1964,10,0,94,107.0,5092.0,94,5293,0.0,0.020215378802191573,-0.020215378802191573,,0.26582361099413915,0.014232268631042759,underrepresented,0.7406254827044715,False
1960-1964,11,0,27,107.0,5159.0,27,5293,0.0,0.020215378802191573,-0.020215378802191573,,1.0,0.0008633388578260051,underrepresented,1.0,False
1960-1964,12,0,25,107.0,5161.0,25,5293,0.0,0.020215378802191573,-0.020215378802191573,,1.0,0.00010542505286646786,underrepresented,1.0,False
1960-1964,13,1,58,106.0,5128.0,59,5293,0.01694915254237288,0.020215378802191573,-0.0032662262598186914,,1.0,0.0,underrepresented,1.0,False
1960-1964,14,5,95,102.0,5091.0,100,5293,0.05,0.020215378802191573,0.02978462119780843,,0.05103383259036108,0.02443806824528854,overrepresented,0.2823668342125368,False
1960-1964,15,0,37,107.0,5149.0,37,5293,0.0,0.020215378802191573,-0.020215378802191573,,1.0,0.003995421724650331,underrepresented,1.0,False
1960-1964,16,5,92,102.0,5094.0,97,5293,0.05154639175257732,0.020215378802191573,0.03133101295038575,,0.04577750063113815,0.02541291759699651,overrepresented,0.26272304710044503,False
1960-1964,17,1,64,106.0,5122.0,65,5293,0.015384615384615385,0.020215378802191573,-0.004830763417576187,,1.0,0.0,underrepresented,1.0,False
1960-1964,18,12,1001,95.0,4185.0,1013,5293,0.011846001974333662,0.020215378802191573,-0.00836937682785791,,0.03455109630714805,0.027225188969246483,underrepresented,0.2142631744147973,False
1960-1964,19,0,50,107.0,5136.0,50,5293,0.0,0.020215378802191573,-0.020215378802191573,,0.6266740590457995,0.007088319713015477,underrepresented,1.0,False
1960-1964,20,0,1,,,1,5293,0.0,0.020215378802191573,-0.020215378802191573,,1.0,0.0,neutral,1.0,False
1960-1964,21,1,66,106.0,5120.0,67,5293,0.014925373134328358,0.020215378802191573,-0.005290005667863215,,1.0,0.0,underrepresented,1.0,False
1960-1964,22,1,97,106.0,5089.0,98,5293,0.01020408163265306,0.020215378802191573,-0.010011297169538512,,0.723967520245324,0.004791039171489218,underrepresented,1.0,False
1960-1964,23,2,61,105.0,5125.0,63,5293,0.031746031746031744,0.020215378802191573,0.011530652943840172,,0.3653200211805275,0.002802907554852062,overrepresented,0.8560663916274084,False
1960-1964,24,0,76,107.0,5110.0,76,5293,0.0,0.020215378802191573,-0.020215378802191573,,0.4076525530350842,0.011694747779799817,underrepresented,0.8704449570188038,False
1960-1964,25,2,84,105.0,5102.0,86,5293,0.023255813953488372,0.020215378802191573,0.003040435151296799,,0.692953358076537,0.0,overrepresented,1.0,False
1960-1964,26,0,163,107.0,5023.0,163,5293,0.0,0.020215378802191573,-0.020215378802191573,,0.08009134675896525,0.0217189918507735,underrepresented,0.3681811164441985,False
1960-1964,27,0,17,107.0,5169.0,17,5293,0.0,0.020215378802191573,-0.020215378802191573,,1.0,0.0,underrepresented,1.0,False
1960-1964,28,2,20,105.0,5166.0,22,5293,0.09090909090909091,0.020215378802191573,0.07069371210689934,,0.07195031121159368,0.022018922484523095,overrepresented,0.35283542642363347,False
1960-1964,29,0,97,107.0,5089.0,97,5293,0.0,0.020215378802191573,-0.020215378802191573,,0.2676769446065146,0.014621480361529484,underrepresented,0.7406254827044715,False
1960-1964,30,2,96,105.0,5090.0,98,5293,0.02040816326530612,0.020215378802191573,0.0001927844631145481,,1.0,0.0,overrepresented,1.0,False
1960-1964,31,15,586,92.0,4600.0,601,5293,0.024958402662229616,0.020215378802191573,0.004743023860038043,,0.3567064178847402,0.009945997852234273,overrepresented,0.8560663916274084,False
1960-1964,32,1,30,106.0,5156.0,31,5293,0.03225806451612903,0.020215378802191573,0.012042685713937459,,0.470020708523564,0.0,overrepresented,0.9482513857549631,False
1960-1964,33,0,24,107.0,5162.0,24,5293,0.0,0.020215378802191573,-0.020215378802191573,,1.0,0.0,underrepresented,1.0,False
1960-1964,34,0,11,107.0,5175.0,11,5293,0.0,0.020215378802191573,-0.020215378802191573,,1.0,0.0,underrepresented,1.0,False
1960-1964,35,1,65,106.0,5121.0,66,5293,0.015151515151515152,0.020215378802191573,-0.005063863650676421,,1.0,0.0,underrepresented,1.0,False
1960-1964,36,0,4,,,4,5293,0.0,0.020215378802191573,-0.020215378802191573,,1.0,0.0,neutral,1.0,False
1960-1964,37,0,0,,,0,5293,0.0,0.020215378802191573,0.0,,1.0,0.0,neutral,1.0,False
1960-1964,38,0,17,107.0,5169.0,17,5293,0.0,0.020215378802191573,-0.020215378802191573,,1.0,0.0,underrepresented,1.0,False
1960-1964,39,0,85,107.0,5101.0,85,5293,0.0,0.020215378802191573,-0.020215378802191573,,0.4199566250327117,0.013010848157254716,underrepresented,0.8819089125686946,False
1960-1964,40,2,70,105.0,5116.0,72,5293,0.027777777777777776,0.020215378802191573,0.0075623989755862035,,0.6573045719834422,0.0005156317742423452,overrepresented,1.0,False
1960-1964,41,0,55,107.0,5131.0,55,5293,0.0,0.020215378802191573,-0.020215378802191573,,0.6292234224248399,0.008099750932850154,underrepresented,1.0,False
1960-1964,42,3,63,104.0,5123.0,66,5293,0.045454545454545456,0.020215378802191573,0.025239166652353883,,0.14820801519865592,0.01410308078948325,overrepresented,0.5328568328543116,False
1960-1964,43,4,92,103.0,5094.0,96,5293,0.041666666666666664,0.020215378802191573,0.02145128786447509,,0.12868873559230015,0.015686210389271982,overrepresented,0.4889650367367329,False
1960-1964,44,0,0,,,0,5293,0.0,0.020215378802191573,0.0,,1.0,0.0,neutral,1.0,False
1960-1964,45,0,30,107.0,5156.0,30,5293,0.0,0.020215378802191573,-0.020215378802191573,,1.0,0.0019037436290094516,underrepresented,1.0,False
1960-1964,46,5,154,102.0,5032.0,159,5293,0.031446540880503145,0.020215378802191573,0.011231162078311572,,0.25522857257035375,0.010111728468575486,overrepresented,0.7346766388006445,False
1960-1964,47,0,0,,,0,5293,0.0,0.020215378802191573,0.0,,1.0,0.0,neutral,1.0,False
1960-1964,48,1,73,106.0,5113.0,74,5293,0.013513513513513514,0.020215378802191573,-0.0067018652886780584,,1.0,0.0,underrepresented,1.0,False
1960-1964,49,1,49,106.0,5137.0,50,5293,0.02,0.020215378802191573,-0.0002153788021915723,,1.0,0.0,underrepresented,1.0,False
1960-1964,50,0,23,107.0,5163.0,23,5293,0.0,0.020215378802191573,-0.020215378802191573,,1.0,0.0,underrepresented,1.0,False
1960-1964,51,2,24,105.0,5162.0,26,5293,0.07692307692307693,0.020215378802191573,0.05670769812088536,,0.0961532607636463,0.01870952485826485,overrepresented,0.41252160713488795,False
1960-1964,52,1,7,,,8,5293,0.125,0.020215378802191573,0.10478462119780843,,1.0,0.0,neutral,1.0,False
1960-1964,53,0,1,,,1,5293,0.0,0.020215378802191573,-0.020215378802191573,,1.0,0.0,neutral,1.0,False
1960-1964,54,0,0,,,0,5293,0.0,0.020215378802191573,0.0,,1.0,0.0,neutral,1.0,False
1960-1964,55,0,11,107.0,5175.0,11,5293,0.0,0.020215378802191573,-0.020215378802191573,,1.0,0.0,underrepresented,1.0,False
1960-1964,56,0,20,107.0,5166.0,20,5293,0.0,0.020215378802191573,-0.020215378802191573,,1.0,0.0,underrepresented,1.0,False
1960-1964,57,1,38,106.0,5148.0,39,5293,0.02564102564102564,0.020215378802191573,0.005425646838834067,,0.5503925554427949,0.0,overrepresented,1.0,False
1960-1964,58,2,46,105.0,5140.0,48,5293,0.041666666666666664,0.020215378802191573,0.02145128786447509,,0.2531185471096309,0.007500652587296179,overrepresented,0.7346766388006445,False
1960-1964,59,0,32,107.0,5154.0,32,5293,0.0,0.020215378802191573,-0.020215378802191573,,1.0,0.0025438008762241554,underrepresented,1.0,False
1960-1964,60,0,22,107.0,5164.0,22,5293,0.0,0.020215378802191573,-0.020215378802191573,,1.0,0.0,underrepresented,1.0,False
1960-1964,61,0,0,,,0,5293,0.0,0.020215378802191573,0.0,,1.0,0.0,neutral,1.0,False
1960-1964,62,0,3,,,3,5293,0.0,0.020215378802191573,-0.020215378802191573,,1.0,0.0,neutral,1.0,False
1960-1964,63,0,0,,,0,5293,0.0,0.020215378802191573,0.0,,1.0,0.0,neutral,1.0,False
1960-1964,64,2,31,105.0,5155.0,33,5293,0.06060606060606061,0.020215378802191573,0.04039068180386904,,0.1428866745736662,0.014204725907562448,overrepresented,0.5281091492242702,False
1960-1964,65,0,0,,,0,5293,0.0,0.020215378802191573,0.0,,1.0,0.0,neutral,1.0,False
1965-1969,0,10,416,169.0,8990.0,426,9585,0.023474178403755867,0.018675013041210223,0.004799165362545644,,0.46014149186154935,0.005775725921802805,overrepresented,0.9333262330774017,False
1965-1969,1,7,247,172.0,9159.0,254,9585,0.027559055118110236,0.018675013041210223,0.008884042076900012,,0.24387689012699476,0.008428336355180002,overrepresented,0.724573139798531,False
1965-1969,2,3,146,176.0,9260.0,149,9585,0.020134228187919462,0.018675013041210223,0.0014592151467092383,,0.7583883614522251,0.0,overrepresented,1.0,False
1965-1969,3,2,102,177.0,9304.0,104,9585,0.019230769230769232,0.018675013041210223,0.0005557561895590084,,0.7212926815976922,0.0,overrepresented,1.0,False
1965-1969,4,2,197,177.0,9209.0,199,9585,0.010050251256281407,0.018675013041210223,-0.008624761784928816,,0.591737926010687,0.006574259781455294,underrepresented,1.0,False
1965-1969,5,0,4,,,4,9585,0.0,0.018675013041210223,-0.018675013041210223,,1.0,0.0,neutral,1.0,False
1965-1969,6,1,94,178.0,9312.0,95,9585,0.010526315789473684,0.018675013041210223,-0.00814869725173654,,1.0,0.0021326461997737867,underrepresented,1.0,False
1965-1969,7,9,632,170.0,8774.0,641,9585,0.014040561622464899,0.018675013041210223,-0.004634451418745324,,0.4505338496962329,0.007622286956827804,underrepresented,0.9210028254852195,False
1965-1969,8,0,110,179.0,9296.0,110,9585,0.0,0.018675013041210223,-0.018675013041210223,,0.27431896351145446,0.011246009330684849,underrepresented,0.7499133795401891,False
1965-1969,9,3,115,176.0,9291.0,118,9585,0.025423728813559324,0.018675013041210223,0.0067487157723491,,0.4857218275092744,0.0020711836004151203,overrepresented,0.9589892491849777,False
1965-1969,10,1,94,178.0,9312.0,95,9585,0.010526315789473684,0.018675013041210223,-0.00814869725173654,,1.0,0.0021326461997737867,underrepresented,1.0,False
1965-1969,11,4,45,175.0,9361.0,49,9585,0.08163265306122448,0.018675013041210223,0.06295764002001426,,0.01296164006781745,0.027933785425450094,overrepresented,0.10495534624492803,False
1965-1969,12,0,18,179.0,9388.0,18,9585,0.0,0.018675013041210223,-0.018675013041210223,,1.0,0.0,underrepresented,1.0,False
1965-1969,13,2,150,177.0,9256.0,152,9585,0.013157894736842105,0.018675013041210223,-0.005517118304368119,,1.0,0.0020888434832777914,underrepresented,1.0,False
1965-1969,14,3,86,176.0,9320.0,89,9585,0.033707865168539325,0.018675013041210223,0.015032852127329101,,0.23151062993674915,0.006732902178523198,overrepresented,0.7059928120843438,False
1965-1969,15,4,140,175.0,9266.0,144,9585,0.027777777777777776,0.018675013041210223,0.009102764736567553,,0.3471889457603934,0.005136716576889274,overrepresented,0.8454717117775686,False
1965-1969,16,5,174,174.0,9232.0,179,9585,0.027932960893854747,0.018675013041210223,0.009257947852644523,,0.3911973461855892,0.006587676711762491,overrepresented,0.8661787650198977,False
1965-1969,17,0,168,179.0,9238.0,168,9585,0.0,0.018675013041210223,-0.018675013041210223,,0.07890650862268013,0.01548918443437003,underrepresented,0.36637996968520825,False
1965-1969,18,23,1779,156.0,7627.0,1802,9585,0.012763596004439512,0.018675013041210223,-0.005911417036770712,,0.042104659468111136,0.02002533512742511,underrepresented,0.24938913684958133,False
1965-1969,19,1,161,178.0,9245.0,162,9585,0.006172839506172839,0.018675013041210223,-0.012502173535037384,,0.376084041856436,0.009119711916963386,underrepresented,0.8647450402645038,False
1965-1969,20,0,2,,,2,9585,0.0,0.018675013041210223,-0.018675013041210223,,1.0,0.0,neutral,1.0,False
1965-1969,21,0,29,179.0,9377.0,29,9585,0.0,0.018675013041210223,-0.018675013041210223,,1.0,0.0005833943966869109,underrepresented,1.0,False
1965-1969,22,2,242,177.0,9164.0,244,9585,0.00819672131147541,0.018675013041210223,-0.010478291729734813,,0.33314249739007773,0.010063362923531024,underrepresented,0.8208631135691515,False
1965-1969,23,5,72,174.0,9334.0,77,9585,0.06493506493506493,0.018675013041210223,0.04626005189385471,,0.014379370733463943,0.026435148546374142,overrepresented,0.10980610378281556,False
1965-1969,24,1,215,178.0,9191.0,216,9585,0.004629629629629629,0.018675013041210223,-0.014045383411580594,,0.1945470599876778,0.01315716842387186,underrepresented,0.6156215185911448,False
1965-1969,25,3,203,176.0,9203.0,206,9585,0.014563106796116505,0.018675013041210223,-0.004111906245093718,,1.0,0.0018443640437568703,underrepresented,1.0,False
1965-1969,26,6,276,173.0,9130.0,282,9585,0.02127659574468085,0.018675013041210223,0.002601582703470627,,0.6544466200414013,0.001065579850013443,overrepresented,1.0,False
1965-1969,27,1,86,178.0,9320.0,87,9585,0.011494252873563218,0.018675013041210223,-0.007180760167647005,,1.0,0.001013549278496237,underrepresented,1.0,False
1965-1969,28,1,64,178.0,9342.0,65,9585,0.015384615384615385,0.018675013041210223,-0.003290397656594838,,1.0,0.0,underrepresented,1.0,False
1965-1969,29,2,115,177.0,9291.0,117,9585,0.017094017094017096,0.018675013041210223,-0.0015809959471931277,,1.0,0.0,underrepresented,1.0,False
1965-1969,30,4,169,175.0,9237.0,173,9585,0.023121387283236993,0.018675013041210223,0.00444637424202677,,0.567222777122894,0.001558514509702974,overrepresented,1.0,False
1965-1969,31,20,864,159.0,8542.0,884,9585,0.02262443438914027,0.018675013041210223,0.0039494213479300475,,0.36034188299270753,0.007967291277376424,overrepresented,0.8560663916274084,False
1965-1969,32,4,121,175.0,9285.0,125,9585,0.032,0.018675013041210223,0.013324986958789777,,0.2987392854438604,0.007918096420122386,overrepresented,0.7841906242901336,False
1965-1969,33,0,53,179.0,9353.0,53,9585,0.0,0.018675013041210223,-0.018675013041210223,,0.6275908282364631,0.005090147754970196,underrepresented,1.0,False
1965-1969,34,1,24,178.0,9382.0,25,9585,0.04,0.018675013041210223,0.021324986958789777,,0.37617567572649735,0.000500513477601441,overrepresented,0.8647450402645038,False
1965-1969,35,8,276,171.0,9130.0,284,9585,0.028169014084507043,0.018675013041210223,0.00949400104329682,,0.2577761148157794,0.009982286987015766,overrepresented,0.7397053729496278,False
1965-1969,36,0,5,,,5,9585,0.0,0.018675013041210223,-0.018675013041210223,,1.0,0.0,neutral,1.0,False
1965-1969,37,0,1,,,1,9585,0.0,0.018675013041210223,-0.018675013041210223,,1.0,0.0,neutral,1.0,False
1965-1969,38,1,35,178.0,9371.0,36,9585,0.027777777777777776,0.018675013041210223,0.009102764736567553,,0.4933380679633834,0.0,overrepresented,0.9698816485067366,False
1965-1969,39,3,71,176.0,9335.0,74,9585,0.04054054054054054,0.018675013041210223,0.02186552749933032,,0.160148995904313,0.009844530637543597,overrepresented,0.5542234914441394,False
1965-1969,40,4,150,175.0,9256.0,154,9585,0.025974025974025976,0.018675013041210223,0.007299012932815752,,0.537621716170619,0.003825091880139348,overrepresented,1.0,False
1965-1969,41,1,57,178.0,9349.0,58,9585,0.017241379310344827,0.018675013041210223,-0.0014336337308653961,,1.0,0.0,underrepresented,1.0,False
1965-1969,42,3,69,176.0,9337.0,72,9585,0.041666666666666664,0.018675013041210223,0.02299165362545644,,0.15120490135132536,0.010312646430336388,overrepresented,0.5386317658636761,False
1965-1969,43,2,193,177.0,9213.0,195,9585,0.010256410256410256,0.018675013041210223,-0.008418602784799967,,0.589960370534923,0.006232143586453231,underrepresented,1.0,False
1965-1969,44,0,0,,,0,9585,0.0,0.018675013041210223,0.0,,1.0,0.0,neutral,1.0,False
1965-1969,45,1,63,178.0,9343.0,64,9585,0.015625,0.018675013041210223,-0.0030500130412102235,,1.0,0.0,underrepresented,1.0,False
1965-1969,46,8,235,171.0,9171.0,243,9585,0.03292181069958848,0.018675013041210223,0.014246797658378257,,0.14061866613233864,0.014521817355006478,overrepresented,0.5260390587298822,False
1965-1969,47,0,0,,,0,9585,0.0,0.018675013041210223,0.0,,1.0,0.0,neutral,1.0,False
1965-1969,48,2,148,177.0,9258.0,150,9585,0.013333333333333334,0.018675013041210223,-0.005341679707876889,,1.0,0.0018705805246703774,underrepresented,1.0,False
1965-1969,49,2,71,177.0,9335.0,73,9585,0.0273972602739726,0.018675013041210223,0.008722247232762378,,0.39707880236487875,0.001212022470889616,overrepresented,0.8677794692000513,False
1965-1969,50,3,151,176.0,9255.0,154,9585,0.01948051948051948,0.018675013041210223,0.0008055064393092566,,0.7651697845118293,0.0,overrepresented,1.0,False
1965-1969,51,4,80,175.0,9326.0,84,9585,0.047619047619047616,0.018675013041210223,0.028944034577837393,,0.07189669598634577,0.015969389240924246,overrepresented,0.35283542642363347,False
1965-1969,52,0,37,179.0,9369.0,37,9585,0.0,0.018675013041210223,-0.018675013041210223,,1.0,0.0023734695441764444,underrepresented,1.0,False
1965-1969,53,0,0,,,0,9585,0.0,0.018675013041210223,0.0,,1.0,0.0,neutral,1.0,False
1965-1969,54,0,0,,,0,9585,0.0,0.018675013041210223,0.0,,1.0,0.0,neutral,1.0,False
1965-1969,55,0,14,179.0,9392.0,14,9585,0.0,0.018675013041210223,-0.018675013041210223,,1.0,0.0,underrepresented,1.0,False
1965-1969,56,0,11,179.0,9395.0,11,9585,0.0,0.018675013041210223,-0.018675013041210223,,1.0,0.0,underrepresented,1.0,False
1965-1969,57,3,135,176.0,9271.0,138,9585,0.021739130434782608,0.018675013041210223,0.0030641173935723846,,0.7449215157886024,0.0,overrepresented,1.0,False
1965-1969,58,0,61,179.0,9345.0,61,9585,0.0,0.018675013041210223,-0.018675013041210223,,0.6313988381143364,0.006194536614156633,underrepresented,1.0,False
1965-1969,59,3,71,176.0,9335.0,74,9585,0.04054054054054054,0.018675013041210223,0.02186552749933032,,0.160148995904313,0.009844530637543597,overrepresented,0.5542234914441394,False
1965-1969,60,0,33,179.0,9373.0,33,9585,0.0,0.018675013041210223,-0.018675013041210223,,1.0,0.0015298432804595808,underrepresented,1.0,False
1965-1969,61,0,0,,,0,9585,0.0,0.018675013041210223,0.0,,1.0,0.0,neutral,1.0,False
1965-1969,62,1,10,178.0,9396.0,11,9585,0.09090909090909091,0.018675013041210223,0.07223407786788069,,0.18736790724070332,0.006705261740235424,overrepresented,0.5990586376830791,False
1965-1969,63,0,0,,,0,9585,0.0,0.018675013041210223,0.0,,1.0,0.0,neutral,1.0,False
1965-1969,64,0,16,179.0,9390.0,16,9585,0.0,0.018675013041210223,-0.018675013041210223,,1.0,0.0,underrepresented,1.0,False
1965-1969,65,0,0,,,0,9585,0.0,0.018675013041210223,0.0,,1.0,0.0,neutral,1.0,False
1970-1974,0,7,672,167.0,9339.0,679,10185,0.010309278350515464,0.017083946980854196,-0.006774668630338732,,0.21704462666055388,0.012453681171963452,underrepresented,0.6663283351505435,False
1970-1974,1,17,280,157.0,9731.0,297,10185,0.05723905723905724,0.017083946980854196,0.04015511025820305,,1.2473749562481103e-05,0.05145315615554894,overrepresented,0.00034926498774947093,True
1970-1974,2,1,153,173.0,9858.0,154,10185,0.006493506493506494,0.017083946980854196,-0.010590440487347702,,0.5258572852538942,0.007021826528611638,underrepresented,1.0,False
1970-1974,3,2,87,172.0,9924.0,89,10185,0.02247191011235955,0.017083946980854196,0.005387963131505354,,0.6655439790077973,0.0,overrepresented,1.0,False
1970-1974,4,3,161,171.0,9850.0,164,10185,0.018292682926829267,0.017083946980854196,0.0012087359459750716,,0.7598201222330507,0.0,overrepresented,1.0,False
1970-1974,5,0,14,174.0,9997.0,14,10185,0.0,0.017083946980854196,-0.017083946980854196,,1.0,0.0,underrepresented,1.0,False
1970-1974,6,4,159,170.0,9852.0,163,10185,0.024539877300613498,0.017083946980854196,0.007455930319759302,,0.36273336696755704,0.00431891847522722,overrepresented,0.8560663916274084,False
1970-1974,7,11,632,163.0,9379.0,643,10185,0.017107309486780714,0.017083946980854196,2.3362505926518423e-05,,1.0,0.0,overrepresented,1.0,False
1970-1974,8,2,120,172.0,9891.0,122,10185,0.01639344262295082,0.017083946980854196,-0.0006905043579033751,,1.0,0.0,underrepresented,1.0,False
1970-1974,9,2,210,172.0,9801.0,212,10185,0.009433962264150943,0.017083946980854196,-0.007649984716703253,,0.5897686299611873,0.005953618741955879,underrepresented,1.0,False
1970-1974,10,2,182,172.0,9829.0,184,10185,0.010869565217391304,0.017083946980854196,-0.006214381763462892,,0.7729211644169811,0.0036604065498264,underrepresented,1.0,False
1970-1974,11,0,52,174.0,9959.0,52,10185,0.0,0.017083946980854196,-0.017083946980854196,,1.0,0.0041287381562386885,underrepresented,1.0,False
1970-1974,12,1,28,173.0,9983.0,29,10185,0.034482758620689655,0.017083946980854196,0.01739881163983546,,0.3937176204635898,6.49201108957041e-05,overrepresented,0.8661787650198977,False
1970-1974,13,5,329,169.0,9682.0,334,10185,0.014970059880239521,0.017083946980854196,-0.0021138871006146746,,1.0,0.0008765611648680086,underrepresented,1.0,False
1970-1974,14,1,66,173.0,9945.0,67,10185,0.014925373134328358,0.017083946980854196,-0.0021585738465258377,,1.0,0.0,underrepresented,1.0,False
1970-1974,15,8,335,166.0,9676.0,343,10185,0.023323615160349854,0.017083946980854196,0.006239668179495658,,0.39009566402086204,0.00688901901545329,overrepresented,0.8661787650198977,False
1970-1974,16,2,232,172.0,9779.0,234,10185,0.008547008547008548,0.017083946980854196,-0.008536938433845648,,0.44381012274185866,0.007573817912613092,underrepresented,0.9124282630950789,False
1970-1974,17,3,204,171.0,9807.0,207,10185,0.014492753623188406,0.017083946980854196,-0.0025911933576657897,,1.0,0.0001953295434407516,underrepresented,1.0,False
1970-1974,18,14,1367,160.0,8644.0,1381,10185,0.010137581462708182,0.017083946980854196,-0.006946365518146013,,0.03310659360201573,0.02012401847376712,underrepresented,0.2095239211524831,False
1970-1974,19,1,281,173.0,9730.0,282,10185,0.0035460992907801418,0.017083946980854196,-0.013537847690074054,,0.09643362244711666,0.015320513420089702,underrepresented,0.41252160713488795,False
1970-1974,20,0,1,,,1,10185,0.0,0.017083946980854196,-0.017083946980854196,,1.0,0.0,neutral,1.0,False
1970-1974,21,0,28,174.0,9983.0,28,10185,0.0,0.017083946980854196,-0.017083946980854196,,1.0,0.0,underrepresented,1.0,False
1970-1974,22,4,204,170.0,9807.0,208,10185,0.019230769230769232,0.017083946980854196,0.002146822249915036,,0.7828446125053137,0.0,overrepresented,1.0,False
1970-1974,23,6,79,168.0,9932.0,85,10185,0.07058823529411765,0.017083946980854196,0.053504288313263454,,0.0032726587422885482,0.033713473157127756,overrepresented,0.03643297202258577,True
1970-1974,24,1,155,173.0,9856.0,156,10185,0.00641025641025641,0.017083946980854196,-0.010673690570597786,,0.52701850630183,0.007188167257393911,underrepresented,1.0,False
1970-1974,25,5,271,169.0,9740.0,276,10185,0.018115942028985508,0.017083946980854196,0.0010319950481313123,,0.8124315948968334,0.0,overrepresented,1.0,False
1970-1974,26,8,310,166.0,9701.0,318,10185,0.025157232704402517,0.017083946980854196,0.008073285723548321,,0.26485410658841746,0.009006293173573536,overrepresented,0.7406254827044715,False
1970-1974,27,2,110,172.0,9901.0,112,10185,0.017857142857142856,0.017083946980854196,0.0007731958762886605,,0.7172966548115738,0.0,overrepresented,1.0,False
1970-1974,28,1,79,173.0,9932.0,80,10185,0.0125,0.017083946980854196,-0.004583946980854195,,1.0,0.0,underrepresented,1.0,False
1970-1974,29,0,85,174.0,9926.0,85,10185,0.0,0.017083946980854196,-0.017083946980854196,,0.40720982565492936,0.007930056538505764,underrepresented,0.8704449570188038,False
1970-1974,30,4,95,170.0,9916.0,99,10185,0.04040404040404041,0.017083946980854196,0.023320093423186212,,0.08925248493350041,0.013968010614298441,overrepresented,0.3945899333902123,False
1970-1974,31,17,537,157.0,9474.0,554,10185,0.030685920577617327,0.017083946980854196,0.013601973596763132,,0.017148649709396616,0.02350453495696235,overrepresented,0.1257567645355752,False
1970-1974,32,2,155,172.0,9856.0,157,10185,0.012738853503184714,0.017083946980854196,-0.004345093477669482,,1.0,0.0011204451860255054,underrepresented,1.0,False
1970-1974,33,1,28,173.0,9983.0,29,10185,0.034482758620689655,0.017083946980854196,0.01739881163983546,,0.3937176204635898,6.49201108957041e-05,overrepresented,0.8661787650198977,False
1970-1974,34,0,21,174.0,9990.0,21,10185,0.0,0.017083946980854196,-0.017083946980854196,,1.0,0.0,underrepresented,1.0,False
1970-1974,35,7,388,167.0,9623.0,395,10185,0.017721518987341773,0.017083946980854196,0.0006375720064875773,,0.8426047006576118,0.0,overrepresented,1.0,False
1970-1974,36,1,4,,,5,10185,0.2,0.017083946980854196,0.18291605301914582,,1.0,0.0,neutral,1.0,False
1970-1974,37,0,0,,,0,10185,0.0,0.017083946980854196,0.0,,1.0,0.0,neutral,1.0,False
1970-1974,38,0,35,174.0,9976.0,35,10185,0.0,0.017083946980854196,-0.017083946980854196,,1.0,0.0012680386941612532,underrepresented,1.0,False
1970-1974,39,3,137,171.0,9874.0,140,10185,0.02142857142857143,0.017083946980854196,0.004344624447717233,,0.5178087704366814,0.0007044112038648718,overrepresented,0.9967818830906118,False
1970-1974,40,1,214,173.0,9797.0,215,10185,0.004651162790697674,0.017083946980854196,-0.012432784190156521,,0.2763405870441908,0.01145381881790201,underrepresented,0.7532115115894759,False
1970-1974,41,0,52,174.0,9959.0,52,10185,0.0,0.017083946980854196,-0.017083946980854196,,1.0,0.0041287381562386885,underrepresented,1.0,False
1970-1974,42,0,105,174.0,9906.0,105,10185,0.0,0.017083946980854196,-0.017083946980854196,,0.4291600954069813,0.009704982452231427,underrepresented,0.8921052990191746,False
1970-1974,43,2,144,172.0,9867.0,146,10185,0.0136986301369863,0.017083946980854196,-0.003385316843867895,,1.0,0.0,underrepresented,1.0,False
1970-1974,44,0,0,,,0,10185,0.0,0.017083946980854196,0.0,,1.0,0.0,neutral,1.0,False
1970-1974,45,2,94,172.0,9917.0,96,10185,0.020833333333333332,0.017083946980854196,0.0037493863524791365,,0.6803607998199156,0.0,overrepresented,1.0,False
1970-1974,46,11,210,163.0,9801.0,221,10185,0.049773755656108594,0.017083946980854196,0.032689808675254395,,0.0014235016304992546,0.03496965144122087,overrepresented,0.018790221522590158,True
1970-1974,47,0,0,,,0,10185,0.0,0.017083946980854196,0.0,,1.0,0.0,neutral,1.0,False
1970-1974,48,1,192,173.0,9819.0,193,10185,0.0051813471502590676,0.017083946980854196,-0.011902599830595127,,0.2669256356510928,0.009987105745801953,underrepresented,0.7406254827044715,False
1970-1974,49,1,60,173.0,9951.0,61,10185,0.01639344262295082,0.017083946980854196,-0.0006905043579033751,,1.0,0.0,underrepresented,1.0,False
1970-1974,50,4,199,170.0,9812.0,203,10185,0.019704433497536946,0.017083946980854196,0.0026204865166827504,,0.7799901084560437,0.00017325302907581004,overrepresented,1.0,False
1970-1974,51,1,69,173.0,9942.0,70,10185,0.014285714285714285,0.017083946980854196,-0.0027982326951399104,,1.0,0.0,underrepresented,1.0,False
1970-1974,52,0,63,174.0,9948.0,63,10185,0.0,0.017083946980854196,-0.017083946980854196,,0.629155447867496,0.005569090955284685,underrepresented,1.0,False
1970-1974,53,0,1,,,1,10185,0.0,0.017083946980854196,-0.017083946980854196,,1.0,0.0,neutral,1.0,False
1970-1974,54,0,0,,,0,10185,0.0,0.017083946980854196,0.0,,1.0,0.0,neutral,1.0,False
1970-1974,55,0,29,174.0,9982.0,29,10185,0.0,0.017083946980854196,-0.017083946980854196,,1.0,0.0,underrepresented,1.0,False
1970-1974,56,0,6,,,6,10185,0.0,0.017083946980854196,-0.017083946980854196,,1.0,0.0,neutral,1.0,False
1970-1974,57,1,106,173.0,9905.0,107,10185,0.009345794392523364,0.017083946980854196,-0.007738152588330832,,1.0,0.0024373564971177197,underrepresented,1.0,False
1970-1974,58,0,45,174.0,9966.0,45,10185,0.0,0.017083946980854196,-0.017083946980854196,,1.0,0.0030705455098906423,underrepresented,1.0,False
1970-1974,59,2,65,172.0,9946.0,67,10185,0.029850746268656716,0.017083946980854196,0.01276679928780252,,0.31787481373456294,0.0033308148117587124,overrepresented,0.8076967397322432,False
1970-1974,60,0,37,174.0,9974.0,37,10185,0.0,0.017083946980854196,-0.017083946980854196,,1.0,0.0016637162402316332,underrepresented,1.0,False
1970-1974,61,0,0,,,0,10185,0.0,0.017083946980854196,0.0,,1.0,0.0,neutral,1.0,False
1970-1974,62,0,13,174.0,9998.0,13,10185,0.0,0.017083946980854196,-0.017083946980854196,,1.0,0.0,underrepresented,1.0,False
1970-1974,63,0,3,,,3,10185,0.0,0.017083946980854196,-0.017083946980854196,,1.0,0.0,neutral,1.0,False
1970-1974,64,0,18,174.0,9993.0,18,10185,0.0,0.017083946980854196,-0.017083946980854196,,1.0,0.0,underrepresented,1.0,False
1970-1974,65,0,0,,,0,10185,0.0,0.017083946980854196,0.0,,1.0,0.0,neutral,1.0,False
1975-1979,0,16,611,424.0,9059.0,627,10110,0.025518341307814992,0.043521266073194856,-0.018002924765379864,,0.019814187611725764,0.021683989220846484,underrepresented,0.1382826586018513,False
1975-1979,1,41,480,399.0,9190.0,521,10110,0.07869481765834933,0.043521266073194856,0.03517355158515448,,0.0002277821925017103,0.039088215135821947,overrepresented,0.004209414917431606,True
1975-1979,2,6,112,434.0,9558.0,118,10110,0.05084745762711865,0.043521266073194856,0.0073261915539237915,,0.6469758397386446,0.001645245458188542,overrepresented,1.0,False
1975-1979,3,2,64,438.0,9606.0,66,10110,0.030303030303030304,0.043521266073194856,-0.013218235770164552,,1.0,0.0022418166247561225,underrepresented,1.0,False
1975-1979,4,9,245,431.0,9425.0,254,10110,0.03543307086614173,0.043521266073194856,-0.008088195207053124,,0.640395192524107,0.0048151254270292,underrepresented,1.0,False
1975-1979,5,2,24,438.0,9646.0,26,10110,0.07692307692307693,0.043521266073194856,0.03340181084988207,,0.31357465220766856,0.0035268225529726943,overrepresented,0.8048416073330159,False
1975-1979,6,12,159,428.0,9511.0,171,10110,0.07017543859649122,0.043521266073194856,0.02665417252329637,,0.08829155365959585,0.015255962550031437,overrepresented,0.39221824798782,False
1975-1979,7,24,619,416.0,9051.0,643,10110,0.03732503888024884,0.043521266073194856,-0.006196227192946019,,0.48462692806858076,0.006921492481457479,underrepresented,0.9589892491849777,False
1975-1979,8,3,67,437.0,9603.0,70,10110,0.04285714285714286,0.043521266073194856,-0.0006641232160519983,,1.0,0.0,underrepresented,1.0,False
1975-1979,9,3,186,437.0,9484.0,189,10110,0.015873015873015872,0.043521266073194856,-0.027648250200178984,,0.06874583585135358,0.01691424019227733,underrepresented,0.3495421253481617,False
1975-1979,10,3,97,437.0,9573.0,100,10110,0.03,0.043521266073194856,-0.013521266073194857,,0.8027649267313666,0.004174444272732879,underrepresented,1.0,False
1975-1979,11,8,98,432.0,9572.0,106,10110,0.07547169811320754,0.043521266073194856,0.03195043204001269,,0.14169360283402413,0.013739798010997985,overrepresented,0.5278134065372924,False
1975-1979,12,1,45,439.0,9625.0,46,10110,0.021739130434782608,0.043521266073194856,-0.021782135638412248,,0.7226383868782135,0.003616031802743102,underrepresented,1.0,False
1975-1979,13,6,208,434.0,9462.0,214,10110,0.028037383177570093,0.043521266073194856,-0.015483882895624763,,0.3118781388122338,0.009476099949996304,underrepresented,0.802716992374663,False
1975-1979,14,7,65,433.0,9605.0,72,10110,0.09722222222222222,0.043521266073194856,0.05370095614902737,,0.036520086849949736,0.019408695020051082,overrepresented,0.22496373499569036,False
1975-1979,15,10,245,430.0,9425.0,255,10110,0.0392156862745098,0.043521266073194856,-0.0043055797986850525,,0.8764651918462325,0.0018486654529307105,underrepresented,1.0,False
1975-1979,16,8,201,432.0,9469.0,209,10110,0.03827751196172249,0.043521266073194856,-0.005243754111472369,,0.8639895222175926,0.0020305084569958794,underrepresented,1.0,False
1975-1979,17,4,138,436.0,9532.0,142,10110,0.028169014084507043,0.043521266073194856,-0.015352251988687813,,0.5312972347264042,0.00692114246833438,underrepresented,1.0,False
1975-1979,18,51,1345,389.0,8325.0,1396,10110,0.036532951289398284,0.043521266073194856,-0.006988314783796572,,0.17962195718850593,0.01300674942247399,underrepresented,0.5844038325428855,False
1975-1979,19,12,270,428.0,9400.0,282,10110,0.0425531914893617,0.043521266073194856,-0.0009680745838331548,,1.0,0.0,underrepresented,1.0,False
1975-1979,20,0,2,,,2,10110,0.0,0.043521266073194856,-0.043521266073194856,,1.0,0.0,neutral,1.0,False
1975-1979,21,1,11,439.0,9659.0,12,10110,0.08333333333333333,0.043521266073194856,0.03981206726013847,,0.413895956279559,0.0,overrepresented,0.8731503735212615,False
1975-1979,22,17,290,423.0,9380.0,307,10110,0.05537459283387622,0.043521266073194856,0.011853326760681362,,0.3173647127126523,0.00886850138752056,overrepresented,0.8076967397322432,False
1975-1979,23,1,52,439.0,9618.0,53,10110,0.018867924528301886,0.043521266073194856,-0.02465334154489297,,0.7295789005072062,0.0054151716847885365,underrepresented,1.0,False
1975-1979,24,9,180,431.0,9490.0,189,10110,0.047619047619047616,0.043521266073194856,0.0040977815458527606,,0.718321665343876,0.0009824597913881605,overrepresented,1.0,False
1975-1979,25,6,185,434.0,9485.0,191,10110,0.031413612565445025,0.043521266073194856,-0.012107653507749831,,0.5883609819680564,0.006454368831023133,underrepresented,1.0,False
1975-1979,26,14,285,426.0,9385.0,299,10110,0.046822742474916385,0.043521266073194856,0.0033014764017215287,,0.7725715930119605,0.0013940374068095072,overrepresented,1.0,False
1975-1979,27,3,65,437.0,9605.0,68,10110,0.04411764705882353,0.043521266073194856,0.0005963809856286764,,1.0,0.0,overrepresented,1.0,False
1975-1979,28,5,78,435.0,9592.0,83,10110,0.060240963855421686,0.043521266073194856,0.01671969778222683,,0.4117266996494809,0.0047694722720934895,overrepresented,0.8731503735212615,False
1975-1979,29,4,85,436.0,9585.0,89,10110,0.0449438202247191,0.043521266073194856,0.001422554151524244,,0.7955765841091097,0.0,overrepresented,1.0,False
1975-1979,30,8,126,432.0,9544.0,134,10110,0.05970149253731343,0.043521266073194856,0.016180226464118576,,0.3875720085641482,0.007071574984209329,overrepresented,0.8661787650198977,False
1975-1979,31,36,565,404.0,9105.0,601,10110,0.059900166389351084,0.043521266073194856,0.016378900316156228,,0.04947570030112672,0.019156964477005576,overrepresented,0.275394861917115,False
1975-1979,32,6,103,434.0,9567.0,109,10110,0.05504587155963303,0.043521266073194856,0.011524605486438175,,0.4784663098466875,0.003549792372164367,overrepresented,0.9548658105795663,False
1975-1979,33,0,28,440.0,9642.0,28,10110,0.0,0.043521266073194856,-0.043521266073194856,,0.6330834980888772,0.006628933787482641,underrepresented,1.0,False
1975-1979,34,0,19,440.0,9651.0,19,10110,0.0,0.043521266073194856,-0.043521266073194856,,1.0,0.0036592154838871946,underrepresented,1.0,False
1975-1979,35,20,440,420.0,9230.0,460,10110,0.043478260869565216,0.043521266073194856,-4.3005203629639666e-05,,1.0,0.0,underrepresented,1.0,False
1975-1979,36,1,15,439.0,9655.0,16,10110,0.0625,0.043521266073194856,0.018978733926805144,,0.5095776008140479,0.0,overrepresented,0.9899305877647989,False
1975-1979,37,0,0,,,0,10110,0.0,0.043521266073194856,0.0,,1.0,0.0,neutral,1.0,False
1975-1979,38,2,65,438.0,9605.0,67,10110,0.029850746268656716,0.043521266073194856,-0.01367051980453814,,1.0,0.0024851768084947073,underrepresented,1.0,False
1975-1979,39,1,120,439.0,9550.0,121,10110,0.008264462809917356,0.043521266073194856,-0.0352568032632775,,0.06714402015880944,0.01678984338212928,underrepresented,0.34659818227229006,False
1975-1979,40,4,201,436.0,9469.0,205,10110,0.01951219512195122,0.043521266073194856,-0.024009070951243636,,0.11579908024592717,0.015209409514620926,underrepresented,0.46319632098370866,False
1975-1979,41,0,21,440.0,9649.0,21,10110,0.0,0.043521266073194856,-0.043521266073194856,,1.0,0.004407803025468828,underrepresented,1.0,False
1975-1979,42,5,94,435.0,9576.0,99,10110,0.050505050505050504,0.043521266073194856,0.006983784431855648,,0.6212983023351878,0.000942291049849621,overrepresented,1.0,False
1975-1979,43,8,87,432.0,9583.0,95,10110,0.08421052631578947,0.043521266073194856,0.040689260242594616,,0.06882228220363172,0.01691107747292174,overrepresented,0.3495421253481617,False
1975-1979,44,0,0,,,0,10110,0.0,0.043521266073194856,0.0,,1.0,0.0,neutral,1.0,False
1975-1979,45,1,74,439.0,9596.0,75,10110,0.013333333333333334,0.043521266073194856,-0.03018793273986152,,0.3830975465239439,0.009966535506030926,underrepresented,0.8653965960891365,False
1975-1979,46,21,247,419.0,9423.0,268,10110,0.07835820895522388,0.043521266073194856,0.03483694288202903,,0.008933129411460664,0.026666928046492157,overrepresented,0.07936741900182359,False
1975-1979,47,0,0,,,0,10110,0.0,0.043521266073194856,0.0,,1.0,0.0,neutral,1.0,False
1975-1979,48,11,190,429.0,9480.0,201,10110,0.05472636815920398,0.043521266073194856,0.011205102086009125,,0.3835673964720846,0.006085393110411779,overrepresented,0.8653965960891365,False
1975-1979,49,3,50,437.0,9620.0,53,10110,0.05660377358490566,0.043521266073194856,0.013082507511710806,,0.5016850371796114,0.0012981803364514512,overrepresented,0.9800358865834271,False
1975-1979,50,3,172,437.0,9498.0,175,10110,0.017142857142857144,0.043521266073194856,-0.026378408930337712,,0.09160793463030942,0.015300561315726201,underrepresented,0.4011646047317815,False
1975-1979,51,3,92,437.0,9578.0,95,10110,0.031578947368421054,0.043521266073194856,-0.011942318704773802,,0.7999461002405457,0.003188378015835207,underrepresented,1.0,False
1975-1979,52,0,42,440.0,9628.0,42,10110,0.0,0.043521266073194856,-0.043521266073194856,,0.2621887709674805,0.010008718402480023,underrepresented,0.7406254827044715,False
1975-1979,53,1,4,,,5,10110,0.2,0.043521266073194856,0.15647873392680517,,1.0,0.0,neutral,1.0,False
1975-1979,54,0,0,,,0,10110,0.0,0.043521266073194856,0.0,,1.0,0.0,neutral,1.0,False
1975-1979,55,2,36,438.0,9634.0,38,10110,0.05263157894736842,0.043521266073194856,0.009110312874173562,,0.6810230933836403,0.0,overrepresented,1.0,False
1975-1979,56,0,10,440.0,9660.0,10,10110,0.0,0.043521266073194856,-0.043521266073194856,,1.0,0.0,underrepresented,1.0,False
1975-1979,57,9,174,431.0,9496.0,183,10110,0.04918032786885246,0.043521266073194856,0.005659061795657602,,0.7123865898916906,0.0019477101607257633,overrepresented,1.0,False
1975-1979,58,0,38,440.0,9632.0,38,10110,0.0,0.043521266073194856,-0.043521266073194856,,0.4121243029451136,0.009141037929386475,underrepresented,0.8731503735212615,False
1975-1979,59,3,99,437.0,9571.0,102,10110,0.029411764705882353,0.043521266073194856,-0.014109501367312503,,0.6299152623915552,0.004555978433078097,underrepresented,1.0,False
1975-1979,60,4,30,436.0,9640.0,34,10110,0.11764705882352941,0.043521266073194856,0.07412579275033455,,0.058623140872386764,0.01691760777940024,overrepresented,0.31387208796275895,False
1975-1979,61,0,0,,,0,10110,0.0,0.043521266073194856,0.0,,1.0,0.0,neutral,1.0,False
1975-1979,62,0,7,,,7,10110,0.0,0.043521266073194856,-0.043521266073194856,,1.0,0.0,neutral,1.0,False
1975-1979,63,0,2,,,2,10110,0.0,0.043521266073194856,-0.043521266073194856,,1.0,0.0,neutral,1.0,False
1975-1979,64,0,7,,,7,10110,0.0,0.043521266073194856,-0.043521266073194856,,1.0,0.0,neutral,1.0,False
1975-1979,65,0,0,,,0,10110,0.0,0.043521266073194856,0.0,,1.0,0.0,neutral,1.0,False
1980-1984,0,56,833,764.0,9671.0,889,11324,0.06299212598425197,0.07241257506181561,-0.009420449077563647,,0.28088453708672845,0.00997600958923817,underrepresented,0.7534107450154527,False
1980-1984,1,58,371,762.0,10133.0,429,11324,0.1351981351981352,0.07241257506181561,0.06278556013631958,,3.7164323801010322e-06,0.04717943290368983,overrepresented,0.00012264226854333406,True
1980-1984,2,17,103,803.0,10401.0,120,11324,0.14166666666666666,0.07241257506181561,0.06925409160485105,,0.006915154958679484,0.025990626052128252,overrepresented,0.06326339783980042,False
1980-1984,3,5,46,815.0,10458.0,51,11324,0.09803921568627451,0.07241257506181561,0.025626640624458893,,0.416117995623623,0.004106407358004009,overrepresented,0.8758383324743227,False
1980-1984,4,16,246,804.0,10258.0,262,11324,0.061068702290076333,0.07241257506181561,-0.011343872771739281,,0.5470313382531136,0.005602904276931526,underrepresented,1.0,False
1980-1984,5,3,36,817.0,10468.0,39,11324,0.07692307692307693,0.07241257506181561,0.004510501861261312,,0.759049129281171,0.0,overrepresented,1.0,False
1980-1984,6,14,151,806.0,10353.0,165,11324,0.08484848484848485,0.07241257506181561,0.012435909786669239,,0.5430602169142755,0.004412977655214595,overrepresented,1.0,False
1980-1984,7,35,496,785.0,10008.0,531,11324,0.06591337099811675,0.07241257506181561,-0.00649920406369886,,0.6072431434009218,0.004756394003138616,underrepresented,1.0,False
1980-1984,8,4,61,816.0,10443.0,65,11324,0.06153846153846154,0.07241257506181561,-0.010874113523354073,,1.0,0.0009328160718681618,underrepresented,1.0,False
1980-1984,9,13,322,807.0,10182.0,335,11324,0.03880597014925373,0.07241257506181561,-0.033606604912561885,,0.01344556659106778,0.02163486611703355,underrepresented,0.10495534624492803,False
1980-1984,10,1,95,819.0,10409.0,96,11324,0.010416666666666666,0.07241257506181561,-0.06199590839514895,,0.01507462338019381,0.02026064730052845,underrepresented,0.1129410579545919,False
1980-1984,11,11,114,809.0,10390.0,125,11324,0.088,0.07241257506181561,0.01558742493818438,,0.4854761938758836,0.004723543247564862,overrepresented,0.9589892491849777,False
1980-1984,12,7,45,813.0,10459.0,52,11324,0.1346153846153846,0.07241257506181561,0.062202809553568994,,0.09936451131354168,0.013781569032896178,overrepresented,0.4211596718060207,False
1980-1984,13,26,464,794.0,10040.0,490,11324,0.053061224489795916,0.07241257506181561,-0.0193513505720197,,0.10781950013217798,0.015041944963563045,underrepresented,0.43887761287283017,False
1980-1984,14,13,73,807.0,10431.0,86,11324,0.1511627906976744,0.07241257506181561,0.0787502156358588,,0.010141967431260623,0.024618624965468263,overrepresented,0.08519252642258923,False
1980-1984,15,10,213,810.0,10291.0,223,11324,0.04484304932735426,0.07241257506181561,-0.027569525734461357,,0.11746932113173988,0.013850871784488355,underrepresented,0.46584400311471097,False
1980-1984,16,19,159,801.0,10345.0,178,11324,0.10674157303370786,0.07241257506181561,0.03432899797189225,,0.07975589821834606,0.015369240106909368,overrepresented,0.3681811164441985,False
1980-1984,17,10,134,810.0,10370.0,144,11324,0.06944444444444445,0.07241257506181561,-0.0029681306173711675,,1.0,0.0,underrepresented,1.0,False
1980-1984,18,112,1398,708.0,9106.0,1510,11324,0.07417218543046358,0.07241257506181561,0.001759610368647968,,0.7896849498464608,0.002162004380532682,overrepresented,1.0,False
1980-1984,19,22,332,798.0,10172.0,354,11324,0.062146892655367235,0.07241257506181561,-0.01026568240644838,,0.5314011237796366,0.006136443950970018,underrepresented,1.0,False
1980-1984,20,0,6,,,6,11324,0.0,0.07241257506181561,-0.07241257506181561,,1.0,0.0,neutral,1.0,False
1980-1984,21,0,36,820.0,10468.0,36,11324,0.0,0.07241257506181561,-0.07241257506181561,,0.10918491761179522,0.012752343449922187,underrepresented,0.442486245058328,False
1980-1984,22,33,398,787.0,10106.0,431,11324,0.0765661252900232,0.07241257506181561,0.004153550228207584,,0.7047737936143066,0.002297489558496473,overrepresented,1.0,False
1980-1984,23,0,25,820.0,10479.0,25,11324,0.0,0.07241257506181561,-0.07241257506181561,,0.2551285154547353,0.009512640304555852,underrepresented,0.7346766388006445,False
1980-1984,24,17,206,803.0,10298.0,223,11324,0.07623318385650224,0.07241257506181561,0.003820608794686625,,0.7938281411530468,0.0008632160938892776,overrepresented,1.0,False
1980-1984,25,10,163,810.0,10341.0,173,11324,0.057803468208092484,0.07241257506181561,-0.01460910685372313,,0.5544480496860364,0.005632092894409776,underrepresented,1.0,False
1980-1984,26,29,224,791.0,10280.0,253,11324,0.11462450592885376,0.07241257506181561,0.042211930867038144,,0.01346831325567828,0.023468935679223528,overrepresented,0.10495534624492803,False
1980-1984,27,5,57,815.0,10447.0,62,11324,0.08064516129032258,0.07241257506181561,0.008232586228506963,,0.8035038868060305,4.8116509875818295e-05,overrepresented,1.0,False
1980-1984,28,4,64,816.0,10440.0,68,11324,0.058823529411764705,0.07241257506181561,-0.01358904565005091,,0.8172783501471492,0.0018702143045384206,underrepresented,1.0,False
1980-1984,29,6,119,814.0,10385.0,125,11324,0.048,0.07241257506181561,-0.024412575061815614,,0.383996325104487,0.008321061979949952,underrepresented,0.8653965960891365,False
1980-1984,30,16,129,804.0,10375.0,145,11324,0.1103448275862069,0.07241257506181561,0.03793225252439128,,0.1034014074364208,0.015153586888745893,overrepresented,0.4324789376982948,False
1980-1984,31,45,561,775.0,9943.0,606,11324,0.07425742574257425,0.07241257506181561,0.001844850680758639,,0.8718714890202615,0.0009356134727363999,overrepresented,1.0,False
1980-1984,32,12,91,808.0,10413.0,103,11324,0.11650485436893204,0.07241257506181561,0.04409227930711643,,0.08579946154312251,0.014505218659889086,overrepresented,0.39053548012731626,False
1980-1984,33,0,22,820.0,10482.0,22,11324,0.0,0.07241257506181561,-0.07241257506181561,,0.4015936339157299,0.008458185463446564,underrepresented,0.8690222897848582,False
1980-1984,34,1,4,,,5,11324,0.2,0.07241257506181561,0.1275874249381844,,1.0,0.0,neutral,1.0,False
1980-1984,35,36,711,784.0,9793.0,747,11324,0.04819277108433735,0.07241257506181561,-0.024219803977478263,,0.006780270196345269,0.024148714658188724,underrepresented,0.06264969661423028,False
1980-1984,36,1,12,819.0,10492.0,13,11324,0.07692307692307693,0.07241257506181561,0.004510501861261312,,1.0,0.0,overrepresented,1.0,False
1980-1984,37,0,0,,,0,11324,0.0,0.07241257506181561,0.0,,1.0,0.0,neutral,1.0,False
1980-1984,38,9,55,811.0,10449.0,64,11324,0.140625,0.07241257506181561,0.06821242493818439,,0.04801708302646954,0.017570040743823387,overrepresented,0.2721949982604776,False
1980-1984,39,12,152,808.0,10352.0,164,11324,0.07317073170731707,0.07241257506181561,0.0007581566455014538,,0.879983158386261,0.0,overrepresented,1.0,False
1980-1984,40,12,149,808.0,10355.0,161,11324,0.07453416149068323,0.07241257506181561,0.0021215864288676167,,0.8780350321221525,0.0,overrepresented,1.0,False
1980-1984,41,1,28,819.0,10476.0,29,11324,0.034482758620689655,0.07241257506181561,-0.03792981644112596,,0.7199314073783643,0.004044819474171561,underrepresented,1.0,False
1980-1984,42,3,58,817.0,10446.0,61,11324,0.04918032786885246,0.07241257506181561,-0.023232247192963157,,0.6253760924882483,0.004269451416738934,underrepresented,1.0,False
1980-1984,43,4,65,816.0,10439.0,69,11324,0.057971014492753624,0.07241257506181561,-0.014441560569061991,,0.8172669361315081,0.0021737483407180177,underrepresented,1.0,False
1980-1984,44,0,0,,,0,11324,0.0,0.07241257506181561,0.0,,1.0,0.0,neutral,1.0,False
1980-1984,45,6,67,814.0,10437.0,73,11324,0.0821917808219178,0.07241257506181561,0.009779205760102189,,0.6516496638006405,0.0009106109401929899,overrepresented,1.0,False
1980-1984,46,34,295,786.0,10209.0,329,11324,0.1033434650455927,0.07241257506181561,0.03093088998377709,,0.039194649654323996,0.01963033302130429,overrepresented,0.23670494301042727,False
1980-1984,47,0,0,,,0,11324,0.0,0.07241257506181561,0.0,,1.0,0.0,neutral,1.0,False
1980-1984,48,10,131,810.0,10373.0,141,11324,0.07092198581560284,0.07241257506181561,-0.0014905892462127729,,1.0,0.0,underrepresented,1.0,False
1980-1984,49,6,43,814.0,10461.0,49,11324,0.12244897959183673,0.07241257506181561,0.05003640453002112,,0.16579532027280194,0.010131901908836193,overrepresented,0.565294745136786,False
1980-1984,50,11,273,809.0,10231.0,284,11324,0.03873239436619718,0.07241257506181561,-0.033680180695618435,,0.026660185991390715,0.01975367422825777,underrepresented,0.17850733229018131,False
1980-1984,51,10,69,810.0,10435.0,79,11324,0.12658227848101267,0.07241257506181561,0.05416970341919705,,0.07674806094577533,0.015471980740878051,overrepresented,0.36181228731579795,False
1980-1984,52,0,18,820.0,10486.0,18,11324,0.0,0.07241257506181561,-0.07241257506181561,,0.6366176173669978,0.006871806258675649,underrepresented,1.0,False
1980-1984,53,2,21,818.0,10483.0,23,11324,0.08695652173913043,0.07241257506181561,0.014543946677314817,,0.681212982821116,0.0,overrepresented,1.0,False
1980-1984,54,0,0,,,0,11324,0.0,0.07241257506181561,0.0,,1.0,0.0,neutral,1.0,False
1980-1984,55,1,38,819.0,10466.0,39,11324,0.02564102564102564,0.07241257506181561,-0.046771549420789975,,0.36372820816675117,0.0077010534657405965,underrepresented,0.8560663916274084,False
1980-1984,56,0,7,,,7,11324,0.0,0.07241257506181561,-0.07241257506181561,,1.0,0.0,neutral,1.0,False
1980-1984,57,12,275,808.0,10229.0,287,11324,0.041811846689895474,0.07241257506181561,-0.03060072837192014,,0.048584863248250044,0.017955842341243197,underrepresented,0.2728141686428308,False
1980-1984,58,4,33,816.0,10471.0,37,11324,0.10810810810810811,0.07241257506181561,0.0356955330462925,,0.34005551472190904,0.004900363098993921,overrepresented,0.8312468137646665,False
1980-1984,59,7,110,813.0,10394.0,117,11324,0.05982905982905983,0.07241257506181561,-0.012583515232755783,,0.7212997316932912,0.003276162382773262,underrepresented,1.0,False
1980-1984,60,5,69,815.0,10435.0,74,11324,0.06756756756756757,0.07241257506181561,-0.004845007494248044,,1.0,0.0,underrepresented,1.0,False
1980-1984,61,0,0,,,0,11324,0.0,0.07241257506181561,0.0,,1.0,0.0,neutral,1.0,False
1980-1984,62,2,12,818.0,10492.0,14,11324,0.14285714285714285,0.07241257506181561,0.07044456779532723,,0.26931835734708054,0.004714727580432494,overrepresented,0.7406254827044715,False
1980-1984,63,0,2,,,2,11324,0.0,0.07241257506181561,-0.07241257506181561,,1.0,0.0,neutral,1.0,False
1980-1984,64,2,14,818.0,10490.0,16,11324,0.125,0.07241257506181561,0.052587424938184385,,0.32444372745703404,0.0030968821276738177,overrepresented,0.8115217515551659,False
1980-1984,65,0,0,,,0,11324,0.0,0.07241257506181561,0.0,,1.0,0.0,neutral,1.0,False
1985-1989,0,54,940,989.0,9362.0,994,11345,0.05432595573440644,0.09193477302776554,-0.0376088172933591,,6.710444008440309e-06,0.03979654786393141,underrepresented,0.00020668167545996152,True
1985-1989,1,58,257,985.0,10045.0,315,11345,0.18412698412698414,0.09193477302776554,0.0921922110992186,,2.6636188498836803e-07,0.05299328293229896,overrepresented,1.025493257205217e-05,True
1985-1989,2,13,136,1030.0,10166.0,149,11345,0.087248322147651,0.09193477302776554,-0.004686450880114532,,1.0,0.0005313228474193304,underrepresented,1.0,False
1985-1989,3,8,60,1035.0,10242.0,68,11345,0.11764705882352941,0.09193477302776554,0.025712285795763873,,0.40292663262768036,0.004934196186913536,overrepresented,0.8698696461401323,False
1985-1989,4,22,213,1021.0,10089.0,235,11345,0.09361702127659574,0.09193477302776554,0.0016822482488302037,,0.9090817382344022,0.0,overrepresented,1.0,False
1985-1989,5,2,30,1041.0,10272.0,32,11345,0.0625,0.09193477302776554,-0.029434773027765537,,0.7645282586785107,0.002541992176378167,underrepresented,1.0,False
1985-1989,6,18,108,1025.0,10194.0,126,11345,0.14285714285714285,0.09193477302776554,0.05092236982937731,,0.06045581257647015,0.017221994216262214,overrepresented,0.31920669040376237,False
1985-1989,7,74,515,969.0,9787.0,589,11345,0.12563667232597622,0.09193477302776554,0.033701899298210686,,0.005256956694660073,0.026607795583671958,overrepresented,0.053971422065176744,False
1985-1989,8,5,69,1038.0,10233.0,74,11345,0.06756756756756757,0.09193477302776554,-0.024367205460197966,,0.684271817330868,0.004938631588014987,underrepresented,1.0,False
1985-1989,9,20,391,1023.0,9911.0,411,11345,0.04866180048661801,0.09193477302776554,-0.04327297254114753,,0.0012185519356459006,0.028220540557003907,underrepresented,0.016805104306519585,True
1985-1989,10,8,100,1035.0,10202.0,108,11345,0.07407407407407407,0.09193477302776554,-0.017860698953691467,,0.6175996224704863,0.004489347314004268,underrepresented,1.0,False
1985-1989,11,19,134,1024.0,10168.0,153,11345,0.12418300653594772,0.09193477302776554,0.03224823350818218,,0.15946541868858652,0.011727237219007643,overrepresented,0.5542234914441394,False
1985-1989,12,3,61,1040.0,10241.0,64,11345,0.046875,0.09193477302776554,-0.04505977302776554,,0.278293685520814,0.009709843787382553,underrepresented,0.7534107450154527,False
1985-1989,13,34,511,1009.0,9791.0,545,11345,0.062385321100917435,0.09193477302776554,-0.029549451926848103,,0.012132233283745495,0.022260757903655726,underrepresented,0.09939319995445703,False
1985-1989,14,10,90,1033.0,10212.0,100,11345,0.1,0.09193477302776554,0.008065226972234468,,0.7280434115635963,0.0010004248752597637,overrepresented,1.0,False
1985-1989,15,40,251,1003.0,10051.0,291,11345,0.13745704467353953,0.09193477302776554,0.04552227164577399,,0.009792298335401088,0.024598163777006223,overrepresented,0.08414460957387009,False
1985-1989,16,7,176,1036.0,10126.0,183,11345,0.03825136612021858,0.09193477302776554,-0.05368340690754696,,0.00920037587736536,0.022579287849238346,underrepresented,0.08096330772081517,False
1985-1989,17,8,115,1035.0,10187.0,123,11345,0.06504065040650407,0.09193477302776554,-0.026894122621261465,,0.349118315873101,0.008271941307244582,underrepresented,0.8454717117775686,False
1985-1989,18,150,1399,893.0,8903.0,1549,11345,0.09683666881859264,0.09193477302776554,0.004901895790827102,,0.4777961499747413,0.006302076572639063,overrepresented,0.9548658105795663,False
1985-1989,19,35,325,1008.0,9977.0,360,11345,0.09722222222222222,0.09193477302776554,0.0052874491944566865,,0.7106678929535821,0.0024426264163127974,overrepresented,1.0,False
1985-1989,20,2,41,1041.0,10261.0,43,11345,0.046511627906976744,0.09193477302776554,-0.045423145120788794,,0.429639456778715,0.007214623310560594,underrepresented,0.8921052990191746,False
1985-1989,21,0,28,1043.0,10274.0,28,11345,0.0,0.09193477302776554,-0.09193477302776554,,0.10563558301798406,0.012752696123854795,underrepresented,0.43574677994918426,False
1985-1989,22,47,428,996.0,9874.0,475,11345,0.09894736842105263,0.09193477302776554,0.007012595393287094,,0.5702837510435516,0.004311984876303592,overrepresented,1.0,False
1985-1989,23,3,22,1040.0,10280.0,25,11345,0.12,0.09193477302776554,0.02806522697223446,,0.49680371101568466,0.0013117919395102481,overrepresented,0.9746212929479674,False
1985-1989,24,27,195,1016.0,10107.0,222,11345,0.12162162162162163,0.09193477302776554,0.02968684859385609,,0.12665796529125495,0.013414227466508655,overrepresented,0.4856097922370106,False
1985-1989,25,11,127,1032.0,10175.0,138,11345,0.07971014492753623,0.09193477302776554,-0.012224628100229312,,0.7663918969683774,0.0033034487938129044,underrepresented,1.0,False
1985-1989,26,31,247,1012.0,10055.0,278,11345,0.11151079136690648,0.09193477302776554,0.019576018339140938,,0.2475884630455997,0.009751662398900521,overrepresented,0.730900127329502,False
1985-1989,27,6,47,1037.0,10255.0,53,11345,0.11320754716981132,0.09193477302776554,0.021272774142045786,,0.6297911191715697,0.0028071278494956934,overrepresented,1.0,False
1985-1989,28,3,44,1040.0,10258.0,47,11345,0.06382978723404255,0.09193477302776554,-0.02810498579372299,,0.7981265768622955,0.0038990632270629543,underrepresented,1.0,False
1985-1989,29,10,82,1033.0,10220.0,92,11345,0.10869565217391304,0.09193477302776554,0.016760879146147503,,0.5844855261113645,0.0035443906845856765,overrepresented,1.0,False
1985-1989,30,12,104,1031.0,10198.0,116,11345,0.10344827586206896,0.09193477302776554,0.011513502834303427,,0.6277659996651037,0.002533862057666756,overrepresented,1.0,False
1985-1989,31,71,521,972.0,9781.0,592,11345,0.11993243243243243,0.09193477302776554,0.02799765940466689,,0.01914481957425742,0.02205039938121106,overrepresented,0.13607548682010656,False
1985-1989,32,8,103,1035.0,10199.0,111,11345,0.07207207207207207,0.09193477302776554,-0.019862700955693466,,0.6191146864068948,0.0052836746972974805,underrepresented,1.0,False
1985-1989,33,0,28,1043.0,10274.0,28,11345,0.0,0.09193477302776554,-0.09193477302776554,,0.10563558301798406,0.012752696123854795,underrepresented,0.43574677994918426,False
1985-1989,34,1,20,1042.0,10282.0,21,11345,0.047619047619047616,0.09193477302776554,-0.04431572540871792,,0.7156737715303414,0.0030563037403033093,underrepresented,1.0,False
1985-1989,35,32,524,1011.0,9778.0,556,11345,0.05755395683453238,0.09193477302776554,-0.03438081619323316,,0.0032209420900500257,0.02630593489905729,underrepresented,0.03629451818544175,True
1985-1989,36,1,16,1042.0,10286.0,17,11345,0.058823529411764705,0.09193477302776554,-0.03311124361600083,,1.0,0.0004960094715071509,underrepresented,1.0,False
1985-1989,37,0,1,,,1,11345,0.0,0.09193477302776554,-0.09193477302776554,,1.0,0.0,neutral,1.0,False
1985-1989,38,6,35,1037.0,10267.0,41,11345,0.14634146341463414,0.09193477302776554,0.0544066903868686,,0.26897277001206704,0.008798505634838373,overrepresented,0.7406254827044715,False
1985-1989,39,13,127,1030.0,10175.0,140,11345,0.09285714285714286,0.09193477302776554,0.000922369829377323,,0.8836657968333661,0.0,overrepresented,1.0,False
1985-1989,40,26,227,1017.0,10075.0,253,11345,0.10276679841897234,0.09193477302776554,0.010832025391206798,,0.5099642421818661,0.004628942651609537,overrepresented,0.9899305877647989,False
1985-1989,41,1,13,1042.0,10289.0,14,11345,0.07142857142857142,0.09193477302776554,-0.020506201599194113,,1.0,0.0,underrepresented,1.0,False
1985-1989,42,5,44,1038.0,10258.0,49,11345,0.10204081632653061,0.09193477302776554,0.010106043298765077,,0.8022783163714804,0.0,overrepresented,1.0,False
1985-1989,43,9,80,1034.0,10222.0,89,11345,0.10112359550561797,0.09193477302776554,0.009188822477852437,,0.7124183605691807,0.0010989439118684553,overrepresented,1.0,False
1985-1989,44,0,0,,,0,11345,0.0,0.09193477302776554,0.0,,1.0,0.0,neutral,1.0,False
1985-1989,45,6,94,1037.0,10208.0,100,11345,0.06,0.09193477302776554,-0.03193477302776554,,0.3817718540780192,0.008790936916103602,underrepresented,0.8653965960891365,False
1985-1989,46,41,226,1002.0,10076.0,267,11345,0.15355805243445692,0.09193477302776554,0.06162327940669138,,0.0011608628702381044,0.03210472404251733,overrepresented,0.016502112186153974,True
1985-1989,47,0,0,,,0,11345,0.0,0.09193477302776554,0.0,,1.0,0.0,neutral,1.0,False
1985-1989,48,9,102,1034.0,10200.0,111,11345,0.08108108108108109,0.09193477302776554,-0.010853691946684452,,0.8685203534503085,0.0021843086291586044,underrepresented,1.0,False
1985-1989,49,2,65,1041.0,10237.0,67,11345,0.029850746268656716,0.09193477302776554,-0.06208402675910882,,0.08793808637842117,0.014570863215784017,underrepresented,0.39221824798782,False
1985-1989,50,19,202,1024.0,10100.0,221,11345,0.08597285067873303,0.09193477302776554,-0.005961922349032506,,0.9062088904583525,0.0018047114587561395,underrepresented,1.0,False
1985-1989,51,8,79,1035.0,10223.0,87,11345,0.09195402298850575,0.09193477302776554,1.924996074020857e-05,,1.0,0.0,overrepresented,1.0,False
1985-1989,52,0,13,1043.0,10289.0,13,11345,0.0,0.09193477302776554,-0.09193477302776554,,0.6241354711295325,0.006268395953583735,underrepresented,1.0,False
1985-1989,53,1,107,1042.0,10195.0,108,11345,0.009259259259259259,0.09193477302776554,-0.08267551376850628,,0.0006234014462159421,0.026481236833274482,underrepresented,0.009763100615314076,True
1985-1989,54,0,0,,,0,11345,0.0,0.09193477302776554,0.0,,1.0,0.0,neutral,1.0,False
1985-1989,55,1,24,1042.0,10278.0,25,11345,0.04,0.09193477302776554,-0.051934773027765536,,0.7238306457683412,0.005194122619503428,underrepresented,1.0,False
1985-1989,56,0,10,1043.0,10292.0,10,11345,0.0,0.09193477302776554,-0.09193477302776554,,0.6138657873938795,0.004310871800769391,underrepresented,1.0,False
1985-1989,57,19,202,1024.0,10100.0,221,11345,0.08597285067873303,0.09193477302776554,-0.005961922349032506,,0.9062088904583525,0.0018047114587561395,underrepresented,1.0,False
1985-1989,58,6,39,1037.0,10263.0,45,11345,0.13333333333333333,0.09193477302776554,0.041398560305567794,,0.3013798657101687,0.006615022215307128,overrepresented,0.7844366082146363,False
1985-1989,59,7,70,1036.0,10232.0,77,11345,0.09090909090909091,0.09193477302776554,-0.0010256821186746257,,1.0,0.0,underrepresented,1.0,False
1985-1989,60,10,71,1033.0,10231.0,81,11345,0.12345679012345678,0.09193477302776554,0.031522017095691246,,0.33105418703263295,0.007439806422839466,overrepresented,0.8178985797276814,False
1985-1989,61,0,0,,,0,11345,0.0,0.09193477302776554,0.0,,1.0,0.0,neutral,1.0,False
1985-1989,62,0,7,,,7,11345,0.0,0.09193477302776554,-0.09193477302776554,,1.0,0.0,neutral,1.0,False
1985-1989,63,0,1,,,1,11345,0.0,0.09193477302776554,-0.09193477302776554,,1.0,0.0,neutral,1.0,False
1985-1989,64,1,5,,,6,11345,0.16666666666666666,0.09193477302776554,0.07473189363890112,,1.0,0.0,neutral,1.0,False
1985-1989,65,0,0,,,0,11345,0.0,0.09193477302776554,0.0,,1.0,0.0,neutral,1.0,False
1990-1994,0,68,1130,1107.0,10962.0,1198,13267,0.05676126878130217,0.08856561392929826,-0.03180434514799609,,2.3840569157227372e-05,0.0348054347174273,underrepresented,0.0006119079417021692,True
1990-1994,1,83,375,1092.0,11717.0,458,13267,0.1812227074235808,0.08856561392929826,0.09265709349428253,,2.518450846044954e-10,0.06094122843440786,overrepresented,1.3688521069091396e-08,True
1990-1994,2,16,168,1159.0,11924.0,184,13267,0.08695652173913043,0.08856561392929826,-0.0016090921901678323,,1.0,0.0,underrepresented,1.0,False
1990-1994,3,3,136,1172.0,11956.0,139,13267,0.02158273381294964,0.08856561392929826,-0.06698288011634862,,0.0023372697241174937,0.02295643944323421,underrepresented,0.028795163001127524,True
1990-1994,4,15,227,1160.0,11865.0,242,13267,0.06198347107438017,0.08856561392929826,-0.026582142854918098,,0.16949265887529097,0.011761795855445421,underrepresented,0.5694953338209776,False
1990-1994,5,6,68,1169.0,12024.0,74,13267,0.08108108108108109,0.08856561392929826,-0.007484532848217179,,1.0,0.00019184327929729035,underrepresented,1.0,False
1990-1994,6,10,101,1165.0,11991.0,111,13267,0.09009009009009009,0.08856561392929826,0.0015244761607918211,,0.867421302440309,0.0,overrepresented,1.0,False
1990-1994,7,106,619,1069.0,11473.0,725,13267,0.14620689655172414,0.08856561392929826,0.05764128262242588,,1.787686303986488e-07,0.04819438810208665,overrepresented,7.181835412537021e-06,True
1990-1994,8,7,84,1168.0,12008.0,91,13267,0.07692307692307693,0.08856561392929826,-0.011642537006221337,,0.8533892904670662,0.0017983313464496177,underrepresented,1.0,False
1990-1994,9,31,533,1144.0,11559.0,564,13267,0.0549645390070922,0.08856561392929826,-0.03360107492220606,,0.003052596460396244,0.024262306326118758,underrepresented,0.03525748911757662,True
1990-1994,10,4,88,1171.0,12004.0,92,13267,0.043478260869565216,0.08856561392929826,-0.04508735305973305,,0.14223543098245217,0.011662581017680466,underrepresented,0.5278134065372924,False
1990-1994,11,9,120,1166.0,11972.0,129,13267,0.06976744186046512,0.08856561392929826,-0.01879817206883315,,0.5349735730434235,0.005204366815025464,underrepresented,1.0,False
1990-1994,12,6,47,1169.0,12045.0,53,13267,0.11320754716981132,0.08856561392929826,0.02464193324051306,,0.4677552482039123,0.0033899772616708883,overrepresented,0.9457458410074726,False
1990-1994,13,33,579,1142.0,11513.0,612,13267,0.05392156862745098,0.08856561392929826,-0.03464404530184728,,0.0013087782518772482,0.026182644668913835,underrepresented,0.01778398683433202,True
1990-1994,14,12,95,1163.0,11997.0,107,13267,0.11214953271028037,0.08856561392929826,0.023583918780982108,,0.39048382602949433,0.006001829600717999,overrepresented,0.8661787650198977,False
1990-1994,15,39,343,1136.0,11749.0,382,13267,0.10209424083769633,0.08856561392929826,0.013528626908398067,,0.360015382827653,0.00740552202976545,overrepresented,0.8560663916274084,False
1990-1994,16,13,209,1162.0,11883.0,222,13267,0.05855855855855856,0.08856561392929826,-0.030007055370739708,,0.12158511769956024,0.012743752345538529,underrepresented,0.4730731509331327,False
1990-1994,17,7,157,1168.0,11935.0,164,13267,0.042682926829268296,0.08856561392929826,-0.04588268710002997,,0.03695064099978554,0.016866655149827374,underrepresented,0.2261085581708731,False
1990-1994,18,152,1500,1023.0,10592.0,1652,13267,0.09200968523002422,0.08856561392929826,0.003444071300725951,,0.6106586850819471,0.004169888739981504,overrepresented,1.0,False
1990-1994,19,59,383,1116.0,11709.0,442,13267,0.1334841628959276,0.08856561392929826,0.044918548966629335,,0.0015292743056913656,0.028611169569144525,overrepresented,0.019902105048715802,True
1990-1994,20,4,91,1171.0,12001.0,95,13267,0.042105263157894736,0.08856561392929826,-0.04646035077140353,,0.14386367325255864,0.012314259264320481,underrepresented,0.5296017294237617,False
1990-1994,21,0,69,1175.0,12023.0,69,13267,0.0,0.08856561392929826,-0.08856561392929826,,0.0025025238669922224,0.020695146526959623,underrepresented,0.03027559150347459,True
1990-1994,22,49,405,1126.0,11687.0,454,13267,0.10792951541850221,0.08856561392929826,0.019363901489203944,,0.15225490717906803,0.012099554191878527,overrepresented,0.5386317658636761,False
1990-1994,23,2,19,1173.0,12073.0,21,13267,0.09523809523809523,0.08856561392929826,0.006672481308796968,,0.7088995894980511,0.0,overrepresented,1.0,False
1990-1994,24,28,217,1147.0,11875.0,245,13267,0.11428571428571428,0.08856561392929826,0.025720100356416017,,0.17159938161406446,0.011431875606327194,overrepresented,0.5722839973748239,False
1990-1994,25,24,195,1151.0,11897.0,219,13267,0.1095890410958904,0.08856561392929826,0.02102342716659214,,0.27901152578129323,0.008545389487409313,overrepresented,0.7534107450154527,False
1990-1994,26,46,314,1129.0,11778.0,360,13267,0.12777777777777777,0.08856561392929826,0.0392121638484795,,0.010857967529659682,0.022233224424494713,overrepresented,0.09038524321986979,False
1990-1994,27,4,72,1171.0,12020.0,76,13267,0.05263157894736842,0.08856561392929826,-0.03593403498192985,,0.41387513358904515,0.007842527377787338,underrepresented,0.8731503735212615,False
1990-1994,28,2,61,1173.0,12031.0,63,13267,0.031746031746031744,0.08856561392929826,-0.05681958218326652,,0.17575491682846706,0.011884495601986721,underrepresented,0.5758778125868921,False
1990-1994,29,10,72,1165.0,12020.0,82,13267,0.12195121951219512,0.08856561392929826,0.033385605582896855,,0.3249600087396227,0.007574326152831673,overrepresented,0.8115217515551659,False
1990-1994,30,13,94,1162.0,11998.0,107,13267,0.12149532710280374,0.08856561392929826,0.03292971317350547,,0.22974206830754232,0.008967923482848177,overrepresented,0.702919440782017,False
1990-1994,31,67,445,1108.0,11647.0,512,13267,0.130859375,0.08856561392929826,0.042293761070701735,,0.0010926737263085237,0.029136027810090857,overrepresented,0.016025881319191682,True
1990-1994,32,14,120,1161.0,11972.0,134,13267,0.1044776119402985,0.08856561392929826,0.01591199801100024,,0.5390542161544738,0.004330577214424429,overrepresented,1.0,False
1990-1994,33,1,33,1174.0,12059.0,34,13267,0.029411764705882353,0.08856561392929826,-0.05915384922341591,,0.3618592839645953,0.00792988573087043,underrepresented,0.8560663916274084,False
1990-1994,34,2,33,1173.0,12059.0,35,13267,0.05714285714285714,0.08856561392929826,-0.031422756786441124,,0.7658614183747672,0.00310214344838549,underrepresented,1.0,False
1990-1994,35,27,587,1148.0,11505.0,614,13267,0.043973941368078175,0.08856561392929826,-0.04459167256122009,,2.177389028752126e-05,0.03394232055467163,underrepresented,0.0005748307035905613,True
1990-1994,36,3,14,1172.0,12078.0,17,13267,0.17647058823529413,0.08856561392929826,0.08790497430599586,,0.18633288115181892,0.0073744001644768286,overrepresented,0.5978179936954191,False
1990-1994,37,2,27,1173.0,12065.0,29,13267,0.06896551724137931,0.08856561392929826,-0.019600096687918955,,1.0,0.0003885692631843243,underrepresented,1.0,False
1990-1994,38,6,46,1169.0,12046.0,52,13267,0.11538461538461539,0.08856561392929826,0.026819001455317126,,0.4606025565836528,0.0037983289710445565,overrepresented,0.9333262330774017,False
1990-1994,39,5,114,1170.0,11978.0,119,13267,0.04201680672268908,0.08856561392929826,-0.046548807206609186,,0.07452317604391828,0.014179871857410162,underrepresented,0.3586427847113567,False
1990-1994,40,28,230,1147.0,11862.0,258,13267,0.10852713178294573,0.08856561392929826,0.01996151785364747,,0.2671652743798834,0.008933724539017918,overrepresented,0.7406254827044715,False
1990-1994,41,4,43,1171.0,12049.0,47,13267,0.0851063829787234,0.08856561392929826,-0.0034592309505748625,,1.0,0.0,underrepresented,1.0,False
1990-1994,42,6,61,1169.0,12031.0,67,13267,0.08955223880597014,0.08856561392929826,0.0009866248766718794,,1.0,0.0,overrepresented,1.0,False
1990-1994,43,7,95,1168.0,11997.0,102,13267,0.06862745098039216,0.08856561392929826,-0.019938162948906102,,0.6000148199165617,0.004658354519314443,underrepresented,1.0,False
1990-1994,44,0,0,,,0,13267,0.0,0.08856561392929826,0.0,,1.0,0.0,neutral,1.0,False
1990-1994,45,5,119,1170.0,11973.0,124,13267,0.04032258064516129,0.08856561392929826,-0.048243033284136976,,0.05636628738741645,0.015114592590201675,underrepresented,0.30762196759469257,False
1990-1994,46,37,260,1138.0,11832.0,297,13267,0.12457912457912458,0.08856561392929826,0.036013510649826316,,0.03791426280101681,0.01828465961825488,overrepresented,0.23047880807986534,False
1990-1994,47,0,0,,,0,13267,0.0,0.08856561392929826,0.0,,1.0,0.0,neutral,1.0,False
1990-1994,48,8,121,1167.0,11971.0,129,13267,0.06201550387596899,0.08856561392929826,-0.026550110053329273,,0.35045262702372015,0.00790798427630717,underrepresented,0.8454784004436486,False
1990-1994,49,5,67,1170.0,12025.0,72,13267,0.06944444444444445,0.08856561392929826,-0.019121169484853817,,0.8339088747130791,0.0031658969682839245,underrepresented,1.0,False
1990-1994,50,14,273,1161.0,11819.0,287,13267,0.04878048780487805,0.08856561392929826,-0.039785126124420214,,0.015156592193040472,0.01991052428680107,underrepresented,0.1129410579545919,False
1990-1994,51,9,75,1166.0,12017.0,84,13267,0.10714285714285714,0.08856561392929826,0.018577243213558872,,0.56038380284394,0.003547022082007684,overrepresented,1.0,False
1990-1994,52,1,12,1174.0,12080.0,13,13267,0.07692307692307693,0.08856561392929826,-0.011642537006221337,,1.0,0.0,underrepresented,1.0,False
1990-1994,53,14,173,1161.0,11919.0,187,13267,0.0748663101604278,0.08856561392929826,-0.013699303768870463,,0.6040684446956792,0.00464002399342962,underrepresented,1.0,False
1990-1994,54,0,0,,,0,13267,0.0,0.08856561392929826,0.0,,1.0,0.0,neutral,1.0,False
1990-1994,55,0,14,1175.0,12078.0,14,13267,0.0,0.08856561392929826,-0.08856561392929826,,0.6284639296737131,0.006045991768236952,underrepresented,1.0,False
1990-1994,56,0,29,1175.0,12063.0,29,13267,0.0,0.08856561392929826,-0.08856561392929826,,0.1063507311610749,0.011749777890548397,underrepresented,0.43674700263481425,False
1990-1994,57,23,246,1152.0,11846.0,269,13267,0.08550185873605948,0.08856561392929826,-0.0030637551932387874,,1.0,0.0006101498981727444,underrepresented,1.0,False
1990-1994,58,7,40,1168.0,12052.0,47,13267,0.14893617021276595,0.08856561392929826,0.060370556283467686,,0.18904523045891136,0.01043701024019535,overrepresented,0.6023372170483935,False
1990-1994,59,11,106,1164.0,11986.0,117,13267,0.09401709401709402,0.08856561392929826,0.0054514800877957514,,0.7453919065523823,0.0003910849962649149,overrepresented,1.0,False
1990-1994,60,6,69,1169.0,12023.0,75,13267,0.08,0.08856561392929826,-0.008565613929298263,,1.0,0.0005039563718965215,underrepresented,1.0,False
1990-1994,61,0,0,,,0,13267,0.0,0.08856561392929826,0.0,,1.0,0.0,neutral,1.0,False
1990-1994,62,1,7,,,8,13267,0.125,0.08856561392929826,0.036434386070701735,,1.0,0.0,neutral,1.0,False
1990-1994,63,1,41,1174.0,12051.0,42,13267,0.023809523809523808,0.08856561392929826,-0.06475609011977446,,0.17677536781045955,0.010483044697247321,underrepresented,0.5771746991408644,False
1990-1994,64,0,21,1175.0,12071.0,21,13267,0.0,0.08856561392929826,-0.08856561392929826,,0.2516577498651432,0.009075125035548597,underrepresented,0.7346766388006445,False
1990-1994,65,0,0,,,0,13267,0.0,0.08856561392929826,0.0,,1.0,0.0,neutral,1.0,False
1995-1999,0,100,1656,1325.0,13104.0,1756,16185,0.05694760820045558,0.08804448563484708,-0.031096877434391504,,3.4180684645870583e-07,0.037933951607467375,underrepresented,1.2633181045113767e-05,True
1995-1999,1,136,458,1289.0,14302.0,594,16185,0.22895622895622897,0.08804448563484708,0.1409117433213819,,2.926200664010968e-26,0.09648580728250249,overrepresented,5.4076188270922694e-24,True
1995-1999,2,21,146,1404.0,14614.0,167,16185,0.12574850299401197,0.08804448563484708,0.037704017359164885,,0.09752617418501086,0.012507510172105257,overrepresented,0.41527274169101397,False
1995-1999,3,6,201,1419.0,14559.0,207,16185,0.028985507246376812,0.08804448563484708,-0.05905897838847027,,0.0011602085928594278,0.02275287531090126,underrepresented,0.016502112186153974,True
1995-1999,4,31,247,1394.0,14513.0,278,16185,0.11151079136690648,0.08804448563484708,0.023466305732059392,,0.1647976340634606,0.010108903662067069,overrepresented,0.5639741254616207,False
1995-1999,5,28,220,1397.0,14540.0,248,16185,0.11290322580645161,0.08804448563484708,0.024858740171604526,,0.17408965036157645,0.010056118758427138,overrepresented,0.5744958461932023,False
1995-1999,6,11,154,1414.0,14606.0,165,16185,0.06666666666666667,0.08804448563484708,-0.021377818968180418,,0.4068112012279666,0.006571281663799222,underrepresented,0.8704449570188038,False
1995-1999,7,94,815,1331.0,13945.0,909,16185,0.1034103410341034,0.08804448563484708,0.01536585539925632,,0.10343922644082593,0.01275452613151431,overrepresented,0.4324789376982948,False
1995-1999,8,1,75,1424.0,14685.0,76,16185,0.013157894736842105,0.08804448563484708,-0.07488659089800498,,0.01352583872419802,0.01655784838398527,underrepresented,0.10495534624492803,False
1995-1999,9,43,796,1382.0,13964.0,839,16185,0.05125148986889154,0.08804448563484708,-0.036792995765955544,,4.50093946878839e-05,0.029868858984721188,underrepresented,0.001039717017290118,True
1995-1999,10,10,128,1415.0,14632.0,138,16185,0.07246376811594203,0.08804448563484708,-0.015580717518905052,,0.6501625316923356,0.003913327155998504,underrepresented,1.0,False
1995-1999,11,4,108,1421.0,14652.0,112,16185,0.03571428571428571,0.08804448563484708,-0.05233019992056137,,0.044886997174274745,0.014100970040165531,underrepresented,0.26214746948038714,False
1995-1999,12,7,95,1418.0,14665.0,102,16185,0.06862745098039216,0.08804448563484708,-0.01941703465445492,,0.600166524852826,0.0040794150907040565,underrepresented,1.0,False
1995-1999,13,24,512,1401.0,14248.0,536,16185,0.04477611940298507,0.08804448563484708,-0.04326836623186201,,0.00013363862022920819,0.02765070429131621,underrepresented,0.0026448276666131707,True
1995-1999,14,9,107,1416.0,14653.0,116,16185,0.07758620689655173,0.08804448563484708,-0.010458278738295357,,0.8689921692429083,0.0018434266101930896,underrepresented,1.0,False
1995-1999,15,42,272,1383.0,14488.0,314,16185,0.1337579617834395,0.08804448563484708,0.045713476148592405,,0.006322246276306891,0.021901370598809745,overrepresented,0.06022428411657286,False
1995-1999,16,18,218,1407.0,14542.0,236,16185,0.07627118644067797,0.08804448563484708,-0.011773299194169112,,0.6426855184987504,0.004144652560958081,underrepresented,1.0,False
1995-1999,17,14,175,1411.0,14585.0,189,16185,0.07407407407407407,0.08804448563484708,-0.013970411560773013,,0.6049623995723247,0.004344322073412644,underrepresented,1.0,False
1995-1999,18,174,1664,1251.0,13096.0,1838,16185,0.09466811751904244,0.08804448563484708,0.006623631884195361,,0.2939761276011614,0.008023008207144942,overrepresented,0.776096976867066,False
1995-1999,19,53,449,1372.0,14311.0,502,16185,0.10557768924302789,0.08804448563484708,0.01753320360818081,,0.17301655655940762,0.01044145533790616,overrepresented,0.5730010690354574,False
1995-1999,20,17,182,1408.0,14578.0,199,16185,0.08542713567839195,0.08804448563484708,-0.0026173499564551284,,1.0,4.125976249780249e-05,underrepresented,1.0,False
1995-1999,21,0,86,1425.0,14674.0,86,16185,0.0,0.08804448563484708,-0.08804448563484708,,0.0007762469370566473,0.021210210028020655,underrepresented,0.011718850086880199,True
1995-1999,22,37,417,1388.0,14343.0,454,16185,0.08149779735682819,0.08804448563484708,-0.0065466882780188945,,0.6747651203916254,0.003264667713931765,underrepresented,1.0,False
1995-1999,23,4,23,1421.0,14737.0,27,16185,0.14814814814814814,0.08804448563484708,0.06010366251330106,,0.29298625249306126,0.00599913151283554,overrepresented,0.7756999922738929,False
1995-1999,24,42,321,1383.0,14439.0,363,16185,0.11570247933884298,0.08804448563484708,0.027657993703995895,,0.07413366746290168,0.014048168715937255,overrepresented,0.35863617139121023,False
1995-1999,25,29,275,1396.0,14485.0,304,16185,0.09539473684210527,0.08804448563484708,0.007350251207258185,,0.6099362254247312,0.0027858309879350567,overrepresented,1.0,False
1995-1999,26,44,395,1381.0,14365.0,439,16185,0.10022779043280182,0.08804448563484708,0.012183304797954736,,0.3478090705152085,0.006508029219099961,overrepresented,0.8454717117775686,False
1995-1999,27,8,77,1417.0,14683.0,85,16185,0.09411764705882353,0.08804448563484708,0.006073161423976445,,0.8467999634996513,4.89278684371535e-05,overrepresented,1.0,False
1995-1999,28,5,50,1420.0,14710.0,55,16185,0.09090909090909091,0.08804448563484708,0.0028646052742438283,,0.8134508871616367,0.0,overrepresented,1.0,False
1995-1999,29,7,73,1418.0,14687.0,80,16185,0.0875,0.08804448563484708,-0.0005444856348470889,,1.0,0.0,underrepresented,1.0,False
1995-1999,30,15,107,1410.0,14653.0,122,16185,0.12295081967213115,0.08804448563484708,0.03490633403728406,,0.19608211531199116,0.00947527468472555,overrepresented,0.6183613465811598,False
1995-1999,31,70,535,1355.0,14225.0,605,16185,0.11570247933884298,0.08804448563484708,0.027657993703995895,,0.01896871976147337,0.018659576099859455,overrepresented,0.13586896945427437,False
1995-1999,32,16,156,1409.0,14604.0,172,16185,0.09302325581395349,0.08804448563484708,0.004978770179106404,,0.7864799507958515,0.000757768271526038,overrepresented,1.0,False
1995-1999,33,2,49,1423.0,14711.0,51,16185,0.0392156862745098,0.08804448563484708,-0.04882879936033728,,0.31973111238362495,0.00774315060280641,underrepresented,0.8076967397322432,False
1995-1999,34,2,34,1423.0,14726.0,36,16185,0.05555555555555555,0.08804448563484708,-0.03248893007929153,,0.7669814309766756,0.003099234457497394,underrepresented,1.0,False
1995-1999,35,43,679,1382.0,14081.0,722,16185,0.05955678670360111,0.08804448563484708,-0.028487698931245975,,0.004683590882938032,0.021195969001365656,underrepresented,0.04974296523947979,True
1995-1999,36,1,9,1424.0,14751.0,10,16185,0.1,0.08804448563484708,0.011955514365152922,,0.602241093786164,0.0,overrepresented,1.0,False
1995-1999,37,7,83,1418.0,14677.0,90,16185,0.07777777777777778,0.08804448563484708,-0.010266707857069304,,0.8534229986433479,0.0012432687032542993,underrepresented,1.0,False
1995-1999,38,5,45,1420.0,14715.0,50,16185,0.1,0.08804448563484708,0.011955514365152922,,0.8002532164660207,0.0003841701531464246,overrepresented,1.0,False
1995-1999,39,6,94,1419.0,14666.0,100,16185,0.06,0.08804448563484708,-0.028044485634847086,,0.47586476399433825,0.006412370080751095,underrepresented,0.9548658105795663,False
1995-1999,40,35,284,1390.0,14476.0,319,16185,0.109717868338558,0.08804448563484708,0.021673382703710914,,0.16281934427643668,0.010061183145663703,overrepresented,0.5613622168336847,False
1995-1999,41,1,26,1424.0,14734.0,27,16185,0.037037037037037035,0.08804448563484708,-0.05100744859781005,,0.5093757967895607,0.004686898866610678,underrepresented,0.9899305877647989,False
1995-1999,42,4,49,1421.0,14711.0,53,16185,0.07547169811320754,0.08804448563484708,-0.012572787521639539,,1.0,0.0006349259238880462,underrepresented,1.0,False
1995-1999,43,3,102,1422.0,14658.0,105,16185,0.02857142857142857,0.08804448563484708,-0.059473057063418516,,0.024298272752066565,0.015602334406282593,underrepresented,0.165085323697864,False
1995-1999,44,0,0,,,0,16185,0.0,0.08804448563484708,0.0,,1.0,0.0,neutral,1.0,False
1995-1999,45,11,124,1414.0,14636.0,135,16185,0.08148148148148149,0.08804448563484708,-0.006563004153365595,,1.0,0.0009254463593273562,underrepresented,1.0,False
1995-1999,46,50,253,1375.0,14507.0,303,16185,0.16501650165016502,0.08804448563484708,0.07697201601531793,,1.3307185553204278e-05,0.036715698534214025,overrepresented,0.00036164233679884567,True
1995-1999,47,0,0,,,0,16185,0.0,0.08804448563484708,0.0,,1.0,0.0,neutral,1.0,False
1995-1999,48,5,118,1420.0,14642.0,123,16185,0.04065040650406504,0.08804448563484708,-0.047394079130782044,,0.07622770269110601,0.013381163875502675,underrepresented,0.3614213081244897,False
1995-1999,49,3,80,1422.0,14680.0,83,16185,0.03614457831325301,0.08804448563484708,-0.05189990732159407,,0.11736611010941425,0.01162371577843375,underrepresented,0.46584400311471097,False
1995-1999,50,24,283,1401.0,14477.0,307,16185,0.0781758957654723,0.08804448563484708,-0.009868589869374778,,0.611286747438673,0.004043492670708752,underrepresented,1.0,False
1995-1999,51,14,92,1411.0,14668.0,106,16185,0.1320754716981132,0.08804448563484708,0.04403098606326612,,0.11918075164707662,0.011265041491300337,overrepresented,0.46860857243361187,False
1995-1999,52,0,7,,,7,16185,0.0,0.08804448563484708,-0.08804448563484708,,1.0,0.0,neutral,1.0,False
1995-1999,53,28,283,1397.0,14477.0,311,16185,0.09003215434083602,0.08804448563484708,0.001987668705988932,,0.8403440053932495,0.00018768408629154517,overrepresented,1.0,False
1995-1999,54,0,4,,,4,16185,0.0,0.08804448563484708,-0.08804448563484708,,1.0,0.0,neutral,1.0,False
1995-1999,55,0,22,1425.0,14738.0,22,16185,0.0,0.08804448563484708,-0.08804448563484708,,0.2541599100645303,0.008504329759815021,underrepresented,0.7346766388006445,False
1995-1999,56,0,34,1425.0,14726.0,34,16185,0.0,0.08804448563484708,-0.08804448563484708,,0.06973783047844659,0.011875023491589655,underrepresented,0.3508414974333366,False
1995-1999,57,32,341,1393.0,14419.0,373,16185,0.08579088471849866,0.08804448563484708,-0.002253600916348422,,1.0,0.0004949372863305464,underrepresented,1.0,False
1995-1999,58,8,61,1417.0,14699.0,69,16185,0.11594202898550725,0.08804448563484708,0.027897543350660164,,0.3920751332125334,0.004768728506488816,overrepresented,0.8661787650198977,False
1995-1999,59,5,151,1420.0,14609.0,156,16185,0.03205128205128205,0.08804448563484708,-0.055993203583565035,,0.009835084235906892,0.018378370637731307,underrepresented,0.08414460957387009,False
1995-1999,60,5,74,1420.0,14686.0,79,16185,0.06329113924050633,0.08804448563484708,-0.02475334639434075,,0.5524188480617076,0.004553771092484007,underrepresented,1.0,False
1995-1999,61,0,0,,,0,16185,0.0,0.08804448563484708,0.0,,1.0,0.0,neutral,1.0,False
1995-1999,62,2,14,1423.0,14746.0,16,16185,0.125,0.08804448563484708,0.03695551436515292,,0.646363201634665,0.0006333959859805677,overrepresented,1.0,False
1995-1999,63,8,137,1417.0,14623.0,145,16185,0.05517241379310345,0.08804448563484708,-0.032872071841743636,,0.18546615574846564,0.009872851677394127,underrepresented,0.5971105502145723,False
1995-1999,64,1,35,1424.0,14725.0,36,16185,0.027777777777777776,0.08804448563484708,-0.06026670785706931,,0.3685862781288251,0.0077277105538845065,underrepresented,0.8560663916274084,False
1995-1999,65,0,0,,,0,16185,0.0,0.08804448563484708,0.0,,1.0,0.0,neutral,1.0,False
2000-2004,0,129,1938,1714.0,14694.0,2067,18475,0.062409288824383166,0.09975642760487145,-0.03734713878048829,,2.443278137001371e-10,0.04394679703598568,underrepresented,1.3688521069091396e-08,True
2000-2004,1,172,512,1671.0,16120.0,684,18475,0.25146198830409355,0.09975642760487145,0.1517055606992221,,1.7505582163732853e-31,0.09878277080402856,overrepresented,5.391719306429718e-29,True
2000-2004,2,21,160,1822.0,16472.0,181,18475,0.11602209944751381,0.09975642760487145,0.016265671842642354,,0.45388355366453237,0.0044820067584631544,overrepresented,0.9258022154216952,False
2000-2004,3,6,212,1837.0,16420.0,218,18475,0.027522935779816515,0.09975642760487145,-0.07223349182505494,,5.798668018973224e-05,0.02550281810093707,underrepresented,0.0013068217681783557,True
2000-2004,4,48,292,1795.0,16340.0,340,18475,0.1411764705882353,0.09975642760487145,0.04142004298336384,,0.013380740455245916,0.018253286735689683,overrepresented,0.10495534624492803,False
2000-2004,5,48,333,1795.0,16299.0,381,18475,0.12598425196850394,0.09975642760487145,0.026227824363632482,,0.09991054669355509,0.012064633710014901,overrepresented,0.42154038878924616,False
2000-2004,6,9,119,1834.0,16513.0,128,18475,0.0703125,0.09975642760487145,-0.029443927604871453,,0.30269526000415165,0.007117924803596166,underrepresented,0.7856472478759442,False
2000-2004,7,97,790,1746.0,15842.0,887,18475,0.10935738444193913,0.09975642760487145,0.009600956837067673,,0.32887735867260426,0.006772357111185106,overrepresented,0.8149519033306001,False
2000-2004,8,4,70,1839.0,16562.0,74,18475,0.05405405405405406,0.09975642760487145,-0.045702373550817396,,0.24292734571044716,0.008241443294274486,underrepresented,0.724573139798531,False
2000-2004,9,63,878,1780.0,15754.0,941,18475,0.0669500531349628,0.09975642760487145,-0.03280637446990865,,0.00034414651728755863,0.024949993516973842,underrepresented,0.005888729295809337,True
2000-2004,10,10,142,1833.0,16490.0,152,18475,0.06578947368421052,0.09975642760487145,-0.03396695392066093,,0.1756652727180689,0.009323795284078897,underrepresented,0.5758778125868921,False
2000-2004,11,16,128,1827.0,16504.0,144,18475,0.1111111111111111,0.09975642760487145,0.011354683506239652,,0.6742813570817455,0.0023313074683950093,overrepresented,1.0,False
2000-2004,12,19,107,1824.0,16525.0,126,18475,0.15079365079365079,0.09975642760487145,0.05103722318877933,,0.07105666211059959,0.013015573264933676,overrepresented,0.35283542642363347,False
2000-2004,13,36,540,1807.0,16092.0,576,18475,0.0625,0.09975642760487145,-0.03725642760487145,,0.0018150688203430118,0.021782565340568157,underrepresented,0.023293383194401985,True
2000-2004,14,10,89,1833.0,16543.0,99,18475,0.10101010101010101,0.09975642760487145,0.001253673405229555,,0.867520424970865,0.0,overrepresented,1.0,False
2000-2004,15,53,322,1790.0,16310.0,375,18475,0.14133333333333334,0.09975642760487145,0.041576905728461885,,0.008867224334887229,0.019329579817078193,overrepresented,0.07936741900182359,False
2000-2004,16,15,191,1828.0,16441.0,206,18475,0.07281553398058252,0.09975642760487145,-0.026940893624288934,,0.24104835965090265,0.00868629936262087,underrepresented,0.723145078952708,False
2000-2004,17,9,192,1834.0,16440.0,201,18475,0.04477611940298507,0.09975642760487145,-0.05498030820188638,,0.006180548322461133,0.018370883877329706,underrepresented,0.06013912409574275,False
2000-2004,18,225,1923,1618.0,14709.0,2148,18475,0.10474860335195531,0.09975642760487145,0.004992175747083855,,0.42120215224880975,0.005760574367313526,overrepresented,0.8825187951879823,False
2000-2004,19,90,570,1753.0,16062.0,660,18475,0.13636363636363635,0.09975642760487145,0.0366072087587649,,0.0022724040859943787,0.023025724803613354,overrepresented,0.02837434291160549,True
2000-2004,20,37,316,1806.0,16316.0,353,18475,0.1048158640226629,0.09975642760487145,0.005059436417791441,,0.7199872010209272,0.001696655605788143,overrepresented,1.0,False
2000-2004,21,0,61,1843.0,16571.0,61,18475,0.0,0.09975642760487145,-0.09975642760487145,,0.0039246522486138784,0.01758509748665395,underrepresented,0.042167193926967717,True
2000-2004,22,47,497,1796.0,16135.0,544,18475,0.08639705882352941,0.09975642760487145,-0.013359368781342043,,0.30996629932781616,0.007230625750856707,underrepresented,0.8000247502203971,False
2000-2004,23,2,41,1841.0,16591.0,43,18475,0.046511627906976744,0.09975642760487145,-0.05324479969789471,,0.31517392751201756,0.0067076005117191004,underrepresented,0.8067055651554134,False
2000-2004,24,44,410,1799.0,16222.0,454,18475,0.09691629955947137,0.09975642760487145,-0.002840128045400084,,0.9367486102502731,0.0009209568219930932,underrepresented,1.0,False
2000-2004,25,32,253,1811.0,16379.0,285,18475,0.11228070175438597,0.09975642760487145,0.012524274149514514,,0.484887536431194,0.004498490587858532,overrepresented,0.9589892491849777,False
2000-2004,26,51,405,1792.0,16227.0,456,18475,0.1118421052631579,0.09975642760487145,0.012085677658286442,,0.3837720883050849,0.005833539745591554,overrepresented,0.8653965960891365,False
2000-2004,27,7,96,1836.0,16536.0,103,18475,0.06796116504854369,0.09975642760487145,-0.031795262556327766,,0.32590714503247725,0.0067313462779125905,underrepresented,0.8116932668733396,False
2000-2004,28,6,61,1837.0,16571.0,67,18475,0.08955223880597014,0.09975642760487145,-0.01020418879890131,,1.0,0.0005519150585241346,underrepresented,1.0,False
2000-2004,29,7,107,1836.0,16525.0,114,18475,0.06140350877192982,0.09975642760487145,-0.03835291883294163,,0.20896052205079862,0.00893121211117689,underrepresented,0.6545068555082642,False
2000-2004,30,10,130,1833.0,16502.0,140,18475,0.07142857142857142,0.09975642760487145,-0.02832785617630003,,0.3212060062106238,0.00721873463885955,underrepresented,0.8087039502414615,False
2000-2004,31,54,513,1789.0,16119.0,567,18475,0.09523809523809523,0.09975642760487145,-0.00451833236677622,,0.7759182173399282,0.002159239911017622,underrepresented,1.0,False
2000-2004,32,19,142,1824.0,16490.0,161,18475,0.11801242236024845,0.09975642760487145,0.018255994755376995,,0.4273455783757679,0.004740182996869796,overrepresented,0.8921052990191746,False
2000-2004,33,5,62,1838.0,16570.0,67,18475,0.07462686567164178,0.09975642760487145,-0.02512956193322967,,0.6816150161297451,0.0035566684712936545,underrepresented,1.0,False
2000-2004,34,2,35,1841.0,16597.0,37,18475,0.05405405405405406,0.09975642760487145,-0.045702373550817396,,0.5791915322410874,0.004811706120214629,underrepresented,1.0,False
2000-2004,35,64,687,1779.0,15945.0,751,18475,0.085219707057257,0.09975642760487145,-0.014536720547614457,,0.19153166281373002,0.00952784277442135,underrepresented,0.6081623932642148,False
2000-2004,36,1,20,1842.0,16612.0,21,18475,0.047619047619047616,0.09975642760487145,-0.05213737998582384,,0.7160921248910728,0.0031888026283346427,underrepresented,1.0,False
2000-2004,37,6,110,1837.0,16522.0,116,18475,0.05172413793103448,0.09975642760487145,-0.04803228967383697,,0.08748719533222202,0.011597209351073015,underrepresented,0.39221824798782,False
2000-2004,38,7,49,1836.0,16583.0,56,18475,0.125,0.09975642760487145,0.025243572395128547,,0.5008501063391919,0.003001909772937939,overrepresented,0.9800358865834271,False
2000-2004,39,8,114,1835.0,16518.0,122,18475,0.06557377049180328,0.09975642760487145,-0.03418265711306817,,0.286063044472373,0.008184945349439894,underrepresented,0.763937147666106,False
2000-2004,40,49,310,1794.0,16322.0,359,18475,0.13649025069637882,0.09975642760487145,0.03673382309150737,,0.025628896237084753,0.016601420410253982,overrepresented,0.1728547454238417,False
2000-2004,41,0,38,1843.0,16594.0,38,18475,0.0,0.09975642760487145,-0.09975642760487145,,0.029186988446159787,0.01311918167171145,underrepresented,0.19263412374465458,False
2000-2004,42,5,52,1838.0,16580.0,57,18475,0.08771929824561403,0.09975642760487145,-0.012037129359257423,,1.0,0.0006061435117262119,underrepresented,1.0,False
2000-2004,43,14,117,1829.0,16515.0,131,18475,0.10687022900763359,0.09975642760487145,0.007113801402762132,,0.7692759562916291,0.0009297326970719307,overrepresented,1.0,False
2000-2004,44,0,0,,,0,18475,0.0,0.09975642760487145,0.0,,1.0,0.0,neutral,1.0,False
2000-2004,45,9,107,1834.0,16525.0,116,18475,0.07758620689655173,0.09975642760487145,-0.022170220708319727,,0.5337247755977621,0.004737317159641574,underrepresented,1.0,False
2000-2004,46,67,340,1776.0,16292.0,407,18475,0.16461916461916462,0.09975642760487145,0.06486273701429317,,3.6987881107296936e-05,0.03187003480688776,overrepresented,0.0008993895300826939,True
2000-2004,47,1,31,1842.0,16601.0,32,18475,0.03125,0.09975642760487145,-0.06850642760487145,,0.3671411927844832,0.0073504159908405675,underrepresented,0.8560663916274084,False
2000-2004,48,7,117,1836.0,16515.0,124,18475,0.056451612903225805,0.09975642760487145,-0.04330481470164565,,0.1307551095513421,0.010772579082293107,underrepresented,0.4931335560222045,False
2000-2004,49,5,50,1838.0,16582.0,55,18475,0.09090909090909091,0.09975642760487145,-0.008847336695780542,,1.0,0.0,underrepresented,1.0,False
2000-2004,50,30,338,1813.0,16294.0,368,18475,0.08152173913043478,0.09975642760487145,-0.01823468847443667,,0.2908876085656905,0.008028224930791483,underrepresented,0.7723567537778678,False
2000-2004,51,12,101,1831.0,16531.0,113,18475,0.10619469026548672,0.09975642760487145,0.006438262660615271,,0.7535310299062631,0.0005270804799333026,overrepresented,1.0,False
2000-2004,52,0,2,,,2,18475,0.0,0.09975642760487145,-0.09975642760487145,,1.0,0.0,neutral,1.0,False
2000-2004,53,38,413,1805.0,16219.0,451,18475,0.08425720620842572,0.09975642760487145,-0.015499221396445731,,0.3008097040772125,0.007596094138905562,underrepresented,0.7844366082146363,False
2000-2004,54,3,40,1840.0,16592.0,43,18475,0.06976744186046512,0.09975642760487145,-0.029988985744406338,,0.7969422364992563,0.0029593459118367484,underrepresented,1.0,False
2000-2004,55,3,28,1840.0,16604.0,31,18475,0.0967741935483871,0.09975642760487145,-0.002982234056484359,,1.0,0.0,underrepresented,1.0,False
2000-2004,56,0,33,1843.0,16599.0,33,18475,0.0,0.09975642760487145,-0.09975642760487145,,0.0721708826775614,0.011942577899571606,underrepresented,0.35283542642363347,False
2000-2004,57,58,373,1785.0,16259.0,431,18475,0.1345707656612529,0.09975642760487145,0.03481433805638144,,0.018113097046293124,0.017356478809286716,overrepresented,0.13178347772263657,False
2000-2004,58,4,63,1839.0,16569.0,67,18475,0.05970149253731343,0.09975642760487145,-0.04005493506755802,,0.41033755320623555,0.006561421884063175,underrepresented,0.8731503735212615,False
2000-2004,59,23,158,1820.0,16474.0,181,18475,0.1270718232044199,0.09975642760487145,0.027315395599548445,,0.21258567429057096,0.008149640100106036,overrepresented,0.663612037312458,False
2000-2004,60,11,80,1832.0,16552.0,91,18475,0.12087912087912088,0.09975642760487145,0.021122693274249427,,0.48179723105174843,0.003669094121223413,overrepresented,0.9589892491849777,False
2000-2004,61,1,0,,,1,18475,1.0,0.09975642760487145,0.9002435723951285,,1.0,0.0,neutral,1.0,False
2000-2004,62,1,26,1842.0,16606.0,27,18475,0.037037037037037035,0.09975642760487145,-0.06271939056783442,,0.514129622762393,0.005642708509813843,underrepresented,0.9938405260093122,False
2000-2004,63,9,152,1834.0,16480.0,161,18475,0.055900621118012424,0.09975642760487145,-0.04385580648685903,,0.06394547307675882,0.012749724309425075,underrepresented,0.3319416692299166,False
2000-2004,64,1,40,1842.0,16592.0,41,18475,0.024390243902439025,0.09975642760487145,-0.07536618370243242,,0.12124274468180199,0.00994145278972447,underrepresented,0.4730731509331327,False
2000-2004,65,3,6,,,9,18475,0.3333333333333333,0.09975642760487145,0.23357690572846185,,1.0,0.0,neutral,1.0,False
2005-2009,0,139,2205,1456.0,16487.0,2344,20287,0.05930034129692833,0.0786217774929758,-0.019321436196047474,,0.00014580379844508296,0.025660136488074328,underrepresented,0.002806723120067847,True
2005-2009,1,116,572,1479.0,18120.0,688,20287,0.1686046511627907,0.0786217774929758,0.08998287366981489,,2.8410089348682273e-15,0.06213337035868375,overrepresented,2.625092255818242e-13,True
2005-2009,2,18,227,1577.0,18465.0,245,20287,0.07346938775510205,0.0786217774929758,-0.005152389737873755,,0.9047435790882441,0.001278209863030157,underrepresented,1.0,False
2005-2009,3,14,229,1581.0,18463.0,243,20287,0.05761316872427984,0.0786217774929758,-0.021008608768695966,,0.27897285575770014,0.00775269270105547,underrepresented,0.7534107450154527,False
2005-2009,4,42,329,1553.0,18363.0,371,20287,0.11320754716981132,0.0786217774929758,0.03458576967683552,,0.018845563573282556,0.016855093771549368,overrepresented,0.13586896945427437,False
2005-2009,5,30,492,1565.0,18200.0,522,20287,0.05747126436781609,0.0786217774929758,-0.02115051312515971,,0.06986454061443066,0.012192420899646129,underrepresented,0.3508414974333366,False
2005-2009,6,13,147,1582.0,18545.0,160,20287,0.08125,0.0786217774929758,0.0026282225070242,,0.8823939214303771,0.0,overrepresented,1.0,False
2005-2009,7,71,701,1524.0,17991.0,772,20287,0.09196891191709844,0.0786217774929758,0.013347134424122636,,0.17218068319285829,0.009384679218428393,overrepresented,0.5722839973748239,False
2005-2009,8,2,74,1593.0,18618.0,76,20287,0.02631578947368421,0.0786217774929758,-0.052305988019291594,,0.12912063740666974,0.010418269562429175,underrepresented,0.4889650367367329,False
2005-2009,9,76,1052,1519.0,17640.0,1128,20287,0.0673758865248227,0.0786217774929758,-0.011245890968153108,,0.15488344633702553,0.009738838720475608,underrepresented,0.5441532487278007,False
2005-2009,10,2,130,1593.0,18562.0,132,20287,0.015151515151515152,0.0786217774929758,-0.06347026234146065,,0.002964590208111781,0.01794532479305003,underrepresented,0.034674447497408674,True
2005-2009,11,17,143,1578.0,18549.0,160,20287,0.10625,0.0786217774929758,0.027628222507024194,,0.18462152745432295,0.00811714438489142,overrepresented,0.5964695502370434,False
2005-2009,12,9,92,1586.0,18600.0,101,20287,0.0891089108910891,0.0786217774929758,0.010487133398113302,,0.7088948743019405,0.0014550948654305357,overrepresented,1.0,False
2005-2009,13,27,690,1568.0,18002.0,717,20287,0.03765690376569038,0.0786217774929758,-0.040964873727285425,,7.5657915218850974e-06,0.0286370769728138,underrepresented,0.0002184622301944322,True
2005-2009,14,7,86,1588.0,18606.0,93,20287,0.07526881720430108,0.0786217774929758,-0.003352960288674725,,1.0,0.0,underrepresented,1.0,False
2005-2009,15,47,392,1548.0,18300.0,439,20287,0.1070615034168565,0.0786217774929758,0.028439725923880693,,0.030935514510181145,0.015085455908235337,overrepresented,0.19989101683501662,False
2005-2009,16,14,221,1581.0,18471.0,235,20287,0.059574468085106386,0.0786217774929758,-0.019047309407869417,,0.3289795021020713,0.0068054375524098315,underrepresented,0.8149519033306001,False
2005-2009,17,15,207,1580.0,18485.0,222,20287,0.06756756756756757,0.0786217774929758,-0.011054209925408232,,0.6168536028424745,0.0034398997051097702,underrepresented,1.0,False
2005-2009,18,184,2156,1411.0,16536.0,2340,20287,0.07863247863247863,0.0786217774929758,1.0701139502827806e-05,,1.0,0.0,overrepresented,1.0,False
2005-2009,19,98,749,1497.0,17943.0,847,20287,0.11570247933884298,0.0786217774929758,0.037080701845867176,,0.00011089679355810329,0.02829968469423423,overrepresented,0.0023288326647201694,True
2005-2009,20,23,455,1572.0,18237.0,478,20287,0.04811715481171548,0.0786217774929758,-0.03050462268126032,,0.009747053716342338,0.01700216941692854,underrepresented,0.08414460957387009,False
2005-2009,21,0,90,1595.0,18602.0,90,20287,0.0,0.0786217774929758,-0.0786217774929758,,0.0011980929277151105,0.018121914331294408,underrepresented,0.01677330098801155,True
2005-2009,22,53,601,1542.0,18091.0,654,20287,0.08103975535168195,0.0786217774929758,0.0024179778587061496,,0.8245133190164393,0.0011212351301953384,overrepresented,1.0,False
2005-2009,23,3,48,1592.0,18644.0,51,20287,0.058823529411764705,0.0786217774929758,-0.019798248081211098,,0.7962646862408957,0.0018641715926834886,underrepresented,1.0,False
2005-2009,24,52,521,1543.0,18171.0,573,20287,0.09075043630017451,0.0786217774929758,0.012128658807198711,,0.27019331830798865,0.007129939982833496,overrepresented,0.7408267837287286,False
2005-2009,25,19,261,1576.0,18431.0,280,20287,0.06785714285714285,0.0786217774929758,-0.010764634635832951,,0.5763531673579039,0.003946587608789337,underrepresented,1.0,False
2005-2009,26,49,410,1546.0,18282.0,459,20287,0.10675381263616558,0.0786217774929758,0.02813203514318978,,0.02799144676570962,0.015287156312861969,overrepresented,0.18607263893176754,False
2005-2009,27,8,107,1587.0,18585.0,115,20287,0.06956521739130435,0.0786217774929758,-0.009056560101671454,,0.8623987531995359,0.0013209555339581658,underrepresented,1.0,False
2005-2009,28,6,59,1589.0,18633.0,65,20287,0.09230769230769231,0.0786217774929758,0.01368591481471651,,0.6420009765911812,0.0012625322962224244,overrepresented,1.0,False
2005-2009,29,8,89,1587.0,18603.0,97,20287,0.08247422680412371,0.0786217774929758,0.003852449311147907,,0.8493757071945445,0.0,overrepresented,1.0,False
2005-2009,30,8,129,1587.0,18563.0,137,20287,0.058394160583941604,0.0786217774929758,-0.0202276169090342,,0.5218624058193795,0.005078833997593986,underrepresented,1.0,False
2005-2009,31,60,479,1535.0,18213.0,539,20287,0.11131725417439703,0.0786217774929758,0.032695476681421226,,0.005767211476887285,0.01949979349952979,overrepresented,0.05792286309395491,False
2005-2009,32,20,179,1575.0,18513.0,199,20287,0.10050251256281408,0.0786217774929758,0.021880735069838272,,0.23420577465598785,0.007162364627265432,overrepresented,0.7118622887570156,False
2005-2009,33,8,96,1587.0,18596.0,104,20287,0.07692307692307693,0.0786217774929758,-0.0016987005698988755,,1.0,0.0,underrepresented,1.0,False
2005-2009,34,0,30,1595.0,18662.0,30,20287,0.0,0.0786217774929758,-0.0786217774929758,,0.16786310770491247,0.008858492071945697,underrepresented,0.5694953338209776,False
2005-2009,35,55,707,1540.0,17985.0,762,20287,0.07217847769028872,0.0786217774929758,-0.006443299802687083,,0.5373148623457477,0.00424771078239617,underrepresented,1.0,False
2005-2009,36,3,29,1592.0,18663.0,32,20287,0.09375,0.0786217774929758,0.015128222507024197,,0.737006670824581,0.0,overrepresented,1.0,False
2005-2009,37,4,87,1591.0,18605.0,91,20287,0.04395604395604396,0.0786217774929758,-0.03466573353693184,,0.32479097302101506,0.00727532379553613,underrepresented,0.8115217515551659,False
2005-2009,38,7,61,1588.0,18631.0,68,20287,0.10294117647058823,0.0786217774929758,0.024319398977612428,,0.4931752632000769,0.0036557408428825773,overrepresented,0.9698816485067366,False
2005-2009,39,8,85,1587.0,18607.0,93,20287,0.08602150537634409,0.0786217774929758,0.00739972788336829,,0.7006355206683594,0.0005101738164277811,overrepresented,1.0,False
2005-2009,40,30,370,1565.0,18322.0,400,20287,0.075,0.0786217774929758,-0.0036217774929758056,,0.8514467388269309,0.0012497665644779926,underrepresented,1.0,False
2005-2009,41,0,16,1595.0,18676.0,16,20287,0.0,0.0786217774929758,-0.0786217774929758,,0.631564627436874,0.0049448336334627346,underrepresented,1.0,False
2005-2009,42,4,50,1591.0,18642.0,54,20287,0.07407407407407407,0.0786217774929758,-0.004547703418901733,,1.0,0.0,underrepresented,1.0,False
2005-2009,43,6,119,1589.0,18573.0,125,20287,0.048,0.0786217774929758,-0.030621777492975802,,0.2437772058686046,0.00778815972723124,underrepresented,0.724573139798531,False
2005-2009,44,0,27,1595.0,18665.0,27,20287,0.0,0.0786217774929758,-0.0786217774929758,,0.26789019139235454,0.008152105327761745,underrepresented,0.7406254827044715,False
2005-2009,45,8,128,1587.0,18564.0,136,20287,0.058823529411764705,0.0786217774929758,-0.019798248081211098,,0.5207750120354333,0.004920890201961765,underrepresented,1.0,False
2005-2009,46,41,420,1554.0,18272.0,461,20287,0.08893709327548807,0.0786217774929758,0.010315315782512269,,0.38202615377877197,0.005229714148989311,overrepresented,0.8653965960891365,False
2005-2009,47,6,52,1589.0,18640.0,58,20287,0.10344827586206896,0.0786217774929758,0.02482649836909316,,0.45928708572195226,0.0032240895599887926,overrepresented,0.9333262330774017,False
2005-2009,48,10,117,1585.0,18575.0,127,20287,0.07874015748031496,0.0786217774929758,0.00011837998733915667,,1.0,0.0,overrepresented,1.0,False
2005-2009,49,0,55,1595.0,18637.0,55,20287,0.0,0.0786217774929758,-0.0786217774929758,,0.020835231199360135,0.013469429125698965,underrepresented,0.14260558243117605,False
2005-2009,50,24,457,1571.0,18235.0,481,20287,0.0498960498960499,0.0786217774929758,-0.028725727596925904,,0.016085882620533933,0.016030516615291066,underrepresented,0.11890684433098683,False
2005-2009,51,7,100,1588.0,18592.0,107,20287,0.06542056074766354,0.0786217774929758,-0.013201216745312258,,0.7210890528961069,0.002307301624581637,underrepresented,1.0,False
2005-2009,52,0,1,,,1,20287,0.0,0.0786217774929758,-0.0786217774929758,,1.0,0.0,neutral,1.0,False
2005-2009,53,12,197,1583.0,18495.0,209,20287,0.05741626794258373,0.0786217774929758,-0.02120550955039207,,0.30109823296195537,0.007131557417251924,underrepresented,0.7844366082146363,False
2005-2009,54,3,49,1592.0,18643.0,52,20287,0.057692307692307696,0.0786217774929758,-0.020929469800668107,,0.7966397178893208,0.002130978711173464,underrepresented,1.0,False
2005-2009,55,1,38,1594.0,18654.0,39,20287,0.02564102564102564,0.0786217774929758,-0.05298075185195016,,0.366310866512132,0.006548579825329637,underrepresented,0.8560663916274084,False
2005-2009,56,0,41,1595.0,18651.0,41,20287,0.0,0.0786217774929758,-0.0786217774929758,,0.07366570732504443,0.011106425262926923,underrepresented,0.35824796614916343,False
2005-2009,57,59,417,1536.0,18275.0,476,20287,0.12394957983193278,0.0786217774929758,0.045327802338956974,,0.0005187737779925894,0.025500095840401263,overrepresented,0.008559767336877726,True
2005-2009,58,6,65,1589.0,18627.0,71,20287,0.08450704225352113,0.0786217774929758,0.005885264760545322,,0.8238572636297598,0.0,overrepresented,1.0,False
2005-2009,59,17,225,1578.0,18467.0,242,20287,0.07024793388429752,0.0786217774929758,-0.00837384360867828,,0.7187979691117625,0.0025750591127866765,underrepresented,1.0,False
2005-2009,60,10,101,1585.0,18591.0,111,20287,0.09009009009009009,0.0786217774929758,0.011468312597114283,,0.595947096709548,0.001919112121373629,overrepresented,1.0,False
2005-2009,61,2,39,1593.0,18653.0,41,20287,0.04878048780487805,0.0786217774929758,-0.029841289688097752,,0.7690959266243144,0.002950409614157262,underrepresented,1.0,False
2005-2009,62,4,23,1591.0,18669.0,27,20287,0.14814814814814814,0.0786217774929758,0.06952637065517234,,0.158448523168999,0.006918449852072331,overrepresented,0.5542234914441394,False
2005-2009,63,6,94,1589.0,18598.0,100,20287,0.06,0.0786217774929758,-0.018621777492975805,,0.7075127717119546,0.003562111338384873,underrepresented,1.0,False
2005-2009,64,0,44,1595.0,18648.0,44,20287,0.0,0.0786217774929758,-0.0786217774929758,,0.04707333918023462,0.011650467700836654,underrepresented,0.2684923790280049,False
2005-2009,65,4,30,1591.0,18662.0,34,20287,0.11764705882352941,0.0786217774929758,0.03902528133055361,,0.33841747248162796,0.0037021773051849846,overrepresented,0.8312468137646665,False
2010-2014,0,86,2180,1235.0,17172.0,2266,20673,0.03795233892321271,0.06389977265031684,-0.025947433727104126,,1.4576758956041804e-08,0.03690736649735824,underrepresented,6.734462637691314e-07,True
2010-2014,1,113,589,1208.0,18763.0,702,20673,0.16096866096866097,0.06389977265031684,0.09706888831834413,,4.3947314502039274e-20,0.07386512806564483,overrepresented,5.0759148249855364e-18,True
2010-2014,2,10,204,1311.0,19148.0,214,20673,0.04672897196261682,0.06389977265031684,-0.017170800687700015,,0.3972626790818417,0.006203295023262751,underrepresented,0.8677794692000513,False
2010-2014,3,19,271,1302.0,19081.0,290,20673,0.06551724137931035,0.06389977265031684,0.0016174687289935152,,0.9034963407910694,0.0,overrepresented,1.0,False
2010-2014,4,29,352,1292.0,19000.0,381,20673,0.07611548556430446,0.06389977265031684,0.012215712913987625,,0.3399541563208692,0.0061087205190336535,overrepresented,0.8312468137646665,False
2010-2014,5,36,826,1285.0,18526.0,862,20673,0.04176334106728538,0.06389977265031684,-0.022136431583031455,,0.005412627465988015,0.018385080561362434,underrepresented,0.05495898657772447,False
2010-2014,6,7,170,1314.0,19182.0,177,20673,0.03954802259887006,0.06389977265031684,-0.024351750051446776,,0.21706150311722247,0.008179421013009015,underrepresented,0.6663283351505435,False
2010-2014,7,57,685,1264.0,18667.0,742,20673,0.07681940700808626,0.06389977265031684,0.012919634357769424,,0.1460623701798027,0.00966079854521136,overrepresented,0.5328568328543116,False
2010-2014,8,2,75,1319.0,19277.0,77,20673,0.025974025974025976,0.06389977265031684,-0.03792574667629086,,0.2404501235060128,0.007858115783765421,underrepresented,0.723145078952708,False
2010-2014,9,41,927,1280.0,18425.0,968,20673,0.042355371900826444,0.06389977265031684,-0.02154440074949039,,0.0037482503829944936,0.019056096714604995,underrepresented,0.04074568651631662,True
2010-2014,10,3,111,1318.0,19241.0,114,20673,0.02631578947368421,0.06389977265031684,-0.03758398317663263,,0.12185217524035236,0.010107709697068359,underrepresented,0.4730731509331327,False
2010-2014,11,18,177,1303.0,19175.0,195,20673,0.09230769230769231,0.06389977265031684,0.028407919657375477,,0.10520930367812299,0.010311441048338034,overrepresented,0.43574677994918426,False
2010-2014,12,3,86,1318.0,19266.0,89,20673,0.033707865168539325,0.06389977265031684,-0.03019190748177751,,0.37971180822252976,0.006606841694703621,underrepresented,0.8653965960891365,False
2010-2014,13,13,616,1308.0,18736.0,629,20673,0.02066772655007949,0.06389977265031684,-0.04323204610023734,,4.918848606742514e-07,0.030737485381136364,underrepresented,1.7480831202423394e-05,True
2010-2014,14,8,99,1313.0,19253.0,107,20673,0.07476635514018691,0.06389977265031684,0.010866582489870075,,0.5546673499144359,0.0018266497256162364,overrepresented,1.0,False
2010-2014,15,37,400,1284.0,18952.0,437,20673,0.08466819221967964,0.06389977265031684,0.020768419569362803,,0.07518399052318536,0.011791273841262705,overrepresented,0.35994822405918797,False
2010-2014,16,12,297,1309.0,19055.0,309,20673,0.038834951456310676,0.06389977265031684,-0.02506482119400616,,0.07756823169622036,0.011809147777822708,underrepresented,0.36382256897110465,False
2010-2014,17,14,255,1307.0,19097.0,269,20673,0.05204460966542751,0.06389977265031684,-0.011855162984889325,,0.5293058559638182,0.00469302044637533,underrepresented,1.0,False
2010-2014,18,135,1998,1186.0,17354.0,2133,20673,0.06329113924050633,0.06389977265031684,-0.0006086334098105023,,0.9627090304046733,0.0005189897666894659,underrepresented,1.0,False
2010-2014,19,72,902,1249.0,18450.0,974,20673,0.07392197125256673,0.06389977265031684,0.010022198602249899,,0.20174356581973896,0.008645191647303017,overrepresented,0.6340512068620368,False
2010-2014,20,34,489,1287.0,18863.0,523,20673,0.06500956022944551,0.06389977265031684,0.0011097875791286765,,0.9277323907352562,0.0001012882220387672,overrepresented,1.0,False
2010-2014,21,0,54,1321.0,19298.0,54,20673,0.0,0.06389977265031684,-0.06389977265031684,,0.04871681582907693,0.01143317944861147,underrepresented,0.2728141686428308,False
2010-2014,22,58,754,1263.0,18598.0,812,20673,0.07142857142857142,0.06389977265031684,0.007528798778254589,,0.37919122794499294,0.005715252170853177,overrepresented,0.8653965960891365,False
2010-2014,23,1,51,1320.0,19301.0,52,20673,0.019230769230769232,0.06389977265031684,-0.044669003419547604,,0.2592406567087233,0.007197287287981291,underrepresented,0.7406254827044715,False
2010-2014,24,31,468,1290.0,18884.0,499,20673,0.06212424849699399,0.06389977265031684,-0.001775524153322848,,1.0,0.0004974106292257549,underrepresented,1.0,False
2010-2014,25,20,333,1301.0,19019.0,353,20673,0.056657223796033995,0.06389977265031684,-0.00724254885428284,,0.6606807012237219,0.0031397420162849023,underrepresented,1.0,False
2010-2014,26,47,461,1274.0,18891.0,508,20673,0.09251968503937008,0.06389977265031684,0.028619912389053245,,0.010007613723155924,0.017934602631978123,overrepresented,0.08483518422198233,False
2010-2014,27,7,108,1314.0,19244.0,115,20673,0.06086956521739131,0.06389977265031684,-0.003030207432925529,,1.0,0.0,underrepresented,1.0,False
2010-2014,28,3,71,1318.0,19281.0,74,20673,0.04054054054054054,0.06389977265031684,-0.023359232109776293,,0.6306163314036509,0.004068691891295942,underrepresented,1.0,False
2010-2014,29,2,93,1319.0,19259.0,95,20673,0.021052631578947368,0.06389977265031684,-0.04284714107136947,,0.09271140174253475,0.010441242786765515,underrepresented,0.4034332211074786,False
2010-2014,30,8,116,1313.0,19236.0,124,20673,0.06451612903225806,0.06389977265031684,0.0006163563819412271,,0.8551644243503224,0.0,overrepresented,1.0,False
2010-2014,31,37,422,1284.0,18930.0,459,20673,0.08061002178649238,0.06389977265031684,0.01671024913617554,,0.14678052036685127,0.009624454286389143,overrepresented,0.5328568328543116,False
2010-2014,32,32,263,1289.0,19089.0,295,20673,0.10847457627118644,0.06389977265031684,0.0445748036208696,,0.003631273771530781,0.02109468493407293,overrepresented,0.03994401148683859,True
2010-2014,33,4,76,1317.0,19276.0,80,20673,0.05,0.06389977265031684,-0.013899772650316833,,0.8186865457930161,0.001949498386588563,underrepresented,1.0,False
2010-2014,34,1,19,1320.0,19333.0,20,20673,0.05,0.06389977265031684,-0.013899772650316833,,1.0,0.0,underrepresented,1.0,False
2010-2014,35,48,693,1273.0,18659.0,741,20673,0.06477732793522267,0.06389977265031684,0.0008775552849058371,,0.8785677762089499,0.00015987202584333447,overrepresented,1.0,False
2010-2014,36,6,45,1315.0,19307.0,51,20673,0.11764705882352941,0.06389977265031684,0.053747286173212575,,0.13943995486377214,0.008935156659258406,overrepresented,0.5237500743663637,False
2010-2014,37,1,91,1320.0,19261.0,92,20673,0.010869565217391304,0.06389977265031684,-0.05303020743292553,,0.030607076474145838,0.013011131106860425,underrepresented,0.1991615398740194,False
2010-2014,38,5,55,1316.0,19297.0,60,20673,0.08333333333333333,0.06389977265031684,0.019433560683016493,,0.43416150755350025,0.00244864634823724,overrepresented,0.8954581093290942,False
2010-2014,39,1,126,1320.0,19226.0,127,20673,0.007874015748031496,0.06389977265031684,-0.05602575690228534,,0.005149334746968517,0.016744466472607404,underrepresented,0.053460509058414714,False
2010-2014,40,32,351,1289.0,19001.0,383,20673,0.0835509138381201,0.06389977265031684,0.01965114118780327,,0.1135531399039536,0.010305779081023965,overrepresented,0.4561873968315353,False
2010-2014,41,0,24,1321.0,19328.0,24,20673,0.0,0.06389977265031684,-0.06389977265031684,,0.4002667967867183,0.006003219777690795,underrepresented,0.8687103754545813,False
2010-2014,42,1,36,1320.0,19316.0,37,20673,0.02702702702702703,0.06389977265031684,-0.03687274562328981,,0.7301857697732757,0.004044229871567615,underrepresented,1.0,False
2010-2014,43,3,121,1318.0,19231.0,124,20673,0.024193548387096774,0.06389977265031684,-0.03970622426322006,,0.09299921655399669,0.011330682262637488,underrepresented,0.4034332211074786,False
2010-2014,44,10,18,1311.0,19334.0,28,20673,0.35714285714285715,0.06389977265031684,0.29324308449254033,,4.974172472489798e-06,0.041466989437234064,overrepresented,0.00015848742636484736,True
2010-2014,45,13,155,1308.0,19197.0,168,20673,0.07738095238095238,0.06389977265031684,0.013481179730635548,,0.42895285308004044,0.0038878503040224253,overrepresented,0.8921052990191746,False
2010-2014,46,37,389,1284.0,18963.0,426,20673,0.08685446009389672,0.06389977265031684,0.022954687443579883,,0.05659711525010577,0.012917873075403527,overrepresented,0.30762196759469257,False
2010-2014,47,4,32,1317.0,19320.0,36,20673,0.1111111111111111,0.06389977265031684,0.04721133846079427,,0.2883512869270026,0.005690547539606535,overrepresented,0.7678287870909234,False
2010-2014,48,6,129,1315.0,19223.0,135,20673,0.044444444444444446,0.06389977265031684,-0.01945532820587239,,0.47816400291220085,0.005221584708922141,underrepresented,0.9548658105795663,False
2010-2014,49,3,49,1318.0,19303.0,52,20673,0.057692307692307696,0.06389977265031684,-0.00620746495800914,,1.0,0.0,underrepresented,1.0,False
2010-2014,50,22,422,1299.0,18930.0,444,20673,0.04954954954954955,0.06389977265031684,-0.014350223100767286,,0.23901048734211577,0.008010497170305568,underrepresented,0.7217179421703104,False
2010-2014,51,8,121,1313.0,19231.0,129,20673,0.06201550387596899,0.06389977265031684,-0.0018842687743478442,,1.0,0.0,underrepresented,1.0,False
2010-2014,52,0,0,,,0,20673,0.0,0.06389977265031684,0.0,,1.0,0.0,neutral,1.0,False
2010-2014,53,8,163,1313.0,19189.0,171,20673,0.04678362573099415,0.06389977265031684,-0.017116146919322686,,0.4335050105142463,0.005299536930816402,underrepresented,0.8954581093290942,False
2010-2014,54,2,28,1319.0,19324.0,30,20673,0.06666666666666667,0.06389977265031684,0.00276689401634983,,0.7175148493341931,0.0,overrepresented,1.0,False
2010-2014,55,2,39,1319.0,19313.0,41,20673,0.04878048780487805,0.06389977265031684,-0.015119284845438785,,1.0,0.0005329813270559769,underrepresented,1.0,False
2010-2014,56,0,32,1321.0,19320.0,32,20673,0.0,0.06389977265031684,-0.06389977265031684,,0.26559162796479807,0.007771753680621364,underrepresented,0.7406254827044715,False
2010-2014,57,59,550,1262.0,18802.0,609,20673,0.09688013136288999,0.06389977265031684,0.032980358712573155,,0.0013420739922009105,0.022908475601491306,overrepresented,0.017972121286864366,True
2010-2014,58,8,68,1313.0,19284.0,76,20673,0.10526315789473684,0.06389977265031684,0.04136338524442,,0.15206190361734764,0.008639308237454487,overrepresented,0.5386317658636761,False
2010-2014,59,8,219,1313.0,19133.0,227,20673,0.03524229074889868,0.06389977265031684,-0.028657481901418154,,0.07627397736393451,0.011397327738423831,underrepresented,0.3614213081244897,False
2010-2014,60,10,90,1311.0,19262.0,100,20673,0.1,0.06389977265031684,0.03610022734968317,,0.14727089226176615,0.008865513979121824,overrepresented,0.5328568328543116,False
2010-2014,61,18,90,1303.0,19262.0,108,20673,0.16666666666666666,0.06389977265031684,0.10276689401634982,,0.00016045568553839972,0.02907840872361054,overrepresented,0.0030257357844383948,True
2010-2014,62,1,12,1320.0,19340.0,13,20673,0.07692307692307693,0.06389977265031684,0.013023304272760092,,0.576280297696989,0.0,overrepresented,1.0,False
2010-2014,63,1,73,1320.0,19279.0,74,20673,0.013513513513513514,0.06389977265031684,-0.05038625913680332,,0.09107113641831599,0.010692080474776149,underrepresented,0.40071300024059037,False
2010-2014,64,0,40,1321.0,19312.0,40,20673,0.0,0.06389977265031684,-0.06389977265031684,,0.18061508473319565,0.009253353909242479,underrepresented,0.5855731168192027,False
2010-2014,65,4,93,1317.0,19259.0,97,20673,0.041237113402061855,0.06389977265031684,-0.02266265924825498,,0.5292681495484675,0.0049150913686615005,underrepresented,1.0,False
2015-2019,0,65,1898,1672.0,16614.0,1963,20249,0.033112582781456956,0.08578201392661366,-0.05266943114515671,,2.0789435388992963e-22,0.06132408176611799,underrepresented,3.201573049904916e-20,True
2015-2019,1,55,391,1682.0,18121.0,446,20249,0.12331838565022421,0.08578201392661366,0.037536371723610545,,0.006071084195264072,0.01951474022044796,overrepresented,0.06013912409574275,False
2015-2019,2,5,135,1732.0,18377.0,140,20249,0.03571428571428571,0.08578201392661366,-0.05006772821232795,,0.03258907792966997,0.01385364876073444,underrepresented,0.20767108970355208,False
2015-2019,3,13,288,1724.0,18224.0,301,20249,0.04318936877076412,0.08578201392661366,-0.04259264515584955,,0.006623524265755774,0.017954296549784834,underrepresented,0.06185258094889052,False
2015-2019,4,42,294,1695.0,18218.0,336,20249,0.125,0.08578201392661366,0.039217986073386335,,0.013630564447393249,0.017501039331249343,overrepresented,0.10495534624492803,False
2015-2019,5,548,2080,1189.0,16432.0,2628,20249,0.2085235920852359,0.08578201392661366,0.12274157815862224,,6.613487967671356e-101,0.16900221493623235,overrepresented,3.0554314410641665e-98,True
2015-2019,6,13,175,1724.0,18337.0,188,20249,0.06914893617021277,0.08578201392661366,-0.016633077756400896,,0.5121723746616843,0.00483042048540781,underrepresented,0.9921326502880425,False
2015-2019,7,29,585,1708.0,17927.0,614,20249,0.04723127035830619,0.08578201392661366,-0.038550743568307476,,0.00024152517538134186,0.0238290281394264,underrepresented,0.004375867883379606,True
2015-2019,8,0,66,1737.0,18446.0,66,20249,0.0,0.08578201392661366,-0.08578201392661366,,0.006248294707515185,0.015969731162259915,underrepresented,0.060139836559833654,False
2015-2019,9,36,848,1701.0,17664.0,884,20249,0.04072398190045249,0.08578201392661366,-0.045058032026161175,,1.0762173049335619e-07,0.03394536023147022,underrepresented,4.52011268072096e-06,True
2015-2019,10,4,107,1733.0,18405.0,111,20249,0.036036036036036036,0.08578201392661366,-0.04974597789057763,,0.06086402859249452,0.011994083327012005,underrepresented,0.3195361501105962,False
2015-2019,11,12,187,1725.0,18325.0,199,20249,0.06030150753768844,0.08578201392661366,-0.025480506388925225,,0.2505706131669736,0.008170873043950201,underrepresented,0.7346766388006445,False
2015-2019,12,2,44,1735.0,18468.0,46,20249,0.043478260869565216,0.08578201392661366,-0.04230375305704845,,0.4314905630846576,0.0053561191342508556,underrepresented,0.8939400903368243,False
2015-2019,13,8,525,1729.0,17987.0,533,20249,0.0150093808630394,0.08578201392661366,-0.07077263306357426,,1.9624711967885106e-12,0.04100166745487206,underrepresented,1.511102821527153e-10,True
2015-2019,14,5,96,1732.0,18416.0,101,20249,0.04950495049504951,0.08578201392661366,-0.03627706343156416,,0.2813059599895359,0.007920170658156037,underrepresented,0.7534107450154527,False
2015-2019,15,28,356,1709.0,18156.0,384,20249,0.07291666666666667,0.08578201392661366,-0.012865347259946994,,0.4079033186029675,0.0057408839280899855,underrepresented,0.8704449570188038,False
2015-2019,16,13,215,1724.0,18297.0,228,20249,0.05701754385964912,0.08578201392661366,-0.028764470066964545,,0.15174633606289772,0.010125521734228336,underrepresented,0.5386317658636761,False
2015-2019,17,11,251,1726.0,18261.0,262,20249,0.04198473282442748,0.08578201392661366,-0.043797281102186184,,0.00753211566641325,0.017125869544172712,underrepresented,0.06823210662515533,False
2015-2019,18,122,1777,1615.0,16735.0,1899,20249,0.06424433912585571,0.08578201392661366,-0.021537674800757953,,0.00029591477785788454,0.024438712740585535,underrepresented,0.00525817797578241,True
2015-2019,19,55,880,1682.0,17632.0,935,20249,0.058823529411764705,0.08578201392661366,-0.02695848451484896,,0.001851286473702227,0.020760639907776483,underrepresented,0.02343272194110764,True
2015-2019,20,93,630,1644.0,17882.0,723,20249,0.12863070539419086,0.08578201392661366,0.042848691467577193,,8.05784907066475e-05,0.0289674675051174,overrepresented,0.001731500590998658,True
2015-2019,21,0,37,1737.0,18475.0,37,20249,0.0,0.08578201392661366,-0.08578201392661366,,0.07163139065560907,0.011041352133099962,underrepresented,0.35283542642363347,False
2015-2019,22,44,584,1693.0,17928.0,628,20249,0.07006369426751592,0.08578201392661366,-0.015718319659097743,,0.16875226404521498,0.009532951902650265,underrepresented,0.5694953338209776,False
2015-2019,23,0,47,1737.0,18465.0,47,20249,0.0,0.08578201392661366,-0.08578201392661366,,0.03171996292061604,0.012942596572450471,underrepresented,0.20353642874061958,False
2015-2019,24,40,417,1697.0,18095.0,457,20249,0.087527352297593,0.08578201392661366,0.0017453383709793296,,0.8658405790404764,0.00035337485206962335,overrepresented,1.0,False
2015-2019,25,8,293,1729.0,18219.0,301,20249,0.026578073089700997,0.08578201392661366,-0.05920394083691267,,4.2261635188776056e-05,0.02524071447131607,underrepresented,0.0010012756644725404,True
2015-2019,26,29,373,1708.0,18139.0,402,20249,0.07213930348258707,0.08578201392661366,-0.013642710444026596,,0.3682278384366593,0.006301250971410756,underrepresented,0.8560663916274084,False
2015-2019,27,11,141,1726.0,18371.0,152,20249,0.07236842105263158,0.08578201392661366,-0.013413592873982083,,0.6630049688945373,0.003144057119565213,underrepresented,1.0,False
2015-2019,28,2,66,1735.0,18446.0,68,20249,0.029411764705882353,0.08578201392661366,-0.05637024922073131,,0.1250082437325386,0.010160371141288085,underrepresented,0.48128173837027366,False
2015-2019,29,3,101,1734.0,18411.0,104,20249,0.028846153846153848,0.08578201392661366,-0.05693586008045982,,0.03391754448567379,0.013374652115816281,underrepresented,0.21175548043758502,False
2015-2019,30,10,118,1727.0,18394.0,128,20249,0.078125,0.08578201392661366,-0.007657013926613665,,0.8747491979317779,0.0010682599217330898,underrepresented,1.0,False
2015-2019,31,39,407,1698.0,18105.0,446,20249,0.08744394618834081,0.08578201392661366,0.0016619322617271448,,0.8643234947064847,0.0002898415281693948,overrepresented,1.0,False
2015-2019,32,20,227,1717.0,18285.0,247,20249,0.08097165991902834,0.08578201392661366,-0.004810354007585324,,0.9088832545103437,0.001105553138399362,underrepresented,1.0,False
2015-2019,33,1,58,1736.0,18454.0,59,20249,0.01694915254237288,0.08578201392661366,-0.06883286138424079,,0.06015593766790962,0.011651229018226865,underrepresented,0.31920669040376237,False
2015-2019,34,1,17,1736.0,18495.0,18,20249,0.05555555555555555,0.08578201392661366,-0.030226458371058113,,1.0,0.00026081749362710587,underrepresented,1.0,False
2015-2019,35,32,611,1705.0,17901.0,643,20249,0.049766718506998445,0.08578201392661366,-0.03601529541961522,,0.0005598711671746408,0.02278743399482588,underrepresented,0.008942682495412753,True
2015-2019,36,4,58,1733.0,18454.0,62,20249,0.06451612903225806,0.08578201392661366,-0.021265884894355602,,0.8186970567690213,0.002612497697407536,underrepresented,1.0,False
2015-2019,37,1,88,1736.0,18424.0,89,20249,0.011235955056179775,0.08578201392661366,-0.07454605887043389,,0.006627062244523984,0.016353959939859986,underrepresented,0.06185258094889052,False
2015-2019,38,2,50,1735.0,18462.0,52,20249,0.038461538461538464,0.08578201392661366,-0.0473204754650752,,0.3199318254783561,0.006831801368981348,underrepresented,0.8076967397322432,False
2015-2019,39,6,78,1731.0,18434.0,84,20249,0.07142857142857142,0.08578201392661366,-0.01435344249804224,,0.8445767230293098,0.001936206601628913,underrepresented,1.0,False
2015-2019,40,9,321,1728.0,18191.0,330,20249,0.02727272727272727,0.08578201392661366,-0.0585092866538864,,2.4675583595681776e-05,0.02619572196595125,underrepresented,0.0006162226822272963,True
2015-2019,41,0,18,1737.0,18494.0,18,20249,0.0,0.08578201392661366,-0.08578201392661366,,0.3955706386546395,0.006178233099739431,underrepresented,0.8677794692000513,False
2015-2019,42,1,41,1736.0,18471.0,42,20249,0.023809523809523808,0.08578201392661366,-0.06197249011708986,,0.2611919278902126,0.008150957165505459,underrepresented,0.7406254827044715,False
2015-2019,43,4,113,1733.0,18399.0,117,20249,0.03418803418803419,0.08578201392661366,-0.051593979738579474,,0.045464687436223186,0.012881770870096142,underrepresented,0.2625585699441889,False
2015-2019,44,38,38,1699.0,18474.0,76,20249,0.5,0.08578201392661366,0.41421798607338634,,5.4392800608528274e-21,0.08934583685556137,overrepresented,7.179849680325732e-19,True
2015-2019,45,9,135,1728.0,18377.0,144,20249,0.0625,0.08578201392661366,-0.023282013926613665,,0.37200859763863525,0.005986680990764096,underrepresented,0.8614935945315764,False
2015-2019,46,40,302,1697.0,18210.0,342,20249,0.11695906432748537,0.08578201392661366,0.03117705040087171,,0.04094956925709562,0.01390797134791301,overrepresented,0.24569741554257374,False
2015-2019,47,32,8,1705.0,18504.0,40,20249,0.8,0.08578201392661366,0.7142179860733864,,2.2086195266247794e-27,0.11148005963255155,overrepresented,5.101911106503241e-25,True
2015-2019,48,1,115,1736.0,18397.0,116,20249,0.008620689655172414,0.08578201392661366,-0.07716132427144125,,0.0006675459133458591,0.019746364216921223,underrepresented,0.010280207065526232,True
2015-2019,49,1,54,1736.0,18458.0,55,20249,0.01818181818181818,0.08578201392661366,-0.06760019574479548,,0.08734284640796887,0.010903651754275408,underrepresented,0.39221824798782,False
2015-2019,50,20,369,1717.0,18143.0,389,20249,0.05141388174807198,0.08578201392661366,-0.034368132178541684,,0.013200763301489182,0.01653347881472849,underrepresented,0.10495534624492803,False
2015-2019,51,15,120,1722.0,18392.0,135,20249,0.1111111111111111,0.08578201392661366,0.02532909718449744,,0.27980322235317445,0.0063264296062350055,overrepresented,0.7534107450154527,False
2015-2019,52,0,0,,,0,20249,0.0,0.08578201392661366,0.0,,1.0,0.0,neutral,1.0,False
2015-2019,53,14,105,1723.0,18407.0,119,20249,0.11764705882352941,0.08578201392661366,0.031865044896915745,,0.24687397279793552,0.007595101611015785,overrepresented,0.730900127329502,False
2015-2019,54,1,32,1736.0,18480.0,33,20249,0.030303030303030304,0.08578201392661366,-0.05547898362358336,,0.3605544974366882,0.005818182184564856,underrepresented,0.8560663916274084,False
2015-2019,55,2,23,1735.0,18489.0,25,20249,0.08,0.08578201392661366,-0.005782013926613663,,1.0,0.0,underrepresented,1.0,False
2015-2019,56,0,14,1737.0,18498.0,14,20249,0.0,0.08578201392661366,-0.08578201392661366,,0.6256368957529942,0.004702700273402407,underrepresented,1.0,False
2015-2019,57,67,481,1670.0,18031.0,548,20249,0.12226277372262774,0.08578201392661366,0.036480759796014076,,0.003186974374711056,0.021182971196128043,overrepresented,0.03629451818544175,True
2015-2019,58,3,41,1734.0,18471.0,44,20249,0.06818181818181818,0.08578201392661366,-0.017600195744795488,,1.0,0.0010392474630946278,underrepresented,1.0,False
2015-2019,59,11,175,1726.0,18337.0,186,20249,0.05913978494623656,0.08578201392661366,-0.026642228980377103,,0.2353563388952633,0.008235967295580272,underrepresented,0.713013957833519,False
2015-2019,60,5,83,1732.0,18429.0,88,20249,0.056818181818181816,0.08578201392661366,-0.02896383210843185,,0.4443644138450059,0.005492661639273265,underrepresented,0.9124282630950789,False
2015-2019,61,46,167,1691.0,18345.0,213,20249,0.215962441314554,0.08578201392661366,0.13018042738794033,,3.852911405561015e-09,0.047065676359051505,overrepresented,1.9778278548546545e-07,True
2015-2019,62,0,15,1737.0,18497.0,15,20249,0.0,0.08578201392661366,-0.08578201392661366,,0.6333081083625245,0.005099367650484932,underrepresented,1.0,False
2015-2019,63,3,85,1734.0,18427.0,88,20249,0.03409090909090909,0.08578201392661366,-0.05169110483570458,,0.08641176004090842,0.010854449475492004,underrepresented,0.39139444253823225,False
2015-2019,64,1,34,1736.0,18478.0,35,20249,0.02857142857142857,0.08578201392661366,-0.0572105853551851,,0.3625286639861953,0.006378137700958366,underrepresented,0.8560663916274084,False
2015-2019,65,2,24,1735.0,18488.0,26,20249,0.07692307692307693,0.08578201392661366,-0.008858937003536738,,1.0,0.0,underrepresented,1.0,False
2020-2024,0,118,1926,1724.0,15700.0,2044,19468,0.057729941291585124,0.09461680706800904,-0.036886865776423916,,2.331822179561131e-10,0.04287935645212739,underrepresented,1.3688521069091396e-08,True
2020-2024,1,37,292,1805.0,17334.0,329,19468,0.11246200607902736,0.09461680706800904,0.017845199011018317,,0.2546467453708313,0.0073131237492022085,overrepresented,0.7346766388006445,False
2020-2024,2,17,152,1825.0,17474.0,169,19468,0.10059171597633136,0.09461680706800904,0.005974908908322321,,0.791213384877949,0.0009643935662490842,overrepresented,1.0,False
2020-2024,3,22,349,1820.0,17277.0,371,19468,0.05929919137466307,0.09461680706800904,-0.03531761569334597,,0.019382810155708637,0.016177014613995965,underrepresented,0.1367153937700365,False
2020-2024,4,38,261,1804.0,17365.0,299,19468,0.12709030100334448,0.09461680706800904,0.03247349393533544,,0.05818306921400798,0.013143284026840956,overrepresented,0.31387208796275895,False
2020-2024,5,677,2102,1165.0,15524.0,2779,19468,0.2436128103634401,0.09461680706800904,0.14899600329543106,,1.3484326462546897e-144,0.20748113996948594,overrepresented,1.2459517651393333e-141,True
2020-2024,6,15,142,1827.0,17484.0,157,19468,0.09554140127388536,0.09461680706800904,0.0009245942058763168,,0.8915861528008715,0.0,overrepresented,1.0,False
2020-2024,7,17,584,1825.0,17042.0,601,19468,0.028286189683860232,0.09461680706800904,-0.0663306173841488,,1.6372716267286913e-10,0.03994090844886164,underrepresented,1.0805992736409362e-08,True
2020-2024,8,1,30,1841.0,17596.0,31,19468,0.03225806451612903,0.09461680706800904,-0.06235874255188001,,0.3587897925154161,0.006307932584567591,underrepresented,0.8560663916274084,False
2020-2024,9,38,766,1804.0,16860.0,804,19468,0.0472636815920398,0.09461680706800904,-0.04735312547596924,,5.223664320346939e-07,0.03313847823660935,underrepresented,1.7876540118520635e-05,True
2020-2024,10,1,68,1841.0,17558.0,69,19468,0.014492753623188406,0.09461680706800904,-0.08012405344482064,,0.020364055747405345,0.01485008824189239,underrepresented,0.1404208023179294,False
2020-2024,11,14,134,1828.0,17492.0,148,19468,0.0945945945945946,0.09461680706800904,-2.2212473414440215e-05,,1.0,0.0,underrepresented,1.0,False
2020-2024,12,0,46,1842.0,17580.0,46,19468,0.0,0.09461680706800904,-0.09461680706800904,,0.019904322071478596,0.013925220972090166,underrepresented,0.1382826586018513,False
2020-2024,13,6,435,1836.0,17191.0,441,19468,0.013605442176870748,0.09461680706800904,-0.08101136489113829,,1.5067255601058055e-12,0.04154881726550491,underrepresented,1.2656494704888766e-10,True
2020-2024,14,8,103,1834.0,17523.0,111,19468,0.07207207207207207,0.09461680706800904,-0.02254473499593697,,0.5157333709685943,0.00466749851155955,underrepresented,0.9948593627870169,False
2020-2024,15,9,380,1833.0,17246.0,389,19468,0.02313624678663239,0.09461680706800904,-0.07148056028137664,,2.1603999897643704e-08,0.03424554925040521,underrepresented,9.50575995496323e-07,True
2020-2024,16,11,217,1831.0,17409.0,228,19468,0.04824561403508772,0.09461680706800904,-0.04637119303292132,,0.012155228998759355,0.016431327518606823,underrepresented,0.09939319995445703,False
2020-2024,17,5,181,1837.0,17445.0,186,19468,0.026881720430107527,0.09461680706800904,-0.06773508663790151,,0.0005613372129155191,0.021827639670381253,underrepresented,0.008942682495412753,True
2020-2024,18,162,1779,1680.0,15847.0,1941,19468,0.08346213292117466,0.09461680706800904,-0.011154674146834381,,0.07884243193206525,0.012389921504329856,underrepresented,0.36637996968520825,False
2020-2024,19,33,758,1809.0,16868.0,791,19468,0.041719342604298354,0.09461680706800904,-0.052897464463710686,,1.3146568312050547e-08,0.036749227462356746,underrepresented,6.393383747544582e-07,True
2020-2024,20,44,317,1798.0,17309.0,361,19468,0.12188365650969529,0.09461680706800904,0.027266849441686253,,0.08381494482364785,0.01215490587751925,overrepresented,0.3833911337477753,False
2020-2024,21,0,32,1842.0,17594.0,32,19468,0.0,0.09461680706800904,-0.09461680706800904,,0.06884920650797124,0.010950986280030174,underrepresented,0.3495421253481617,False
2020-2024,22,59,577,1783.0,17049.0,636,19468,0.09276729559748427,0.09461680706800904,-0.00184951147052477,,0.9450703247209006,0.000667660024976617,underrepresented,1.0,False
2020-2024,23,0,36,1842.0,17590.0,36,19468,0.0,0.09461680706800904,-0.09461680706800904,,0.04510979182617052,0.011871781483626623,underrepresented,0.26214746948038714,False
2020-2024,24,34,518,1808.0,17108.0,552,19468,0.06159420289855073,0.09461680706800904,-0.03302260416945831,,0.006183135053133724,0.018745062412916524,underrepresented,0.06013912409574275,False
2020-2024,25,6,219,1836.0,17407.0,225,19468,0.02666666666666667,0.09461680706800904,-0.06795014040134237,,0.00012310854259812005,0.024283114509905657,underrepresented,0.002527828741348065,True
2020-2024,26,24,357,1818.0,17269.0,381,19468,0.06299212598425197,0.09461680706800904,-0.03162468108375707,,0.03341917753347397,0.014632307854766088,underrepresented,0.21006340163897924,False
2020-2024,27,8,112,1834.0,17514.0,120,19468,0.06666666666666667,0.09461680706800904,-0.027950140401342374,,0.3495348418820684,0.006399521639364555,underrepresented,0.8454717117775686,False
2020-2024,28,7,83,1835.0,17543.0,90,19468,0.07777777777777778,0.09461680706800904,-0.01683902929023126,,0.7188885371057054,0.0026272974420167463,underrepresented,1.0,False
2020-2024,29,7,80,1835.0,17546.0,87,19468,0.08045977011494253,0.09461680706800904,-0.014157036953066512,,0.8537447762231343,0.0019251410387995367,underrepresented,1.0,False
2020-2024,30,13,118,1829.0,17508.0,131,19468,0.09923664122137404,0.09461680706800904,0.0046198341533650045,,0.8804644987435934,0.00022582814129828443,overrepresented,1.0,False
2020-2024,31,27,346,1815.0,17280.0,373,19468,0.07238605898123325,0.09461680706800904,-0.02223074808677579,,0.15272892062368307,0.009975580696313194,underrepresented,0.5386317658636761,False
2020-2024,32,13,219,1829.0,17407.0,232,19468,0.05603448275862069,0.09461680706800904,-0.03858232430938835,,0.04190527352354639,0.013668204459353614,underrepresented,0.24938913684958133,False
2020-2024,33,1,52,1841.0,17574.0,53,19468,0.018867924528301886,0.09461680706800904,-0.07574888253970716,,0.05876609439129577,0.011838048936947112,underrepresented,0.31387208796275895,False
2020-2024,34,0,18,1842.0,17608.0,18,19468,0.0,0.09461680706800904,-0.09461680706800904,,0.4062583254847679,0.0069471427912494235,underrepresented,0.8704449570188038,False
2020-2024,35,26,555,1816.0,17071.0,581,19468,0.04475043029259897,0.09461680706800904,-0.04986637677541007,,7.0714548190089655e-06,0.02936659720297355,underrepresented,0.00021077497589562207,True
2020-2024,36,2,55,1840.0,17571.0,57,19468,0.03508771929824561,0.09461680706800904,-0.05952908776976343,,0.1701150625773034,0.009397458388647145,underrepresented,0.5695156442805376,False
2020-2024,37,0,85,1842.0,17541.0,85,19468,0.0,0.09461680706800904,-0.09461680706800904,,0.0005157398130303177,0.0200766333937293,underrepresented,0.008559767336877726,True
2020-2024,38,5,44,1837.0,17582.0,49,19468,0.10204081632653061,0.09461680706800904,0.0074240092585215745,,0.805982354591912,0.0,overrepresented,1.0,False
2020-2024,39,6,69,1836.0,17557.0,75,19468,0.08,0.09461680706800904,-0.014616807068009038,,0.8433490252537198,0.0016892058359677076,underrepresented,1.0,False
2020-2024,40,17,347,1825.0,17279.0,364,19468,0.046703296703296704,0.09461680706800904,-0.047913510364712336,,0.0007863297677343857,0.02194893615574639,underrepresented,0.011718850086880199,True
2020-2024,41,0,9,,,9,19468,0.0,0.09461680706800904,-0.09461680706800904,,1.0,0.0,neutral,1.0,False
2020-2024,42,0,31,1842.0,17595.0,31,19468,0.0,0.09461680706800904,-0.09461680706800904,,0.11300024802459532,0.010709467765799197,underrepresented,0.4559485990162711,False
2020-2024,43,6,107,1836.0,17519.0,113,19468,0.05309734513274336,0.09461680706800904,-0.04151946193526568,,0.1474228433722259,0.009683981292132491,underrepresented,0.5328568328543116,False
2020-2024,44,11,80,1831.0,17546.0,91,19468,0.12087912087912088,0.09461680706800904,0.02626231381111184,,0.36873855396938154,0.00486259092187444,overrepresented,0.8560663916274084,False
2020-2024,45,4,135,1838.0,17491.0,139,19468,0.02877697841726619,0.09461680706800904,-0.06583982865074285,,0.005076283424250083,0.018033948146722777,underrepresented,0.05330097595462587,False
2020-2024,46,25,212,1817.0,17414.0,237,19468,0.10548523206751055,0.09461680706800904,0.01086842499950151,,0.5757750642510086,0.0033221064282143143,overrepresented,1.0,False
2020-2024,47,5,30,1837.0,17596.0,35,19468,0.14285714285714285,0.09461680706800904,0.04824033578913381,,0.376220244790401,0.004923371782998376,overrepresented,0.8647450402645038,False
2020-2024,48,6,108,1836.0,17518.0,114,19468,0.05263157894736842,0.09461680706800904,-0.04198522812064062,,0.1476830777569908,0.009859298912466837,underrepresented,0.5328568328543116,False
2020-2024,49,4,55,1838.0,17571.0,59,19468,0.06779661016949153,0.09461680706800904,-0.026820196898517515,,0.6557651315299257,0.003455862669350558,underrepresented,1.0,False
2020-2024,50,14,352,1828.0,17274.0,366,19468,0.03825136612021858,0.09461680706800904,-0.05636544094779046,,6.170586124627642e-05,0.026011062333478396,underrepresented,0.0013575289474180813,True
2020-2024,51,9,120,1833.0,17506.0,129,19468,0.06976744186046512,0.09461680706800904,-0.024849365207543925,,0.4485466536897392,0.005852565077449391,underrepresented,0.9189736319497097,False
2020-2024,52,0,1,,,1,19468,0.0,0.09461680706800904,-0.09461680706800904,,1.0,0.0,neutral,1.0,False
2020-2024,53,21,235,1821.0,17391.0,256,19468,0.08203125,0.09461680706800904,-0.01258555706800904,,0.5903160702510921,0.004193396728605708,underrepresented,1.0,False
2020-2024,54,0,21,1842.0,17605.0,21,19468,0.0,0.09461680706800904,-0.09461680706800904,,0.2549061397367933,0.007949886231944191,underrepresented,0.7346766388006445,False
2020-2024,55,8,27,1834.0,17599.0,35,19468,0.22857142857142856,0.09461680706800904,0.13395462150341952,,0.014621041762306546,0.01735182119578525,overrepresented,0.11073641465878073,False
2020-2024,56,0,16,1842.0,17610.0,16,19468,0.0,0.09461680706800904,-0.09461680706800904,,0.39178780626945264,0.006209252588575045,underrepresented,0.8661787650198977,False
2020-2024,57,108,476,1734.0,17150.0,584,19468,0.18493150684931506,0.09461680706800904,0.09031469978130602,,1.100341556079031e-11,0.05375029511905151,overrepresented,7.820889213977112e-10,True
2020-2024,58,4,46,1838.0,17580.0,50,19468,0.08,0.09461680706800904,-0.014616807068009038,,1.0,0.0008004314083790013,underrepresented,1.0,False
2020-2024,59,12,215,1830.0,17411.0,227,19468,0.05286343612334802,0.09461680706800904,-0.04175337094466102,,0.029543472699012335,0.014677538556678795,underrepresented,0.19360403385735744,False
2020-2024,60,10,90,1832.0,17536.0,100,19468,0.1,0.09461680706800904,0.0053831929319909655,,0.8632994357396897,9.407511186917494e-05,overrepresented,1.0,False
2020-2024,61,58,136,1784.0,17490.0,194,19468,0.29896907216494845,0.09461680706800904,0.2043522650969394,,6.890253382117389e-16,0.06916427327809471,overrepresented,7.073993472307187e-14,True
2020-2024,62,3,23,1839.0,17603.0,26,19468,0.11538461538461539,0.09461680706800904,0.02076780831660635,,0.7320756543264444,0.00019204400648421466,overrepresented,1.0,False
2020-2024,63,5,97,1837.0,17529.0,102,19468,0.049019607843137254,0.09461680706800904,-0.045597199224871786,,0.12750069798281335,0.010090748018382853,underrepresented,0.48682084684346916,False
2020-2024,64,1,45,1841.0,17581.0,46,19468,0.021739130434782608,0.09461680706800904,-0.07287767663322643,,0.12458069268662363,0.010310508554630348,underrepresented,0.48128173837027366,False
2020-2024,65,0,15,1842.0,17611.0,15,19468,0.0,0.09461680706800904,-0.09461680706800904,,0.38866364847706436,0.005814272100566932,underrepresented,0.8661787650198977,False
