topic,period,p_value,odds_ratio,ci_lower,ci_upper,rate_difference,count_chart_topic,count_nochart_topic,total_chart,total_nochart,p_adjusted,significant,direction
-1,1955-1959,0.000686392474673055,1.7732993434089181,1.2843924136939864,2.455953201771877,0.1314758158508158,67,1049,156,3520,0.02299414790154734,True,overrepresented
0,1955-1959,0.04234185079313334,7.606060606060606,2.016629610147251,37.957473037090026,0.011115967365967365,2,6,156,3520,0.47281733385665564,False,neutral
1,1955-1959,0.40823466692092303,1.305019305019305,0.6760449412529757,2.805553848771773,0.011509324009324008,8,140,156,3520,1.0,False,neutral
2,1955-1959,1.0,0.0,0.034478989824681505,9.54543732218775,-0.005397727272727273,0,19,156,3520,1.0,False,neutral
3,1955-1959,0.09387574268965962,2.4772403982930298,1.0173396639764924,7.385645484190356,0.015129662004662004,4,37,156,3520,0.6988527511341327,False,neutral
4,1955-1959,0.41461984004658914,0.0,0.016804893389997546,4.485891788150243,-0.011363636363636364,0,40,156,3520,1.0,False,neutral
5,1955-1959,1.0,0.0,0.30414115528716357,184.76323369356385,-0.0002840909090909091,0,1,156,3520,1.0,False,neutral
6,1955-1959,1.0,0.0,0.03628434813617936,10.083349737747602,-0.005113636363636364,0,18,156,3520,1.0,False,neutral
7,1955-1959,0.04150438749948647,0.39698443342049317,0.18391376148197178,1.026548094562452,-0.04493735431235432,5,271,156,3520,0.47281733385665564,False,neutral
8,1955-1959,0.4078954973757086,0.0,0.017672444412042326,4.72580167402278,-0.010795454545454546,0,38,156,3520,1.0,False,neutral
9,1955-1959,1.0,0.0,0.08509591655521534,26.324491661490566,-0.0019886363636363634,0,7,156,3520,1.0,False,neutral
10,1955-1959,1.0,0.7012987012987013,0.24263343846885954,3.0990322100890415,-0.005361305361305361,2,64,156,3520,1.0,False,neutral
11,1955-1959,1.0,0.0,0.062307856668622104,18.311666463623485,-0.002840909090909091,0,10,156,3520,1.0,False,neutral
12,1955-1959,1.0,0.0,0.062307856668622104,18.311666463623485,-0.002840909090909091,0,10,156,3520,1.0,False,neutral
13,1955-1959,1.0,0.0,0.05719315954268202,16.6211874958364,-0.003125,0,11,156,3520,1.0,False,neutral
14,1955-1959,0.009615100945371734,2.966108966108966,1.4952339403043649,6.496100341359802,0.03338432400932401,8,63,156,3520,0.16105294083497654,False,neutral
15,1955-1959,1.0,0.0,0.062307856668622104,18.311666463623485,-0.002840909090909091,0,10,156,3520,1.0,False,neutral
16,1955-1959,0.00790779813153006,3.3982102908277403,1.6362394056712894,7.884866152620642,0.031235431235431238,7,48,156,3520,0.16105294083497654,False,neutral
17,1955-1959,0.7104429149518936,1.0754483611626469,0.3661393233027987,4.7905219074092,0.0008886946386946377,2,42,156,3520,1.0,False,neutral
18,1955-1959,2.5101843931009686e-05,0.1832579185520362,0.07997056230793481,0.5269955599815276,-0.0999271561771562,4,442,156,3520,0.001681823543377649,True,underrepresented
19,1955-1959,0.2871033741272402,1.97459062676454,0.6473281113678447,8.959387162195473,0.006286421911421911,2,23,156,3520,1.0,False,neutral
20,1955-1959,1.0,,0.4448729610714798,1137.4806119832153,0.0,0,0,156,3520,1.0,False,neutral
21,1955-1959,0.6407520446585853,0.0,0.021557440177577162,5.810579306013319,-0.008806818181818181,0,31,156,3520,1.0,False,neutral
22,1955-1959,0.17694238591435885,0.0,0.011634653242234198,3.073446889550171,-0.016477272727272726,0,58,156,3520,0.9879283213551703,False,neutral
23,1955-1959,0.6407520446585853,0.0,0.021557440177577162,5.810579306013319,-0.008806818181818181,0,31,156,3520,1.0,False,neutral
24,1955-1959,0.6228213561075263,0.0,0.028748635142631016,7.8645488714575285,-0.006534090909090909,0,23,156,3520,1.0,False,neutral
25,1955-1959,0.6334282837276743,0.0,0.022998165485979886,6.21724799626646,-0.008238636363636363,0,29,156,3520,1.0,False,neutral
26,1955-1959,0.801598472124549,0.6705882352941176,0.2640801537509001,2.2805029108194756,-0.009178321678321676,3,100,156,3520,1.0,False,neutral
27,1955-1959,0.32342545023377006,2.832258064516129,0.6974084056896258,22.783968329280764,0.004137529137529137,1,8,156,3520,1.0,False,neutral
28,1955-1959,1.0,0.0,0.13382277279245153,46.57764394699917,-0.0011363636363636363,0,4,156,3520,1.0,False,neutral
29,1955-1959,0.41461984004658914,0.0,0.016804893389997546,4.485891788150243,-0.011363636363636364,0,40,156,3520,1.0,False,neutral
30,1955-1959,0.4110283490372184,0.0,0.017227879451583553,4.6027576496310845,-0.011079545454545455,0,39,156,3520,1.0,False,neutral
31,1955-1959,0.47431526426999704,0.7612366230677765,0.4297703854945969,1.4594811676444686,-0.020112179487179485,11,319,156,3520,1.0,False,neutral
32,1955-1959,0.5426957960218202,1.3294117647058823,0.36164525711477913,10.312574615587646,0.0015807109557109556,1,17,156,3520,1.0,False,neutral
33,1955-1959,0.08937567829980982,4.558441558441558,1.3492421294483425,21.69164623805498,0.009979603729603728,2,10,156,3520,0.6988527511341327,False,neutral
34,1955-1959,1.0,0.0,0.08509591655521534,26.324491661490566,-0.0019886363636363634,0,7,156,3520,1.0,False,neutral
35,1955-1959,0.07131132063655589,3.4313725490196076,1.2389415696339265,12.235478157389474,0.01354895104895105,3,20,156,3520,0.6825512118070349,False,neutral
36,1955-1959,1.0,0.0,0.21495173303223175,94.0601067628643,-0.0005681818181818182,0,2,156,3520,1.0,False,neutral
37,1955-1959,1.0,0.0,0.30414115528716357,184.76323369356385,-0.0002840909090909091,0,1,156,3520,1.0,False,neutral
38,1955-1959,1.0,0.0,0.04911969826087078,14.027602701326627,-0.003693181818181818,0,13,156,3520,1.0,False,neutral
39,1955-1959,0.6231221329453941,0.0,0.02760014080244574,7.532426865941707,-0.006818181818181818,0,24,156,3520,1.0,False,neutral
40,1955-1959,0.396769946521098,1.5108225108225108,0.5049602398938535,6.791121058973442,0.004297785547785548,2,30,156,3520,1.0,False,neutral
41,1955-1959,1.0,0.5216804201050262,0.15024723795081485,3.957956327518337,-0.0058056526806526815,1,43,156,3520,1.0,False,neutral
42,1955-1959,0.6494120002950207,1.4616673648931713,0.48954267819706143,6.563534737722701,0.004013694638694639,2,31,156,3520,1.0,False,neutral
43,1955-1959,0.4767034335552756,1.4183006535947713,0.5451697276260751,4.888646433828277,0.005594405594405596,3,48,156,3520,1.0,False,neutral
44,1955-1959,1.0,,0.4448729610714798,1137.4806119832153,0.0,0,0,156,3520,1.0,False,neutral
45,1955-1959,0.4556696011993674,1.7404466501240694,0.46036259805046437,13.644245387697355,0.002717074592074592,1,13,156,3520,1.0,False,neutral
46,1955-1959,0.2371841032175987,1.6809505259057265,0.7561064007029349,4.4279573620960955,0.01273310023310023,5,68,156,3520,1.0,False,neutral
47,1955-1959,1.0,,0.4448729610714798,1137.4806119832153,0.0,0,0,156,3520,1.0,False,neutral
48,1955-1959,0.6866332974159767,1.1900205058099795,0.40317167842759544,5.313660760512807,0.0020250582750582745,2,38,156,3520,1.0,False,neutral
49,1955-1959,1.0,0.0,0.031355853488093645,8.624377825227722,-0.005965909090909091,0,21,156,3520,1.0,False,neutral
50,1955-1959,1.0,0.0,0.06842152139064465,20.38246630731316,-0.002556818181818182,0,9,156,3520,1.0,False,neutral
51,1955-1959,0.2871033741272402,1.97459062676454,0.6473281113678447,8.959387162195473,0.006286421911421911,2,23,156,3520,1.0,False,neutral
52,1955-1959,1.0,,0.4448729610714798,1137.4806119832153,0.0,0,0,156,3520,1.0,False,neutral
53,1955-1959,1.0,,0.4448729610714798,1137.4806119832153,0.0,0,0,156,3520,1.0,False,neutral
54,1955-1959,1.0,,0.4448729610714798,1137.4806119832153,0.0,0,0,156,3520,1.0,False,neutral
55,1955-1959,1.0,0.0,0.11241579416630056,37.09648983857325,-0.0014204545454545455,0,5,156,3520,1.0,False,neutral
56,1955-1959,1.0,0.0,0.05719315954268202,16.6211874958364,-0.003125,0,11,156,3520,1.0,False,neutral
57,1955-1959,0.22319503068193206,2.393028024606972,0.7711496027698173,10.947714150058061,0.007422785547785547,2,19,156,3520,1.0,False,neutral
58,1955-1959,0.13103344855584428,3.5034965034965033,1.0800010733816379,16.365402275897758,0.009127331002331002,2,13,156,3520,0.8779241053241568,False,neutral
59,1955-1959,1.0,0.0,0.06842152139064465,20.38246630731316,-0.002556818181818182,0,9,156,3520,1.0,False,neutral
60,1955-1959,0.15930743359723784,7.563440860215054,1.4220031214174091,66.09267128049602,0.0055579836829836825,1,3,156,3520,0.9703270955468123,False,neutral
61,1955-1959,1.0,,0.4448729610714798,1137.4806119832153,0.0,0,0,156,3520,1.0,False,neutral
62,1955-1959,1.0,0.0,0.21495173303223175,94.0601067628643,-0.0005681818181818182,0,2,156,3520,1.0,False,neutral
63,1955-1959,1.0,,0.4448729610714798,1137.4806119832153,0.0,0,0,156,3520,1.0,False,neutral
64,1955-1959,0.35220800539153696,2.5168458781362006,0.6324239545735955,20.102568691456888,0.0038534382284382282,1,9,156,3520,1.0,False,neutral
65,1955-1959,1.0,,0.4448729610714798,1137.4806119832153,0.0,0,0,156,3520,1.0,False,neutral
-1,1960-1964,0.720953376833482,1.0634746110282118,0.7574105946109974,1.5105879580417152,0.012891311745023504,47,2142,154,7328,1.0,False,neutral
0,1960-1964,0.6288870696639399,0.0,0.02704936752201635,7.160511597430834,-0.0072325327510917034,0,53,154,7328,1.0,False,neutral
1,1960-1964,0.00019543170400491074,3.1023276240667546,1.8822771669004583,5.378934722105803,0.06786990302274146,16,264,154,7328,0.01309392416832902,True,overrepresented
2,1960-1964,0.6273459448008267,0.0,0.028646168568011433,7.594820507386409,-0.006823144104803494,0,50,154,7328,1.0,False,neutral
3,1960-1964,1.0,0.9707303974221267,0.3394879856548962,4.265599929042265,-0.00038634945840185925,2,98,154,7328,1.0,False,neutral
4,1960-1964,0.22181050382845438,1.8957825026141513,0.7412717512136966,6.471217212331826,0.00910934044121817,3,76,154,7328,1.0,False,neutral
5,1960-1964,1.0,,0.9380941070936544,2398.4286815031082,0.0,0,0,154,7328,1.0,False,neutral
6,1960-1964,1.0,0.668047500690417,0.19533133301674732,5.036813263991282,-0.003195358135314467,1,71,154,7328,1.0,False,neutral
7,1960-1964,1.0,0.9627845391029975,0.5343903433590911,1.8956168635074868,-0.002341135938297517,10,493,154,7328,1.0,False,neutral
8,1960-1964,0.6474761733557037,0.0,0.021777386217890347,5.735962297075459,-0.009006550218340612,0,66,154,7328,1.0,False,neutral
9,1960-1964,1.0,0.0,0.05038048143166255,13.64068620772705,-0.003820960698689956,0,28,154,7328,1.0,False,neutral
10,1960-1964,0.26798285052562965,0.0,0.015312716926447418,4.008521450386355,-0.012827510917030568,0,94,154,7328,1.0,False,neutral
11,1960-1964,1.0,0.0,0.0521739817275997,14.15102345587755,-0.0036844978165938864,0,27,154,7328,1.0,False,neutral
12,1960-1964,1.0,0.0,0.05617156129681545,15.294956711523671,-0.003411572052401747,0,25,154,7328,1.0,False,neutral
13,1960-1964,1.0,0.8192472391255353,0.23828992219732864,6.189804158121175,-0.0014213406680655578,1,58,154,7328,1.0,False,neutral
14,1960-1964,0.05489784541274105,2.554927587424938,1.162070219002745,6.681913522171818,0.019503558668405828,5,95,154,7328,0.9195389106634126,False,neutral
15,1960-1964,1.0,0.0,0.038463697551577865,10.294452046070017,-0.005049126637554585,0,37,154,7328,1.0,False,neutral
16,1960-1964,0.04930576123518992,2.639334695068573,1.1993622277952078,6.906631639857961,0.019912947314694035,5,92,154,7328,0.9195389106634126,False,neutral
17,1960-1964,1.0,0.7418300653594772,0.21635064211438718,5.598859856473918,-0.0022401179606419772,1,64,154,7328,1.0,False,neutral
18,1960-1964,0.03218443059711809,0.5341419144236046,0.3096812291627434,0.9918313139365296,-0.05867726705608803,12,1001,154,7328,0.9195389106634126,False,neutral
19,1960-1964,0.6273459448008267,0.0,0.028646168568011433,7.594820507386409,-0.006823144104803494,0,50,154,7328,1.0,False,neutral
20,1960-1964,1.0,0.0,0.6414352343210051,389.6362590951356,-0.00013646288209606986,0,1,154,7328,1.0,False,neutral
21,1960-1964,1.0,0.7191523073876015,0.20990162959471384,5.425989492212141,-0.0025130437248341176,1,66,154,7328,1.0,False,neutral
22,1960-1964,0.7247584084444685,0.4872313186442962,0.14336123206780588,3.6642203593640286,-0.006743393069812283,1,97,154,7328,1.0,False,neutral
23,1960-1964,0.37351870847513335,1.5675150992234685,0.5414906764265264,6.930573858464797,0.0046627771791527255,2,61,154,7328,1.0,False,neutral
24,1960-1964,0.4098701982756885,0.0,0.018930236701165674,4.972555068754392,-0.01037117903930131,0,76,154,7328,1.0,False,neutral
25,1960-1964,0.6974238842156123,1.1347117794486214,0.39549090502519707,4.994675123430974,0.0015241308909431182,2,84,154,7328,1.0,False,neutral
26,1960-1964,0.08326710414353346,0.0,0.008793117448633826,2.2876925286137437,-0.02224344978165939,0,163,154,7328,0.929815996269457,False,neutral
27,1960-1964,1.0,0.0,0.08094151500850247,22.586481565394138,-0.002319868995633188,0,17,154,7328,1.0,False,neutral
28,1960-1964,0.07434318683390263,4.807894736842106,1.5569251620189042,21.939229589944777,0.010257755345091591,2,20,154,7328,0.929815996269457,False,neutral
29,1960-1964,0.27040797915592596,0.0,0.014838734845168667,3.882698933066815,-0.013236899563318777,0,97,154,7328,1.0,False,neutral
30,1960-1964,1.0,0.9912280701754386,0.34650920604307345,4.356601237580407,-0.00011342369420971887,2,96,154,7328,1.0,False,neutral
31,1960-1964,0.4516394211036786,1.2415596533012498,0.7507207013321507,2.1734140320948736,0.017435348494300465,15,586,154,7328,1.0,False,neutral
32,1960-1964,0.47587886370233246,1.5899782135076252,0.45044137711359755,12.139338647081082,0.002399620030624398,1,30,154,7328,1.0,False,neutral
33,1960-1964,1.0,0.0,0.058408205260810774,15.93888721742794,-0.0032751091703056767,0,24,154,7328,1.0,False,neutral
34,1960-1964,1.0,0.0,0.12079993977652446,35.10315121399278,-0.0015010917030567686,0,11,154,7328,1.0,False,neutral
35,1960-1964,1.0,0.7303167420814479,0.21307779748465627,5.511081597331421,-0.0023765808427380474,1,65,154,7328,1.0,False,neutral
36,1960-1964,1.0,0.0,0.2823591144889703,98.26801174124178,-0.0005458515283842794,0,4,154,7328,1.0,False,neutral
37,1960-1964,1.0,,0.9380941070936544,2398.4286815031082,0.0,0,0,154,7328,1.0,False,neutral
38,1960-1964,1.0,0.0,0.08094151500850247,22.586481565394138,-0.002319868995633188,0,17,154,7328,1.0,False,neutral
39,1960-1964,0.4237722244190314,0.0,0.016932621197791375,4.439392538723414,-0.011599344978165938,0,85,154,7328,1.0,False,neutral
40,1960-1964,0.6606589019090329,1.3642857142857143,0.47325893806460695,6.019453077806109,0.0034346112402880973,2,70,154,7328,1.0,False,neutral
41,1960-1964,0.6305834561635173,0.0,0.026079541905250327,6.8973776054874465,-0.007505458515283843,0,55,154,7328,1.0,False,neutral
42,1960-1964,0.15425265914743794,2.291075370545569,0.8904037969692767,7.8470674088413075,0.010883357908467079,3,63,154,7328,0.9395389238980311,False,neutral
43,1960-1964,0.13544007039881328,2.097391304347826,0.8958048421832342,6.10818650898736,0.013419440821187548,4,92,154,7328,0.9395389238980311,False,neutral
44,1960-1964,1.0,,0.9380941070936544,2398.4286815031082,0.0,0,0,154,7328,1.0,False,neutral
45,1960-1964,1.0,0.0,0.047138293203721676,12.722625212048134,-0.004093886462882096,0,30,154,7328,1.0,False,neutral
46,1960-1964,0.26492091051227695,1.563235422295825,0.7187578930741775,4.060566983530199,0.011452248624737704,5,154,154,7328,1.0,False,neutral
47,1960-1964,1.0,,0.9380941070936544,2398.4286815031082,0.0,0,0,154,7328,1.0,False,neutral
48,1960-1964,1.0,0.6495657623780106,0.1900493123404864,4.896203620249036,-0.003468283899506607,1,73,154,7328,1.0,False,neutral
49,1960-1964,1.0,0.970921702014139,0.28093348685095293,7.351144367059823,-0.00019317472920092962,1,49,154,7328,1.0,False,neutral
50,1960-1964,1.0,0.0,0.060829609592042505,16.639189875069064,-0.003138646288209607,0,23,154,7328,1.0,False,neutral
51,1960-1964,0.09923726980670973,4.004385964912281,1.3172322006141346,18.135386233924812,0.00971190381670731,2,24,154,7328,0.9395389238980311,False,neutral
52,1960-1964,0.15334227387791974,6.835667600373482,1.6406331370865297,55.46664352683175,0.005538266318834005,1,7,154,7328,0.9395389238980311,False,neutral
53,1960-1964,1.0,0.0,0.6414352343210051,389.6362590951356,-0.00013646288209606986,0,1,154,7328,1.0,False,neutral
54,1960-1964,1.0,,0.9380941070936544,2398.4286815031082,0.0,0,0,154,7328,1.0,False,neutral
55,1960-1964,1.0,0.0,0.12079993977652446,35.10315121399278,-0.0015010917030567686,0,11,154,7328,1.0,False,neutral
56,1960-1964,1.0,0.0,0.06946359666255586,19.163487833964705,-0.0027292576419213972,0,20,154,7328,1.0,False,neutral
57,1960-1964,0.5565593827372358,1.2538699690402477,0.359302351835615,9.530130949777641,0.001307916973855839,1,38,154,7328,1.0,False,neutral
58,1960-1964,0.25971606785880325,2.0829519450800915,0.7120110514700618,9.257818799455928,0.006709720410593774,2,46,154,7328,1.0,False,neutral
59,1960-1964,1.0,0.0,0.04428664335900443,11.919903183954471,-0.004366812227074236,0,32,154,7328,1.0,False,neutral
60,1960-1964,1.0,0.0,0.0634596463150917,17.403601678326233,-0.003002183406113537,0,22,154,7328,1.0,False,neutral
61,1960-1964,1.0,,0.9380941070936544,2398.4286815031082,0.0,0,0,154,7328,1.0,False,neutral
62,1960-1964,1.0,0.0,0.34836310249070507,131.7010835733782,-0.0004093886462882096,0,3,154,7328,1.0,False,neutral
63,1960-1964,1.0,,0.9380941070936544,2398.4286815031082,0.0,0,0,154,7328,1.0,False,neutral
64,1960-1964,0.14718336642529567,3.0971986417657047,1.0372935028221661,13.904832833319134,0.008756663642034822,2,31,154,7328,0.9395389238980311,False,neutral
65,1960-1964,1.0,,0.9380941070936544,2398.4286815031082,0.0,0,0,154,7328,1.0,False,neutral
-1,1965-1969,0.11022389761665351,1.235952258773052,0.9639252162952272,1.592338480842373,0.046306254461946916,95,4039,274,13445,1.0,False,neutral
0,1965-1969,0.5947816138283298,1.1863527097902098,0.6651064802449624,2.3187907278388815,0.00555548015298879,10,416,274,13445,1.0,False,neutral
1,1965-1969,0.3597068680853569,1.4008703695279685,0.7158833580718963,3.122708421021996,0.007176303567114468,7,247,274,13445,1.0,False,neutral
2,1965-1969,1.0,1.0083657685891927,0.4026707717355994,3.40127456986657,8.984969855561908e-05,3,146,274,13445,1.0,False,neutral
3,1965-1969,1.0,0.961865628604383,0.33865109493682327,4.211980085476379,-0.0002871932962895604,2,102,274,13445,1.0,False,neutral
4,1965-1969,0.4448637622181114,0.4944759629740221,0.1757602773729808,2.154891931600366,-0.007353017022581863,2,197,274,13445,1.0,False,neutral
5,1965-1969,1.0,0.0,0.29220142128588034,101.30792782028331,-0.0002975083674228338,0,4,274,13445,1.0,False,neutral
6,1965-1969,1.0,0.5202634245187436,0.15374285676464766,3.9054349934973613,-0.0033418115979402434,1,94,274,13445,1.0,False,neutral
7,1965-1969,0.31335970138867997,0.6885419154525914,0.3776305423266108,1.3914433649819669,-0.014159606724340579,9,632,274,13445,1.0,False,neutral
8,1965-1969,0.17714741733398243,0.0,0.01362810415582777,3.545797409676085,-0.008181480104127928,0,110,274,13445,1.0,False,neutral
9,1965-1969,0.5118240848107686,1.2831702230065778,0.5102543781794174,4.338489902719214,0.0023955395460825805,3,115,274,13445,1.0,False,neutral
10,1965-1969,1.0,0.5202634245187436,0.15374285676464766,3.9054349934973613,-0.0033418115979402434,1,94,274,13445,1.0,False,neutral
11,1965-1969,0.016315982490050555,4.411522633744856,1.8461894986208796,13.002696486150853,0.01125157101247852,4,45,274,13445,0.4209726040355231,False,neutral
12,1965-1969,1.0,0.0,0.07946677629432837,21.994625966948444,-0.001338787653402752,0,18,274,13445,1.0,False,neutral
13,1965-1969,0.772517604590752,0.6517156862745098,0.23090744295336682,2.844758613076854,-0.0038572937053635657,2,150,274,13445,1.0,False,neutral
14,1965-1969,0.2625444172235851,1.7196001029777739,0.6792652422295852,5.83586480083275,0.004552475209898125,3,86,274,13445,1.0,False,neutral
15,1965-1969,0.5383493279867388,1.407936507936508,0.6115310377074816,4.058651246089164,0.004185747286186219,4,140,274,13445,1.0,False,neutral
16,1965-1969,0.4113093088576259,1.417660129043285,0.6585526928616755,3.6581917856287633,0.005306561199588481,5,174,274,13445,1.0,False,neutral
17,1965-1969,0.08478765979888796,0.0,0.008917427495128657,2.3101944382201123,-0.012495351431759017,0,168,274,13445,1.0,False,neutral
18,1965-1969,0.018437927156307626,0.6008971421788954,0.4002080399784926,0.937689650647164,-0.04837524057188926,23,1779,274,13445,0.4209726040355231,False,neutral
19,1965-1969,0.38558857501809674,0.3022319295611221,0.08997814623557339,2.2619145191018593,-0.00832507675227271,1,161,274,13445,1.0,False,neutral
20,1965-1969,1.0,0.0,0.4691147960762446,204.512974743473,-0.0001487541837114169,0,2,274,13445,1.0,False,neutral
21,1965-1969,1.0,0.0,0.050486377616265385,13.593006914510392,-0.0021569356638155446,0,29,274,13445,1.0,False,neutral
22,1965-1969,0.24724528299403178,0.40116067087992224,0.14286441662526214,1.7465361762978773,-0.010699986156088742,2,242,274,13445,1.0,False,neutral
23,1965-1969,0.018849519583680138,3.4523440726972328,1.5689523270911092,9.032588870086805,0.012893024568870742,5,72,274,13445,0.4209726040355231,False,neutral
24,1965-1969,0.1362023512922575,0.22540250447227192,0.06728162395308668,1.6851142713996412,-0.012341439712480966,1,215,274,13445,1.0,False,neutral
25,1965-1969,0.8015834667927548,0.7221202261283697,0.2896376885335324,2.42969905083325,-0.004149644537219763,3,203,274,13445,1.0,False,neutral
26,1965-1969,0.8280420681447008,1.0682186891628813,0.5248255879760977,2.5332114023993713,0.0013697328668025727,6,276,274,13445,1.0,False,neutral
27,1965-1969,1.0,0.5690007666751853,0.16786735045693074,4.2741505426595605,-0.002746794863094576,1,86,274,13445,1.0,False,neutral
28,1965-1969,1.0,0.7658539377289377,0.2244439792684134,5.768329555106407,-0.0011104988422689904,1,64,274,13445,1.0,False,neutral
29,1965-1969,1.0,0.8523017902813299,0.3007448994636109,3.728014934951902,-0.0012540954904137706,2,115,274,13445,1.0,False,neutral
30,1965-1969,0.779986001170383,1.163795748411133,0.50705168837765,3.3486214129485674,0.0020288116223706743,4,169,274,13445,1.0,False,neutral
31,1965-1969,0.5339354941281008,1.1465624088655584,0.7435795933948947,1.8481598651979259,0.00873089336659491,20,864,274,13445,1.0,False,neutral
32,1965-1969,0.31945651027019073,1.6313437404346496,0.706575213720477,4.710655847458624,0.0055989120314446795,4,121,274,13445,1.0,False,neutral
33,1965-1969,0.6285589981582194,0.0,0.028080662477820123,7.403953929226165,-0.003941985868352547,0,53,274,13445,1.0,False,neutral
34,1965-1969,0.39637810081105623,2.048382173382173,0.575317670441431,15.690258048604326,0.0018645848319593476,1,24,274,13445,1.0,False,neutral
35,1965-1969,0.28285702806633567,1.4350005448403618,0.7595116571513171,3.0384863017470605,0.008669002939795271,8,276,274,13445,1.0,False,neutral
36,1965-1969,1.0,0.0,0.24551533069064221,80.70160398110573,-0.0003718854592785422,0,5,274,13445,1.0,False,neutral
37,1965-1969,1.0,0.0,0.663560746114743,401.68111800393996,-7.437709185570845e-05,0,1,274,13445,1.0,False,neutral
38,1965-1969,0.5167482105684508,1.403453689167975,0.4026249829968487,10.66105962180357,0.0010464368215465547,1,35,274,13445,1.0,False,neutral
39,1965-1969,0.1839412618921061,2.085234655163453,0.8191421729571172,7.098721883677936,0.005668131587733752,3,71,274,13445,1.0,False,neutral
40,1965-1969,0.5534726926808742,1.3130864197530865,0.5710167522794259,3.7824917366516564,0.003441976367629135,4,150,274,13445,1.0,False,neutral
41,1965-1969,1.0,0.8603560182507551,0.2513377305844505,6.488410581397402,-0.0005898591992790306,1,57,274,13445,1.0,False,neutral
42,1965-1969,0.17397191254753902,2.1459971121450345,0.842237582634452,7.309323485313782,0.005816885771445169,3,69,274,13445,1.0,False,neutral
43,1965-1969,0.44460856557789274,0.5048765620237733,0.17941894955662063,2.200454442610552,-0.007055508655159028,2,193,274,13445,1.0,False,neutral
44,1965-1969,1.0,,0.9700840239953056,2473.2035665842864,0.0,0,0,274,13445,1.0,False,neutral
45,1965-1969,1.0,0.7780684923542066,0.22792971377460763,5.861300197603016,-0.001036121750413282,1,63,274,13445,1.0,False,neutral
46,1965-1969,0.15742202014389176,1.6906095024796033,0.8929603542058995,3.5848247978767858,0.011718463705879319,8,235,274,13445,1.0,False,neutral
47,1965-1969,1.0,,0.9700840239953056,2473.2035665842864,0.0,0,0,274,13445,1.0,False,neutral
48,1965-1969,0.7724384300343035,0.6606220190779014,0.23402047680999888,2.883900251618505,-0.003708539521652149,2,148,274,13445,1.0,False,neutral
49,1965-1969,0.6583804746950266,1.3850455675227837,0.48348798811036664,6.091220791052362,0.002018496551237401,2,71,274,13445,1.0,False,neutral
50,1965-1969,1.0,0.9746096136458053,0.38939282760093047,3.286451473980062,-0.0002820357607229238,3,151,274,13445,1.0,False,neutral
51,1965-1969,0.08730459752407568,2.475,1.0607259777329319,7.192269350143066,0.008648372797528725,4,80,274,13445,1.0,False,neutral
52,1965-1969,1.0,0.0,0.03988999746577523,10.633816447400315,-0.0027519523986612123,0,37,274,13445,1.0,False,neutral
53,1965-1969,1.0,,0.9700840239953056,2473.2035665842864,0.0,0,0,274,13445,1.0,False,neutral
54,1965-1969,1.0,,0.9700840239953056,2473.2035665842864,0.0,0,0,274,13445,1.0,False,neutral
55,1965-1969,1.0,0.0,0.10039278375728053,28.35736300423212,-0.0010412792859799181,0,14,274,13445,1.0,False,neutral
56,1965-1969,1.0,0.0,0.12507269895168735,36.20263019921848,-0.0008181480104127929,0,11,274,13445,1.0,False,neutral
57,1965-1969,0.7567924460768543,1.0914309143091432,0.43528577093715787,3.684105846382576,0.0009079977089684124,3,135,274,13445,1.0,False,neutral
58,1965-1969,0.636238038967696,0.0,0.02445425250901295,6.426211149714179,-0.0045370026031982145,0,61,274,13445,1.0,False,neutral
59,1965-1969,0.1839412618921061,2.085234655163453,0.8191421729571172,7.098721883677936,0.005668131587733752,3,71,274,13445,1.0,False,neutral
60,1965-1969,1.0,0.0,0.044568635005074644,11.933170167818151,-0.0024544440312383787,0,33,274,13445,1.0,False,neutral
61,1965-1969,1.0,,0.9700840239953056,2473.2035665842864,0.0,0,0,274,13445,1.0,False,neutral
62,1965-1969,0.19908513502328842,4.9212454212454215,1.262927207545326,38.995869263081545,0.0029058641179392657,1,10,274,13445,1.0,False,neutral
63,1965-1969,1.0,,0.9700840239953056,2473.2035665842864,0.0,0,0,274,13445,1.0,False,neutral
64,1965-1969,1.0,0.0,0.08871471377987639,24.774873978221724,-0.0011900334696913352,0,16,274,13445,1.0,False,neutral
65,1965-1969,1.0,,0.9700840239953056,2473.2035665842864,0.0,0,0,274,13445,1.0,False,neutral
-1,1970-1974,0.007530104323818115,1.4134193741279648,1.1066968246871862,1.812204587489179,0.07640698820257313,102,4152,276,14163,0.12499601456395087,False,neutral
0,1970-1974,0.11149202383191982,0.5224210037174721,0.2691317171543505,1.1581798463278148,-0.022085255825804527,7,672,276,14163,0.8140803740620597,False,neutral
1,1970-1974,5.91043556089602e-05,3.2544263651406506,2.0279666289331795,5.493799010793506,0.041824380120890625,17,280,276,14163,0.003959991825800334,True,overrepresented
2,1970-1974,0.37593220386132137,0.3329768270944741,0.09908185498872729,2.4925030146887277,-0.007179607611995738,1,153,276,14163,1.0,False,neutral
3,1970-1974,0.6884267264653526,1.180971558016612,0.41441147851341076,5.180084054919793,0.0011036104485355287,2,87,276,14163,1.0,False,neutral
4,1970-1974,1.0,0.955702682410757,0.382224030390263,3.22084295125103,-0.000498082879763254,3,161,276,14163,1.0,False,neutral
5,1970-1974,1.0,0.0,0.10499658983061794,29.6565567351057,-0.0009884911388830051,0,14,276,14163,1.0,False,neutral
6,1970-1974,0.5571050178715155,1.2952275249722531,0.563828019756005,3.7287150937982054,0.003266318545874277,4,159,276,14163,1.0,False,neutral
7,1970-1974,0.8823916064854427,0.8887090995939814,0.5107425121592675,1.6812621877711877,-0.004768241805807545,11,632,276,14163,1.0,False,neutral
8,1970-1974,1.0,0.8541970802919708,0.3016509419394151,3.7347992021005183,-0.0012264043788315542,2,120,276,14163,1.0,False,neutral
9,1970-1974,0.44605877580351927,0.4849843587069864,0.17250626302981487,2.1127716739426123,-0.007580990271650872,2,210,276,14163,1.0,False,neutral
10,1970-1974,0.5895083716841036,0.560720301596214,0.19914969583433395,2.4445418056616544,-0.005604007993884862,2,182,276,14163,1.0,False,neutral
11,1970-1974,0.627875742654636,0.0,0.029926990287816785,7.894314934481786,-0.0036715385158511615,0,52,276,14163,1.0,False,neutral
12,1970-1974,0.4289321189480374,1.8357142857142856,0.5205794994378097,14.008282135085427,0.0016462061280310913,1,28,276,14163,1.0,False,neutral
13,1970-1974,0.8381286659682665,0.7758050224879148,0.36309896078003884,1.9924012371949524,-0.00511359973476511,5,329,276,14163,1.0,False,neutral
14,1970-1974,1.0,0.7766942148760331,0.2278108065049921,5.84798036918411,-0.0010368412489370651,1,66,276,14163,1.0,False,neutral
15,1970-1974,0.5454293909687785,1.2321675206059255,0.6535821448365644,2.6050387701659496,0.005332326423104907,8,335,276,14163,1.0,False,neutral
16,1970-1974,0.3336454782852484,0.4383022904606091,0.15604436511487993,1.908521572801274,-0.009134333489895594,2,232,276,14163,1.0,False,neutral
17,1970-1974,1.0,0.7519392372333549,0.30163489384672165,2.5298393790316474,-0.003534162806332484,3,204,276,14163,1.0,False,neutral
18,1970-1974,0.009328060788354542,0.5001870703663787,0.3037368784672168,0.8796453183836725,-0.045794461379774,14,1367,276,14163,0.12499601456395087,False,neutral
19,1970-1974,0.047075696745304825,0.179644128113879,0.053724441955300926,1.3419797562418396,-0.016217240881783213,1,281,276,14163,0.525678613655904,False,neutral
20,1970-1974,1.0,0.0,0.6939545258642255,420.06456965086323,-7.060650992021465e-05,0,1,276,14163,1.0,False,neutral
21,1970-1974,1.0,0.0,0.054616632712633055,14.72846361584545,-0.0019769822777660102,0,28,276,14163,1.0,False,neutral
22,1970-1974,1.0,1.006271626297578,0.4395783999161965,2.890738269052881,8.902559946461809e-05,4,204,276,14163,1.0,False,neutral
23,1970-1974,0.005726766270502451,3.9617440225035163,1.8965127734759737,9.556195220355141,0.01616121615108565,6,79,276,14163,0.12499601456395087,False,neutral
24,1970-1974,0.37647558153823824,0.328633431085044,0.09780328834036682,2.4598483694806643,-0.007320820631836167,1,155,276,14163,1.0,False,neutral
25,1970-1974,1.0,0.945793221769856,0.4418684472206116,2.4317216616436466,-0.0010184221593926603,5,271,276,14163,1.0,False,neutral
26,1970-1974,0.4030554914337692,1.3339431872893597,0.7070111578107974,2.8217518125138525,0.007097489171110274,8,310,276,14163,1.0,False,neutral
27,1970-1974,1.0,0.9325149303251493,0.3288068689204919,4.0803637269024,-0.000520339279629408,2,110,276,14163,1.0,False,neutral
28,1970-1974,1.0,0.6482853855005754,0.19093845322344216,4.872978807322954,-0.0019547258778998557,1,79,276,14163,1.0,False,neutral
29,1970-1974,0.4147476772724953,0.0,0.018426439406586132,4.81159267342096,-0.006001553343218244,0,85,276,14163,1.0,False,neutral
30,1970-1974,0.12150453344209845,2.1777089783281736,0.9379729254022268,6.3094362747830655,0.007785135180768015,4,95,276,14163,0.8140803740620597,False,neutral
31,1970-1974,0.05505490714325797,1.66549470460085,1.0456130304993865,2.795387958930691,0.02367850707139546,17,537,276,14163,0.5269541112283262,False,neutral
32,1970-1974,0.7725500975530987,0.6596656463385919,0.23383926167980398,2.878726268981419,-0.003697632226039066,2,155,276,14163,1.0,False,neutral
33,1970-1974,0.4289321189480374,1.8357142857142856,0.5205794994378097,14.008282135085427,0.0016462061280310913,1,28,276,14163,1.0,False,neutral
34,1970-1974,1.0,0.0,0.0718697142001897,19.68698790856884,-0.0014827367083245075,0,21,276,14163,1.0,False,neutral
35,1970-1974,1.0,0.9238588893572989,0.47432364851554615,2.052876889912264,-0.00203300700846357,7,388,276,14163,1.0,False,neutral
36,1970-1974,0.0920021270757251,12.871818181818181,2.689063669412167,109.14630419188937,0.003340762366116243,1,4,276,14163,0.7705178142591977,False,neutral
37,1970-1974,1.0,,1.014510630910578,2586.391713606709,0.0,0,0,276,14163,1.0,False,neutral
38,1970-1974,1.0,0.0,0.0440342237644892,11.76236896080174,-0.0024712278472075124,0,35,276,14163,1.0,False,neutral
39,1970-1974,0.7514700306758619,1.1250501323494024,0.44883469469441223,3.796891988974802,0.0011964733583218982,3,137,276,14163,1.0,False,neutral
40,1970-1974,0.1991429652430007,0.23702633814783347,0.07075206441133254,1.77199660248314,-0.011486604717128831,1,214,276,14163,1.0,False,neutral
41,1970-1974,0.627875742654636,0.0,0.029926990287816785,7.894314934481786,-0.0036715385158511615,0,52,276,14163,1.0,False,neutral
42,1970-1974,0.272558017539847,0.0,0.014934908202940201,3.8879460597282525,-0.0074136835416225375,0,105,276,14163,1.0,False,neutral
43,1970-1974,1.0,0.7106143552311436,0.2516492632267699,3.1026230333499605,-0.0029209606169167063,2,144,276,14163,1.0,False,neutral
44,1970-1974,1.0,,1.014510630910578,2586.391713606709,0.0,0,0,276,14163,1.0,False,neutral
45,1970-1974,0.706502423530267,1.0924833048610032,0.38401789734785036,4.7878172489101365,0.0006093648790940261,2,94,276,14163,1.0,False,neutral
46,1970-1974,0.0035558803178829955,2.7580053908355797,1.5665698560265293,5.262340883790025,0.025027705380523037,11,210,276,14163,0.11912199064908036,False,neutral
47,1970-1974,1.0,,1.014510630910578,2586.391713606709,0.0,0,0,276,14163,1.0,False,neutral
48,1970-1974,0.27844632653991197,0.2646022727272727,0.07891220574925972,1.978881239678017,-0.00993326149888411,1,192,276,14163,1.0,False,neutral
49,1970-1974,1.0,0.8547272727272728,0.25006859235163165,6.442037057198558,-0.0006132021894157771,1,60,276,14163,1.0,False,neutral
50,1970-1974,0.7970488447456036,1.0319243275199528,0.45064417220325037,2.964990020318649,0.00044205814906569246,4,199,276,14163,1.0,False,neutral
51,1970-1974,1.0,0.7427667984189723,0.2180984106167898,5.59006103543279,-0.0012486607786977087,1,69,276,14163,1.0,False,neutral
52,1970-1974,0.6354187048669449,0.0,0.02477979772295106,6.506891358968751,-0.004448210124973522,0,63,276,14163,1.0,False,neutral
53,1970-1974,1.0,0.0,0.6939545258642255,420.06456965086323,-7.060650992021465e-05,0,1,276,14163,1.0,False,neutral
54,1970-1974,1.0,,1.014510630910578,2586.391713606709,0.0,0,0,276,14163,1.0,False,neutral
55,1970-1974,1.0,0.0,0.052804583968130946,14.216574999091952,-0.0020475887876862248,0,29,276,14163,1.0,False,neutral
56,1970-1974,1.0,0.0,0.22132675902755516,70.09099741720321,-0.00042363905952128787,0,6,276,14163,1.0,False,neutral
57,1970-1974,0.7259148589625335,0.482229845626072,0.1427978848410292,3.6168833800998144,-0.0038611016457456506,1,106,276,14163,1.0,False,neutral
58,1970-1974,1.0,0.0,0.03447860759979863,9.131756904205277,-0.003177292946409659,0,45,276,14163,1.0,False,neutral
59,1970-1974,0.36750128929838444,1.583155530600786,0.5512480107635672,6.971263552972221,0.002656953666780251,2,65,276,14163,1.0,False,neutral
60,1970-1974,1.0,0.0,0.041722911081054734,11.121970716069956,-0.002612440867047942,0,37,276,14163,1.0,False,neutral
61,1970-1974,1.0,,1.014510630910578,2586.391713606709,0.0,0,0,276,14163,1.0,False,neutral
62,1970-1974,1.0,0.0,0.11239081304769874,31.966490480683163,-0.0009178846289627904,0,13,276,14163,1.0,False,neutral
63,1970-1974,1.0,0.0,0.3769887584641698,141.98498677260048,-0.00021181952976064393,0,3,276,14163,1.0,False,neutral
64,1970-1974,1.0,0.0,0.08311222143793522,23.002656614875512,-0.0012709171785638637,0,18,276,14163,1.0,False,neutral
65,1970-1974,1.0,,1.014510630910578,2586.391713606709,0.0,0,0,276,14163,1.0,False,neutral
-1,1975-1979,0.7436973420840907,0.9646512838306731,0.8038279695730063,1.1620128373392493,-0.007116893446694694,161,3668,601,13338,1.0,False,neutral
0,1975-1979,0.02620526280410316,0.5697035824695399,0.3572020616559932,0.9631488744569857,-0.019186670688553512,16,611,601,13338,0.5132096648869148,False,neutral
1,1975-1979,0.00023578390737142216,1.9612276785714287,1.4270304279846953,2.751094828213264,0.032232229534970576,41,480,601,13338,0.015797521793885286,True,overrepresented
2,1975-1979,0.645293022504831,1.1908163265306122,0.5795525537396925,2.8415492353728116,0.0015863000362518701,6,112,601,13338,1.0,False,neutral
3,1975-1979,1.0,0.692508347245409,0.24197375510018987,3.0440395635842155,-0.0014705335661636559,2,64,601,13338,1.0,False,neutral
4,1975-1979,0.6414385966859107,0.8124448428019857,0.4449527006080748,1.643482811584068,-0.0033935294028121753,9,245,601,13338,1.0,False,neutral
5,1975-1979,0.3096215603648076,1.852253756260434,0.6152280587334433,8.348011979571856,0.0015284168012077637,2,24,601,13338,1.0,False,neutral
6,1975-1979,0.0862807416344589,1.6886952621968798,0.9794733694172628,3.134269010036353,0.0080458944194823,12,159,601,13338,0.5625273848923275,False,neutral
7,1975-1979,0.550192171454443,0.8546685966911466,0.5767693567809804,1.3154776409429305,-0.006475312675505336,24,619,601,13338,1.0,False,neutral
8,1975-1979,1.0,0.9936854190585533,0.3914034003365693,3.377657910411858,-3.156133290120513e-05,3,67,601,13338,1.0,False,neutral
9,1975-1979,0.06893861170122735,0.35473082317402094,0.1427950315323011,1.1911148281024686,-0.00895343867583118,3,186,601,13338,0.5132096648869148,False,neutral
10,1975-1979,0.8023557686436618,0.684808468089508,0.27257307591920715,2.3141417756828173,-0.0022807741084297705,3,97,601,13338,1.0,False,neutral
11,1975-1979,0.14052435300516297,1.8226244966789413,0.9507705350964039,3.898136125511524,0.005963719686462484,8,98,601,13338,0.7242408962573784,False,neutral
12,1975-1979,0.7228279181680127,0.49233333333333335,0.14319727658979453,3.719440560488675,-0.0017099256524775398,1,45,601,13338,1.0,False,neutral
13,1975-1979,0.3929063140215515,0.6365546218487395,0.313542909561645,1.5070116406655976,-0.005611180845439536,6,208,601,13338,1.0,False,neutral
14,1975-1979,0.03513091311516694,2.4063973063973063,1.1955987621243465,5.466654924616475,0.006773960228728598,7,65,601,13338,0.5132096648869148,False,neutral
15,1975-1979,0.876830629649621,0.904243931074968,0.5077065557298143,1.7654882891741994,-0.001729635891996869,10,245,601,13338,1.0,False,neutral
16,1975-1979,0.8642962233199768,0.881729631773678,0.46778194569905707,1.8639244533551675,-0.0017585775095189226,8,201,601,13338,1.0,False,neutral
17,1975-1979,0.5312175703198325,0.6408855873570752,0.27972382556167075,1.8420480952231484,-0.003690804724170168,4,138,601,13338,1.0,False,neutral
18,1975-1979,0.21174316429777368,0.8268239270023656,0.6232789417355984,1.115685611599148,-0.015981137051283303,51,1345,601,13338,0.9457861338633891,False,neutral
19,1975-1979,1.0,0.9860780984719865,0.5776031778682046,1.8169366223749372,-0.0002761928499733918,12,270,601,13338,1.0,False,neutral
20,1975-1979,1.0,0.0,0.21264686670730926,92.47268731604218,-0.000149947518368571,0,2,601,13338,1.0,False,neutral
21,1975-1979,0.4108628217556868,2.019242424242424,0.5270140497637428,15.901423455697289,0.0008391821597881673,1,11,601,13338,1.0,False,neutral
22,1975-1979,0.2572619329167424,1.3097307510628247,0.8242909318953022,2.194095115315905,0.006543799520417438,17,290,601,13338,1.0,False,neutral
23,1975-1979,0.7289519828475927,0.42583333333333334,0.12446886189782508,3.2106898346405495,-0.0022347419667675377,1,52,601,13338,1.0,False,neutral
24,1975-1979,0.7170100041691627,1.1113175675675675,0.6055812136556362,2.256090227449185,0.0014797649441663802,9,180,601,13338,1.0,False,neutral
25,1975-1979,0.5881094227938581,0.7169475357710652,0.3525234089586783,1.6992999742997028,-0.0038867843842009704,6,185,601,13338,1.0,False,neutral
26,1975-1979,0.667310867769944,1.0923339011925042,0.6615138556611295,1.924965894615835,0.0019269877838929417,14,285,601,13338,1.0,False,neutral
27,1975-1979,0.7688205657219054,1.0244147157190635,0.40309041144640634,3.484124135910098,0.00011838618546736613,3,65,601,13338,1.0,False,neutral
28,1975-1979,0.40883981757365667,1.4261744966442953,0.6535754556725788,3.7118398915351003,0.00247151433770227,5,78,601,13338,1.0,False,neutral
29,1975-1979,0.793991502898918,1.0446743521529214,0.45082796929607943,3.0232028750781503,0.0002828045125969642,4,85,601,13338,1.0,False,neutral
30,1975-1979,0.2891074196168077,1.4145988918332932,0.7433109954745831,3.010334787002744,0.003864454429302489,8,126,601,13338,1.0,False,neutral
31,1975-1979,0.0500310747575167,1.4404510924896232,1.0323708217001653,2.058919634128625,0.017539992450229774,36,565,601,13338,0.5132096648869148,False,neutral
32,1975-1979,0.47543847483276813,1.2957493677082483,0.6292022793272655,3.0965129426543703,0.00226106386891044,6,103,601,13338,1.0,False,neutral
33,1975-1979,0.632425741028602,0.0,0.023672761801789354,6.366765241322891,-0.002099265257159994,0,28,601,13338,1.0,False,neutral
34,1975-1979,1.0,0.0,0.034239930032713466,9.415480720089207,-0.0014245014245014246,0,19,601,13338,1.0,False,neutral
35,1975-1979,0.9072224696682376,1.0090752620873102,0.657830496134473,1.6198726453270378,0.0002894161752205332,20,440,601,13338,1.0,False,neutral
36,1975-1979,0.506170620486952,1.4803333333333333,0.4009866640664149,11.497404783811607,0.0005392871230510254,1,15,601,13338,1.0,False,neutral
37,1975-1979,1.0,,0.4396097227331484,1118.6015939965082,0.0,0,0,601,13338,1.0,False,neutral
38,1975-1979,1.0,0.6818030050083472,0.2383471368492198,2.996263552964723,-0.0015455073253479415,2,65,601,13338,1.0,False,neutral
39,1975-1979,0.06688159714662534,0.18358333333333332,0.054644153766090255,1.3740516146680322,-0.007332957591298952,1,120,601,13338,0.5132096648869148,False,neutral
40,1975-1979,0.11588521334748844,0.4379109477736943,0.19223360588416444,1.2542821824275483,-0.008414151552780153,4,201,601,13338,0.6470257745234772,False,neutral
41,1975-1979,1.0,0.0,0.03115169104611814,8.510510451982897,-0.0015744489428699954,0,21,601,13338,1.0,False,neutral
42,1975-1979,0.6187384054244617,1.1819934313865486,0.5448622727776817,3.064963194374037,0.0012719341907537016,5,94,601,13338,1.0,False,neutral
43,1975-1979,0.06735110487550448,2.0547769959876723,1.0674786542980736,4.407082506278198,0.006788431037489624,8,87,601,13338,0.5132096648869148,False,neutral
44,1975-1979,1.0,,0.4396097227331484,1118.6015939965082,0.0,0,0,601,13338,1.0,False,neutral
45,1975-1979,0.38180836924276546,0.29873873873873874,0.08815302719234729,2.2438224381023306,-0.003884164668821819,1,74,601,13338,1.0,False,neutral
46,1975-1979,0.008747219238680864,1.9189655172413793,1.251091052807949,3.067693506382007,0.016423245208602943,21,247,601,13338,0.29303184449580894,False,neutral
47,1975-1979,1.0,,0.4396097227331484,1118.6015939965082,0.0,0,0,601,13338,1.0,False,neutral
48,1975-1979,0.38077061250450306,1.2901694915254238,0.7370807579335313,2.451338377349327,0.004057814373954142,11,190,601,13338,1.0,False,neutral
49,1975-1979,0.49809204669989826,1.3332441471571905,0.5192160812668286,4.560671686638604,0.0012429925732316484,3,50,601,13338,1.0,False,neutral
50,1975-1979,0.09235524229575526,0.38401260014000155,0.15442684112245506,1.2901716053271244,-0.007903806047251181,3,172,601,13338,0.5625273848923275,False,neutral
51,1975-1979,0.7999641731368763,0.7222989675730697,0.2871293409255354,2.442581296723938,-0.0019059053125083424,3,92,601,13338,1.0,False,neutral
52,1975-1979,0.26249095738116024,0.0,0.015984519988383582,4.2312234603154675,-0.003148897885739991,0,42,601,13338,1.0,False,neutral
53,1975-1979,0.1978022623376749,5.555833333333333,1.164184978107261,47.061194630507416,0.001363998474078166,1,4,601,13338,0.9457861338633891,False,neutral
54,1975-1979,1.0,,0.4396097227331484,1118.6015939965082,0.0,0,0,601,13338,1.0,False,neutral
55,1975-1979,0.6790549892159724,1.2337228714524207,0.42089031212367456,5.487992627833,0.0006287316909963378,2,36,601,13338,1.0,False,neutral
56,1975-1979,1.0,0.0,0.061756692525226684,18.028876807417408,-0.000749737591842855,0,10,601,13338,1.0,False,neutral
57,1975-1979,0.5852683086773346,1.1501630941286114,0.6263407254729867,2.3360262858495293,0.001929607499272094,9,174,601,13338,1.0,False,neutral
58,1975-1979,0.411238899928444,0.0,0.01762087830218933,4.680105784813068,-0.002849002849002849,0,38,601,13338,1.0,False,neutral
59,1975-1979,0.8038879803782562,0.6708726056552143,0.2671527919558726,2.266444394059291,-0.002430721626798341,3,99,601,13338,1.0,False,neutral
60,1975-1979,0.05709361713073641,2.9721943048576214,1.2172539962427849,8.872102252327736,0.004406361267732667,4,30,601,13338,0.5132096648869148,False,neutral
61,1975-1979,1.0,,0.4396097227331484,1118.6015939965082,0.0,0,0,601,13338,1.0,False,neutral
62,1975-1979,1.0,0.0,0.08428759268611463,25.90243558185408,-0.0005248163142899985,0,7,601,13338,1.0,False,neutral
63,1975-1979,1.0,0.0,0.21264686670730926,92.47268731604218,-0.000149947518368571,0,2,601,13338,1.0,False,neutral
64,1975-1979,1.0,0.0,0.08428759268611463,25.90243558185408,-0.0005248163142899985,0,7,601,13338,1.0,False,neutral
65,1975-1979,1.0,,0.4396097227331484,1118.6015939965082,0.0,0,0,601,13338,1.0,False,neutral
-1,1980-1984,0.0013349146739734317,1.2389986077450625,1.0901861474898986,1.4100154763268034,0.04376271128828496,366,3784,1186,14288,0.04192052250450602,True,overrepresented
0,1980-1984,0.11926649637362768,0.8004759425894251,0.6120975899702317,1.063465892006975,-0.011083133949832784,56,833,1186,14288,0.4700503092372385,False,neutral
1,1980-1984,1.9634421835332302e-05,1.9288151631588002,1.464395597246079,2.575461218416416,0.02293803311874822,58,371,1186,14288,0.0013155062629672642,True,overrepresented
2,1980-1984,0.014067852651872877,2.002749009609076,1.2314379571674303,3.415636971251259,0.007125048862333797,17,103,1186,14288,0.13464944681078325,False,neutral
3,1980-1984,0.5921703519120828,1.3107904134300334,0.5879930541063918,3.4574211287074417,0.0009963667196047957,5,46,1186,14288,1.0,False,neutral
4,1980-1984,0.4115361033942822,0.7805989854770342,0.48611758318832776,1.326596173185531,-0.003726520114285932,16,246,1186,14288,0.8355429978005124,False,neutral
5,1980-1984,1.0,1.0039447731755424,0.3850278867173235,3.463408743249409,9.914096712485432e-06,3,36,1186,14288,1.0,False,neutral
6,1980-1984,0.6583858015846582,1.1183577063038221,0.6711132415062203,1.9844239690814605,0.0012360754151173915,14,151,1186,14288,1.0,False,neutral
7,1980-1984,0.405891919537952,0.8455480507833301,0.6060609993264361,1.2102078440359256,-0.005203484474524549,35,496,1186,14288,0.8355429978005124,False,neutral
8,1980-1984,0.8170078301854111,0.7892707553188538,0.3374258300727521,2.296949043943276,-0.0008966356276756257,4,61,1186,14288,1.0,False,neutral
9,1980-1984,0.006606079920955143,0.4806860362292365,0.2880887549958444,0.8615704116324722,-0.011575180011670306,13,322,1186,14288,0.08899150528197994,False,neutral
10,1980-1984,0.006641157110595517,0.1260759493670886,0.037441252673933854,0.9444985423154699,-0.005805765849808044,1,95,1186,14288,0.08899150528197994,False,neutral
11,1980-1984,0.6110926775533827,1.1639716312056738,0.6585654757453259,2.2271833805354486,0.0012961501201966211,11,114,1186,14288,1.0,False,neutral
12,1980-1984,0.11611278977827932,1.8792008293280558,0.9173133385042777,4.31936171232488,0.0027526961622059525,7,45,1186,14288,0.4700503092372385,False,neutral
13,1980-1984,0.04681184626343892,0.6677764565992865,0.45738203650823783,1.0098335224418729,-0.010552375700832218,26,464,1186,14288,0.2851266999682189,False,neutral
14,1980-1984,0.022006143243402235,2.158088965187028,1.2415133635686697,3.987489492776505,0.00585203163446631,13,73,1186,14288,0.18110561154584204,False,neutral
15,1980-1984,0.07542405779902392,0.5619031650218773,0.31575676047330753,1.0964125067701793,-0.006475911577587722,10,213,1186,14288,0.36095799089532876,False,neutral
16,1980-1984,0.15369688304192,1.4467618416301542,0.9210832930693357,2.3767787284643394,0.004892016602807294,19,159,1186,14288,0.49344088259454477,False,neutral
17,1980-1984,0.8752175144521595,0.8981876332622601,0.4998009847383653,1.764989493464604,-0.0009467962360423694,10,134,1186,14288,1.0,False,neutral
18,1980-1984,0.7599270956312083,0.9615225794764002,0.7886147122552721,1.1809782934768331,-0.003409269019486405,112,1398,1186,14288,1.0,False,neutral
19,1980-1984,0.36214188867102537,0.7944975779406285,0.526980153197843,1.2481349134057953,-0.004686535145944946,22,332,1186,14288,0.8355429978005124,False,neutral
20,1980-1984,1.0,0.0,0.05212945058080668,16.447622439056552,-0.00041993281075027993,0,6,1186,14288,1.0,False,neutral
21,1980-1984,0.11033712284931219,0.0,0.010092703439203323,2.6828314063717125,-0.0025195968645016797,0,36,1186,14288,0.4700503092372385,False,neutral
22,1980-1984,1.0,0.9988581240983757,0.707923548342351,1.4475952973258364,-3.092253974608383e-05,33,398,1186,14288,1.0,False,neutral
23,1980-1984,0.2562154301951654,0.0,0.014340640351887379,3.874430111381873,-0.0017497200447928333,0,25,1186,14288,0.7802924465034583,False,neutral
24,1980-1984,1.0,0.9941033328627074,0.6241568562776095,1.6684043264454957,-8.379772221267512e-05,17,206,1186,14288,1.0,False,neutral
25,1980-1984,0.470418579773183,0.7368745044029882,0.4119648326614774,1.4431342566965224,-0.002976471488002055,10,163,1186,14288,0.9270013189648018,False,neutral
26,1980-1984,0.030832018641397136,1.5737128040498827,1.082650269690844,2.3546683605172403,0.008774447690393147,29,224,1186,14288,0.20657452489736083,False,neutral
27,1980-1984,0.8109974791989101,1.0570138300874965,0.4794197005314993,2.7689028329972896,0.00022648989989594928,5,57,1186,14288,1.0,False,neutral
28,1980-1984,0.8181977437790624,0.7521150592216582,0.3221517634969618,2.1863354952269605,-0.001106602033050766,4,64,1186,14288,1.0,False,neutral
29,1980-1984,0.3084875235841163,0.6054265774106252,0.2958221698146379,1.4409113183093842,-0.003269645490785556,6,119,1186,14288,0.8267465632054316,False,neutral
30,1980-1984,0.15466057514157375,1.5009872126151196,0.9202050580938229,2.5816462633027677,0.004462169695344529,16,129,1186,14288,0.49344088259454477,False,neutral
31,1980-1984,0.8763661540025314,0.9650273941143663,0.716104869815499,1.3261044063002736,-0.001321053386938699,45,561,1186,14288,1.0,False,neutral
32,1980-1984,0.13447161275325448,1.5946608757511653,0.9117383623490672,2.9910613555114534,0.0037490628818107477,12,91,1186,14288,0.47418937128779215,False,neutral
33,1980-1984,0.40834351373407624,0.0,0.016197966509049342,4.40771872036087,-0.001539753639417693,0,22,1186,14288,0.8355429978005124,False,neutral
34,1980-1984,0.32884791503859334,3.0135021097046413,0.6322585139076468,25.51465935707056,0.0005632151132378685,1,4,1186,14288,0.8355429978005124,False,neutral
35,1980-1984,0.0018770383210972843,0.5977765547605944,0.431760106344981,0.8489063553887322,-0.01940790653933819,36,711,1186,14288,0.04192052250450602,True,underrepresented
36,1980-1984,1.0,1.0039381153305205,0.26540914655164416,7.868410138817569,3.304698904161847e-06,1,12,1186,14288,1.0,False,neutral
37,1980-1984,1.0,,0.23883077645975653,607.222006600354,0.0,0,0,1186,14288,1.0,False,neutral
38,1980-1984,0.06018911234251831,1.978790453386885,1.0370374631911095,4.128272708017105,0.0037391487850982623,9,55,1186,14288,0.3360558772457272,False,neutral
39,1980-1984,1.0,0.9505962521294719,0.5525416801252094,1.761542183034631,-0.0005202540274837648,12,152,1186,14288,1.0,False,neutral
40,1980-1984,1.0,0.969941575294696,0.563503465815203,1.798055577051084,-0.0003102876221086244,12,149,1186,14288,1.0,False,neutral
41,1980-1984,0.7227898482020401,0.42977697408077153,0.12244590451309442,3.2735194349337564,-0.0011165161297632515,1,28,1186,14288,1.0,False,neutral
42,1980-1984,0.6271998356835762,0.6221762322558079,0.24425798718604844,2.118748349901903,-0.0015298395427052079,3,58,1186,14288,1.0,False,neutral
43,1980-1984,0.8190199237135125,0.7404919953143303,0.3173618100702937,2.1517827344317473,-0.001176590834842479,4,65,1186,14288,1.0,False,neutral
44,1980-1984,1.0,,0.23883077645975653,607.222006600354,0.0,0,0,1186,14288,1.0,False,neutral
45,1980-1984,0.8241964575226635,1.0792562610675436,0.5175575480908651,2.6002754117985543,0.000369772202383537,6,67,1186,14288,1.0,False,neutral
46,1980-1984,0.07407748705580196,1.3999588041431261,0.9912748293017781,2.0272157758637004,0.008021094365205109,34,295,1186,14288,0.36095799089532876,False,neutral
47,1980-1984,1.0,,0.23883077645975653,607.222006600354,0.0,0,0,1186,14288,1.0,False,neutral
48,1980-1984,1.0,0.9189515500856831,0.511047766266823,1.8065703396391903,-0.0007368298306672291,10,131,1186,14288,1.0,False,neutral
49,1980-1984,0.27165190407547524,1.6844698462751282,0.789145697758787,4.1201631873528575,0.0020495034453846574,6,43,1186,14288,0.7913338075242105,False,neutral
50,1980-1984,0.012774256293273884,0.4806016678357104,0.277072226631168,0.90710998839189,-0.009832069364685798,11,273,1186,14288,0.13464944681078325,False,neutral
51,1980-1984,0.1313905733726326,1.752316868776496,0.951654174614648,3.503600825727341,0.003602475880418997,10,69,1186,14288,0.47418937128779215,False,neutral
52,1980-1984,0.39312203025182535,0.0,0.019576570813783358,5.397626469019085,-0.0012597984322508398,0,18,1186,14288,0.8355429978005124,False,neutral
53,1980-1984,0.6949269599074248,1.14760296010296,0.3775165439339446,5.196282350826524,0.00021657580318346363,2,21,1186,14288,1.0,False,neutral
54,1980-1984,1.0,,0.23883077645975653,607.222006600354,0.0,0,0,1186,14288,1.0,False,neutral
55,1980-1984,0.36434895448176385,0.31645569620253167,0.0915516430107385,2.3958079668434893,-0.0018164041476803846,1,38,1186,14288,0.8355429978005124,False,neutral
56,1980-1984,1.0,0.0,0.04580011626591841,14.059279496287742,-0.0004899216125419933,0,7,1186,14288,1.0,False,neutral
57,1980-1984,0.024327619461381768,0.5208486913427288,0.3061721928231275,0.9571902549957995,-0.009128876647864503,12,275,1186,14288,0.18110561154584204,False,neutral
58,1980-1984,0.5270090039493402,1.4618263856842537,0.6042322131066775,4.340044161809414,0.001063050822492347,4,33,1186,14288,1.0,False,neutral
59,1980-1984,0.6021754092864923,0.7652556095304187,0.38850941140035433,1.7134092674987647,-0.0017965759542554142,7,110,1186,14288,1.0,False,neutral
60,1980-1984,1.0,0.872449042202015,0.3989331748464063,2.273823841066785,-0.0006133757216046113,5,69,1186,14288,1.0,False,neutral
61,1980-1984,1.0,,0.23883077645975653,607.222006600354,0.0,0,0,1186,14288,1.0,False,neutral
62,1980-1984,0.2919908536048759,2.0095720720720722,0.6191768729902206,9.38466196540448,0.0008464750193088836,2,12,1186,14288,0.8151411329802787,False,neutral
63,1980-1984,1.0,0.0,0.11554132796263823,50.1925017167341,-0.00013997760358342665,0,2,1186,14288,1.0,False,neutral
64,1980-1984,0.35004221318838424,1.7222490347490347,0.5421348998409907,7.963212897791702,0.0007064974157254568,2,14,1186,14288,0.8355429978005124,False,neutral
65,1980-1984,1.0,,0.23883077645975653,607.222006600354,0.0,0,0,1186,14288,1.0,False,neutral
-1,1985-1989,0.11644021499125416,0.8997291234210502,0.7900002115014455,1.0267354783128546,-0.019480190678732412,319,3502,1362,13804,0.5200996269609353,False,neutral
0,1985-1989,2.0462693274966702e-05,0.5649814561780206,0.4310374729229429,0.7530065355144026,-0.028448626906329905,54,940,1362,13804,0.0006855002247113845,True,underrepresented
1,1985-1989,1.2302205393614447e-07,2.344554916330477,1.7662875147674129,3.151563186473698,0.02396664271055528,58,257,1362,13804,8.242477613721679e-06,True,overrepresented
2,1985-1989,1.0,0.9684951816160119,0.5710568398514908,1.7571904447432047,-0.00030742967094174803,13,136,1362,13804,1.0,False,neutral
3,1985-1989,0.3936512957387238,1.3534219596258001,0.6938592112660372,2.929244455273382,0.001527148912124473,8,60,1362,13804,0.9603217167789249,False,neutral
4,1985-1989,0.817904401753417,1.0475860135940018,0.6895194900419616,1.655860984065843,0.0007224065381887228,22,213,1362,13804,1.0,False,neutral
5,1985-1989,1.0,0.6751960784313725,0.22830156152677147,3.0166578222428795,-0.000704854325141875,2,30,1362,13804,1.0,False,neutral
6,1985-1989,0.041913629508425865,1.6984126984126984,1.0575500885565454,2.8528610854639096,0.005392039847991453,18,108,1362,13804,0.23401776475537775,False,neutral
7,1985-1989,0.0031650518251994655,1.4825212567086776,1.1613487812538246,1.9131145510983518,0.01702383824561269,74,515,1362,13804,0.03534307871472737,True,overrepresented
8,1985-1989,0.6825964085385721,0.733448677282582,0.3354725721653383,1.9112082929996177,-0.0013274791915854909,5,69,1362,13804,1.0,False,neutral
9,1985-1989,0.0020917624425928986,0.511242143458822,0.33439128335659263,0.8185493721091291,-0.013640835340668244,20,391,1362,13804,0.028029616730744843,True,underrepresented
10,1985-1989,0.7346760780393337,0.8096898079763664,0.423946149910712,1.727282623522614,-0.0013705618963368426,8,100,1362,13804,1.0,False,neutral
11,1985-1989,0.15279780108138802,1.4432491303719674,0.9144600364887122,2.3798707985508387,0.004242742213093655,19,134,1362,13804,0.6398407920283123,False,neutral
12,1985-1989,0.3754436763381435,0.49734013679296496,0.19566936813321587,1.6916062625710067,-0.0022163658110973387,3,61,1362,13804,0.9603217167789249,False,neutral
13,1985-1989,0.021809154333116264,0.6660133685426638,0.4759186036254312,0.9571275004771326,-0.012054966297623412,34,511,1362,13804,0.13283757639261726,False,neutral
14,1985-1989,0.7241577583506507,1.1270545693622616,0.6194593187648912,2.2343646884754897,0.0008222945869825974,10,90,1362,13804,1.0,False,neutral
15,1985-1989,0.006763038585732827,1.6337675018534032,1.1786309408898483,2.3108288909844474,0.011185440300987476,40,251,1362,13804,0.056640448155512425,False,neutral
16,1985-1989,0.012576855699438868,0.4000167728950017,0.20529803377472772,0.889089314149224,-0.007610426823015397,7,176,1362,13804,0.08426493318624043,False,neutral
17,1985-1989,0.42770178997356617,0.703307430479738,0.36979221718245286,1.4960057744920403,-0.0024572034495098363,8,115,1362,13804,0.9603217167789249,False,neutral
18,1985-1989,0.3023833379249924,1.0974069172464065,0.9206890664249789,1.3148592322367216,0.008784723064373848,150,1399,1362,13804,0.9208947109533859,False,neutral
19,1985-1989,0.5765581528046757,1.0938844124978262,0.7796198814086449,1.5730782312435105,0.002153603352323761,35,325,1362,13804,1.0,False,neutral
20,1985-1989,0.4300462892647646,0.4936513629842181,0.16984750678759128,2.1866804889534164,-0.001501724797468737,2,41,1362,13804,0.9603217167789249,False,neutral
21,1985-1989,0.17250740651862106,0.0,0.010823563763688919,2.90726607047858,-0.002028397565922921,0,28,1362,13804,0.642110902041534,False,neutral
22,1985-1989,0.46319101009484126,1.1170036601400093,0.8308409665885376,1.5292234437481655,0.0035025707077605446,47,428,1362,13804,0.9603217167789249,False,neutral
23,1985-1989,0.4873274383654246,1.382901866345575,0.5106595589644493,4.8700919960533735,0.0006089022271524441,3,22,1362,13804,0.9603217167789249,False,neutral
24,1985-1989,0.09767126723700825,1.4114779602420051,0.9578833769459945,2.145140699359945,0.005697448355006594,27,195,1362,13804,0.4674267789199681,False,neutral
25,1985-1989,0.8806209642432299,0.8768482955174645,0.4979329827005976,1.6733460521414711,-0.0011238735202420622,11,127,1362,13804,1.0,False,neutral
26,1985-1989,0.20332518760642432,1.278351487572888,0.8906383244081633,1.885585399528387,0.004867281866415107,31,247,1362,13804,0.7169888194542332,False,neutral
27,1985-1989,0.4733213212550229,1.2951421577857278,0.6102805209093438,3.1560903878333373,0.0010004761436702894,6,47,1362,13804,0.9603217167789249,False,neutral
28,1985-1989,0.7967993839934544,0.6903471804134056,0.2677901889657434,2.366635694937051,-0.0009848387175012793,3,44,1362,13804,1.0,False,neutral
29,1985-1989,0.4664628837501037,1.237732717563862,0.6777518597257081,2.460321798259177,0.0014018367486748609,10,82,1362,13804,0.9603217167789249,False,neutral
30,1985-1989,0.6229870043681943,1.170940170940171,0.6731747946275187,2.1874757923730823,0.0012765245852252496,12,104,1362,13804,1.0,False,neutral
31,1985-1989,0.012404422838088163,1.4021373423866097,1.0941918586444852,1.8173818988901818,0.014386538452537331,71,521,1362,13804,0.08426493318624043,False,neutral
32,1985-1989,0.6184497610887791,0.7859345197975076,0.41189266139705577,1.6755265304960576,-0.0015878902069714415,8,103,1362,13804,1.0,False,neutral
33,1985-1989,0.17250740651862106,0.0,0.010823563763688919,2.90726607047858,-0.002028397565922921,0,28,1362,13804,0.642110902041534,False,neutral
34,1985-1989,1.0,0.5063923585598824,0.14102961862589344,3.8914477949095243,-0.0007146410136286021,1,20,1362,13804,1.0,False,neutral
35,1985-1989,0.005107693652202983,0.6097686965505367,0.4320487992457684,0.8854051199253312,-0.014465151091577453,32,524,1362,13804,0.048887924956799986,True,underrepresented
36,1985-1989,1.0,0.6331741366642175,0.17289546275889017,4.90263756859966,-0.00042486993278247054,1,16,1362,13804,1.0,False,neutral
37,1985-1989,1.0,0.0,0.13749580812783557,82.94179880626389,-7.24427702115329e-05,0,1,1362,13804,1.0,False,neutral
38,1985-1989,0.2641925908559763,1.74070796460177,0.8039325380981635,4.296819845593221,0.0018697893862086841,6,35,1362,13804,0.8850451793675207,False,neutral
39,1985-1989,0.8816148617779951,1.037811618988694,0.6106907507901128,1.8857907194905525,0.0003445552609620487,13,127,1362,13804,1.0,False,neutral
40,1985-1989,0.43825545187418347,1.1639782109789232,0.7883135443901826,1.776362736349472,0.002645065317635486,26,227,1362,13804,0.9603217167789249,False,neutral
41,1985-1989,1.0,0.779460803707681,0.2081331623168371,6.086412942990006,-0.00020754162214787185,1,13,1362,13804,1.0,False,neutral
42,1985-1989,0.8000376794641593,1.152274402090172,0.5157017981259902,3.0436552857697374,0.00048359006370283196,5,44,1362,13804,1.0,False,neutral
43,1985-1989,0.7082814872145997,1.141130820399113,0.6094637835000615,2.3495467419357046,0.0008125078984958711,9,80,1362,13804,1.0,False,neutral
44,1985-1989,1.0,,0.20094546414940362,510.84615952551604,0.0,0,0,1362,13804,1.0,False,neutral
45,1985-1989,0.3799218538607153,0.6453586895123329,0.3134002951624058,1.5421644414193962,-0.0024043340562717565,6,94,1362,13804,0.9603217167789249,False,neutral
46,1985-1989,0.0007131153466003563,1.86469756754403,1.3457234348813036,2.633741964611088,0.013730723946877858,41,226,1362,13804,0.01592624274074129,True,overrepresented
47,1985-1989,1.0,,0.20094546414940362,510.84615952551604,0.0,0,0,1362,13804,1.0,False,neutral
48,1985-1989,0.8683756461043801,0.893569844789357,0.48154663617086946,1.828286395406136,-0.000781233046157852,9,102,1362,13804,1.0,False,neutral
49,1985-1989,0.08828767014942074,0.3108371040723982,0.1088686974079237,1.3647061706392989,-0.003240351282545526,2,65,1362,13804,0.45502106923162994,False,neutral
50,1985-1989,1.0,0.95264038689796,0.6105163635003599,1.556983415163505,-0.0006833661612905828,19,202,1362,13804,1.0,False,neutral
51,1985-1989,0.8515665364175807,1.0264944000897482,0.5329283109943377,2.2025873039360544,0.00015073627810534805,8,79,1362,13804,1.0,False,neutral
52,1985-1989,0.6224161704578095,0.0,0.02227306921661903,6.310189339604815,-0.0009417560127499276,0,13,1362,13804,1.0,False,neutral
53,1985-1989,0.000984003981988976,0.09405536061307312,0.027992423774024788,0.7039995997210514,-0.0070171620220319635,1,107,1362,13804,0.01648206669831535,True,underrepresented
54,1985-1989,1.0,,0.20094546414940362,510.84615952551604,0.0,0,0,1362,13804,1.0,False,neutral
55,1985-1989,0.7219483851952351,0.4218711731569924,0.11906616978755445,3.225199811620343,-0.0010044120944747337,1,24,1362,13804,1.0,False,neutral
56,1985-1989,1.0,0.0,0.02823459263191995,8.232254526131813,-0.0007244277021153289,0,10,1362,13804,1.0,False,neutral
57,1985-1989,1.0,0.95264038689796,0.6105163635003599,1.556983415163505,-0.0006833661612905828,19,202,1362,13804,1.0,False,neutral
58,1985-1989,0.2922074831370518,1.5617199909235306,0.7270683332176789,3.8353206396141273,0.0015800183053625524,6,39,1362,13804,0.9208947109533859,False,neutral
59,1985-1989,1.0,1.013579335793358,0.5067021113036889,2.2930749100172787,6.850681940708848e-05,7,70,1362,13804,1.0,False,neutral
60,1985-1989,0.3252355470381312,1.430640053337778,0.7783301271240813,2.856870729834068,0.0021987072210017224,10,71,1362,13804,0.9474252891980344,False,neutral
61,1985-1989,1.0,,0.20094546414940362,510.84615952551604,0.0,0,0,1362,13804,1.0,False,neutral
62,1985-1989,1.0,0.0,0.038535002610474496,11.827416011259269,-0.0005070993914807302,0,7,1362,13804,1.0,False,neutral
63,1985-1989,1.0,0.0,0.13749580812783557,82.94179880626389,-7.24427702115329e-05,0,1,1362,13804,1.0,False,neutral
64,1985-1989,0.4314600309530086,2.027773695811903,0.45406477018995484,16.82793175406979,0.0003720005395443913,1,5,1362,13804,0.9603217167789249,False,neutral
65,1985-1989,1.0,,0.20094546414940362,510.84615952551604,0.0,0,0,1362,13804,1.0,False,neutral
-1,1990-1994,0.11060227234313752,0.9038606751059196,0.800096051562162,1.0228636483997642,-0.018709548149498767,363,4133,1538,16225,0.41168623594390075,False,neutral
0,1990-1994,7.897331863208974e-05,0.6179399193305641,0.4845760944883269,0.798441260461686,-0.025432344649465713,68,1130,1538,16225,0.0013228030870875032,True,underrepresented
1,1990-1994,1.0765626103790624e-10,2.4110882016036657,1.8989376783317882,3.0881889874574973,0.030853709117357703,83,375,1538,16225,7.212969489539718e-09,True,overrepresented
2,1990-1994,1.0,1.0047556473312058,0.621220360775403,1.7169737492135189,4.8729564940360945e-05,16,168,1538,16225,1.0,False,neutral
3,1990-1994,0.0034461216183480437,0.23120808584019928,0.09287022446729032,0.7772840309396274,-0.006431541172675378,3,136,1538,16225,0.028861268553664866,True,underrepresented
4,1990-1994,0.20448085010100128,0.6941146184350965,0.42655122218593244,1.2000601592202225,-0.004237829129940831,15,227,1538,16225,0.5039358546442222,False,neutral
5,1990-1994,1.0,0.9305598218399631,0.4467861621963207,2.24023314961335,-0.0002898928230086902,6,68,1538,16225,1.0,False,neutral
6,1990-1994,0.8651307975996878,1.044787724845783,0.5768472353791383,2.0645591270055244,0.0002769891059767847,10,101,1538,16225,1.0,False,neutral
7,1990-1994,7.57108872576089e-08,1.8662241315511592,1.5142113979000444,2.316604285047751,0.030769674662028804,106,619,1538,16225,2.536314723129898e-06,True,overrepresented
8,1990-1994,1.0,0.8785652079251034,0.44249936695554837,1.97765364370619,-0.000625830276047375,7,84,1538,16225,1.0,False,neutral
9,1990-1994,0.005971246066965015,0.6056190560374288,0.4274193208223494,0.8838279738476013,-0.012694492477173042,31,533,1538,16225,0.0400073486486656,True,underrepresented
10,1990-1994,0.18993864391595333,0.47816166883963496,0.20709408218975714,1.3807324197895863,-0.0028229485794891013,4,88,1538,16225,0.48945727470649514,False,neutral
11,1990-1994,0.6364395590863146,0.7899771092217135,0.42796406884560234,1.6103314340587904,-0.0015442383100138053,9,120,1538,16225,0.926988053451806,False,neutral
12,1990-1994,0.45988538655470007,1.3480917726792956,0.6353961429060295,3.2845090284272143,0.0010044060984088755,6,47,1538,16225,0.7165656023061606,False,neutral
13,1990-1994,0.002618907488106761,0.5925188921212539,0.42241045443217684,0.85451750638389,-0.014229233330862127,33,579,1538,16225,0.025066685957593284,True,underrepresented
14,1990-1994,0.30430894794080593,1.3351727943712492,0.7652656342852716,2.4997876241328543,0.0019471789148454858,12,95,1538,16225,0.5825342717724,False,neutral
15,1990-1994,0.26968158845366713,1.204686506261706,0.8725531776535916,1.7001748667314003,0.004217391565697753,39,343,1538,16225,0.5314313654822264,False,neutral
16,1990-1994,0.1496170514526629,0.6532528041415013,0.389223966412643,1.1760092033922818,-0.004428820171475171,13,209,1538,16225,0.45565192942401883,False,neutral
17,1990-1994,0.049133387566348205,0.4679344502365133,0.23971248013885973,1.0413277387057356,-0.005125059860022722,7,157,1538,16225,0.23513835478180928,False,neutral
18,1990-1994,0.4083703625662082,1.0765752765752765,0.9057057840604082,1.2864144176860859,0.006379725936270869,152,1500,1538,16225,0.7165656023061606,False,neutral
19,1990-1994,0.0007907331795335134,1.6500422803496118,1.2578230479785575,2.1943259502600423,0.014755961457158257,59,383,1538,16225,0.008829853838124234,True,overrepresented
20,1990-1994,0.1430879146632999,0.4623121337593306,0.20041721964370632,1.3342126184124767,-0.003007848425405896,4,91,1538,16225,0.45565192942401883,False,neutral
21,1990-1994,0.003987495285038655,0.0,0.004676233366023559,1.220601197935274,-0.004252696456086286,0,69,1538,16225,0.02968468712195443,True,underrepresented
22,1990-1994,0.10772079644451799,1.2854430432223134,0.9606725282170705,1.7498978767086404,0.006898078668592874,49,405,1538,16225,0.41168623594390075,False,neutral
23,1990-1994,0.7027816026446215,1.110608552631579,0.3620629912540566,5.050565379733651,0.0001293577595620752,2,19,1538,16225,0.9809659870247843,False,neutral
24,1990-1994,0.13543324832334974,1.3679128391369366,0.936487466419875,2.059344715181771,0.004831039450510038,28,217,1538,16225,0.4537013818832217,False,neutral
25,1990-1994,0.22564291998995026,1.3031196016664972,0.8686363165746164,2.0256119204872145,0.0035861914198296475,24,195,1538,16225,0.5039358546442222,False,neutral
26,1990-1994,0.007720758384044605,1.5622726729393281,1.1532397979081794,2.1544605766611915,0.010556122152516324,46,314,1538,16225,0.047026437430089864,True,overrepresented
27,1990-1994,0.41131468553028816,0.5849992756772417,0.25177712633654664,1.6956344383063344,-0.0018368160679328605,4,72,1538,16225,0.7165656023061606,False,neutral
28,1990-1994,0.1730478437240982,0.34503073770491804,0.12062419410360754,1.5161940322615428,-0.0024592400832730557,2,61,1538,16225,0.4764056578883097,False,neutral
29,1990-1994,0.23758496180692518,1.4682409831297265,0.7995766390792673,2.9298465433071255,0.0020643542831724707,10,72,1538,16225,0.5134900787439995,False,neutral
30,1990-1994,0.2234896250333489,1.4628740844087897,0.8520192124269063,2.678425759113268,0.0026590072553353064,13,94,1538,16225,0.5039358546442222,False,neutral
31,1990-1994,0.0005847035658697928,1.61513607650532,1.2509566589073906,2.1105267059569446,0.01613625844301827,67,445,1538,16225,0.007835027782655223,True,overrepresented
32,1990-1994,0.4398608864655439,1.2328849518810148,0.7353983782714311,2.1975198654746753,0.0017067369825739705,14,120,1538,16225,0.7165656023061606,False,neutral
33,1990-1994,0.36100610910564945,0.3192366081110388,0.09178602275930685,2.4227796380369644,-0.0013837032465671905,1,33,1538,16225,0.6718724808355143,False,neutral
34,1990-1994,0.7655542439355305,0.6388888888888888,0.2173354631400281,2.8459186950374327,-0.0007335081880496352,2,33,1538,16225,1.0,False,neutral
35,1990-1994,5.28160088582578e-05,0.4760388609594377,0.32920029660238154,0.7124646381145806,-0.01862346993774558,27,587,1538,16225,0.0011795575311677577,True,underrepresented
36,1990-1994,0.17776330518220512,2.2630525825965564,0.7921761870449356,8.198323676977939,0.0010877192279409556,3,14,1538,16225,0.4764056578883097,False,neutral
37,1990-1994,1.0,0.7811535493827161,0.26229805432964715,3.5019023514054624,-0.00036370849621604516,2,27,1538,16225,1.0,False,neutral
38,1990-1994,0.4536449808815173,1.3774832557611534,0.6484142587852069,3.358903116340309,0.0010660393803811406,6,46,1538,16225,0.7165656023061606,False,neutral
39,1990-1994,0.09958992538962694,0.4609411656996372,0.21416000359490414,1.189269909931067,-0.0037752188522504368,5,114,1538,16225,0.41168623594390075,False,neutral
40,1990-1994,0.21857890836434102,1.2895479412611575,0.8840712459585375,1.9391650541338308,0.0040298067848705925,28,230,1538,16225,0.5039358546442222,False,neutral
41,1990-1994,1.0,0.9812922591795276,0.41274045106841173,2.883546272942817,-4.945089073717492e-05,4,43,1538,16225,1.0,False,neutral
42,1990-1994,0.8285530224440467,1.0377948037495184,0.49589306891339996,2.5061786635337846,0.00014154015079716545,6,61,1538,16225,1.0,False,neutral
43,1990-1994,0.7224170310845068,0.7763071951596824,0.39263805539483854,1.7425492046851554,-0.0013037963777422909,7,95,1538,16225,0.987794715972693,False,neutral
44,1990-1994,1.0,,0.20917741470265427,531.7241494980188,0.0,0,0,1538,16225,1.0,False,neutral
45,1990-1994,0.07582034008443962,0.44143684871208755,0.2053037683924938,1.1382232188716355,-0.004083385262111761,5,119,1538,16225,0.33866418571049695,False,neutral
46,1990-1994,0.028037989960595495,1.5136191257110645,1.0825394085225635,2.164301398533564,0.00803256385236064,37,260,1538,16225,0.14450348671999216,False,neutral
47,1990-1994,1.0,,0.20917741470265427,531.7241494980188,0.0,0,0,1538,16225,1.0,False,neutral
48,1990-1994,0.43004452392195447,0.6959001782531195,0.3665171207430226,1.478491571060245,-0.002256066650503626,8,121,1538,16225,0.7165656023061606,False,neutral
49,1990-1994,0.8327422057582361,0.7865759266290855,0.35944591801519893,2.05077871786455,-0.0008784545995539805,5,67,1538,16225,1.0,False,neutral
50,1990-1994,0.019459517752595537,0.5367790564640958,0.3262797248152145,0.9432654013663958,-0.0077231551591825775,14,273,1538,16225,0.10864897411865843,False,neutral
51,1990-1994,0.4393480394257382,1.2674950948332244,0.6753018268836105,2.6141371216981697,0.0012292593787381206,9,75,1538,16225,0.7165656023061606,False,neutral
52,1990-1994,1.0,0.8790392539579267,0.23246444274573994,6.888572941762092,-8.940432514962496e-05,1,12,1538,16225,1.0,False,neutral
53,1990-1994,0.6943667896691168,0.8523659976029008,0.5136579218111301,1.5076257816899967,-0.0015598269619560758,14,173,1538,16225,0.9809659870247843,False,neutral
54,1990-1994,1.0,,0.20917741470265427,531.7241494980188,0.0,0,0,1538,16225,1.0,False,neutral
55,1990-1994,0.6264108821558034,0.0,0.021663814998432448,6.094252806631168,-0.0008628659476117103,0,14,1538,16225,0.926988053451806,False,neutral
56,1990-1994,0.1730328127618,0.0,0.010896763838908283,2.921768398805426,-0.0017873651771956856,0,29,1538,16225,0.4764056578883097,False,neutral
57,1990-1994,1.0,0.9861198314953447,0.6562468823094462,1.539746107589098,-0.00020730101927342488,23,246,1538,16225,1.0,False,neutral
58,1990-1994,0.12227033973897197,1.8500163291966036,0.896339244348948,4.273250053718161,0.0020860341307322857,7,40,1538,16225,0.43116382960584854,False,neutral
59,1990-1994,0.7408918725351661,1.0954331467546428,0.6187604700942111,2.098527185937523,0.0006190177546330153,11,106,1538,16225,0.9927951091971225,False,neutral
60,1990-1994,1.0,0.9170166874787149,0.44055083466570516,2.206757845258568,-0.0003515261049809545,6,69,1538,16225,1.0,False,neutral
61,1990-1994,1.0,,0.20917741470265427,531.7241494980188,0.0,0,0,1538,16225,1.0,False,neutral
62,1990-1994,0.5155129141872722,1.5073891625615763,0.36520356153391176,12.187541527935522,0.00021876208471170011,1,7,1538,16225,0.7849855738760736,False,neutral
63,1990-1994,0.2625761551522534,0.25681958836504437,0.07455860179312834,1.9415871751316411,-0.0018767695023453105,1,41,1538,16225,0.5314313654822264,False,neutral
64,1990-1994,0.25169768748983473,0.0,0.014829886068729774,4.045773294978202,-0.0012942989214175654,0,21,1538,16225,0.5269920331818415,False,neutral
65,1990-1994,1.0,,0.20917741470265427,531.7241494980188,0.0,0,0,1538,16225,1.0,False,neutral
-1,1995-1999,0.0218310315891854,0.8728439774006262,0.7780524263648383,0.9808162343132463,-0.024095017474339203,398,4723,1823,19483,0.11251377819041705,False,neutral
0,1995-1999,3.398919903402498e-06,0.6247879639209221,0.5100452216064002,0.7721450197263897,-0.030142541809449537,100,1656,1823,19483,0.00011386381676398368,True,underrepresented
1,1995-1999,3.649099325975876e-27,3.348752209938316,2.754981072063267,4.089334142121191,0.0510946305384198,136,458,1823,19483,2.444896548403837e-25,True,overrepresented
2,1995-1999,0.0699562567157216,1.5434790871634256,0.998673127038217,2.4821522308218036,0.004025760928222754,21,146,1823,19483,0.26039273333074153,False,neutral
3,1995-1999,0.0016149316014279157,0.31677605368862893,0.15648317149793314,0.7484913983633965,-0.0070254082289385785,6,201,1823,19483,0.01545720247081005,True,underrepresented
4,1995-1999,0.12963783181354374,1.3472292510121457,0.9397419369852339,1.9851616551963727,0.004327217880060227,31,247,1823,19483,0.3474293892602972,False,neutral
5,1995-1999,0.13613835801516366,1.3658242593061534,0.9359447354080908,2.054574540587214,0.004067402362029387,28,220,1823,19483,0.35081807642369095,False,neutral
6,1995-1999,0.48382362453691086,0.7619441816461684,0.4351997540335014,1.4478890439256216,-0.0018703169752135483,11,154,1823,19483,0.8761130498371088,False,neutral
7,1995-1999,0.052389788527282294,1.245297292310531,1.0052089113343918,1.5564568020657636,0.009732016960986765,94,815,1823,19483,0.21938223945799462,False,neutral
8,1995-1999,0.02081833236098548,0.14202707647274057,0.0420022837063396,1.0657726733714945,-0.0033009634769150054,1,75,1823,19483,0.11251377819041705,False,neutral
9,1995-1999,0.0001491497615346151,0.5671200101631755,0.4208265415667158,0.7807685044789506,-0.017268637842817184,43,796,1823,19483,0.002498258505704803,True,underrepresented
10,1995-1999,0.7591295529999484,0.8340371621621622,0.46404632808561036,1.6390215804765367,-0.0010843665866319624,10,128,1823,19483,0.9871189389173777,False,neutral
11,1995-1999,0.06107130784589773,0.39449840164518557,0.17180973948401856,1.135323139002277,-0.003349108745210707,4,108,1823,19483,0.2406928015103028,False,neutral
12,1995-1999,0.7215047379364541,0.7866682123811732,0.39801253674881204,1.7653736879169306,-0.001036221318336261,7,95,1823,19483,0.9871189389173777,False,neutral
13,1995-1999,0.00029915582638546554,0.4943110755975542,0.3350733610031532,0.7580610203074629,-0.01311420798119598,24,512,1823,19483,0.004008688073565239,True,underrepresented
14,1995-1999,0.8688107487293153,0.8984327504662594,0.4852445613833021,1.835296877991433,-0.0005550501866558267,9,107,1823,19483,1.0,False,neutral
15,1995-1999,0.00414220772706906,1.6655836113221256,1.2129409713311998,2.3321478389287886,0.009078057810867311,42,272,1823,19483,0.034690989714203375,True,overrepresented
16,1995-1999,0.7251411222552675,0.8812676306894711,0.5606982393890657,1.4557170405321858,-0.001315407564196014,18,218,1823,19483,0.9871189389173777,False,neutral
17,1995-1999,0.6946699650877546,0.8538640132669983,0.514931369128227,1.5094276857984863,-0.001302540670856168,14,175,1823,19483,0.9871189389173777,False,neutral
18,1995-1999,0.14987994049004094,1.1299483661426506,0.9613209777218563,1.3342623527184243,0.010039273869121845,174,1664,1823,19483,0.358641286172598,False,neutral
19,1995-1999,0.10630627044595127,1.2693644382368854,0.9597521802401174,1.7060044072431684,0.006027224488068687,53,449,1823,19483,0.34111020466921144,False,neutral
20,1995-1999,1.0,0.9982506419383496,0.6258766432545452,1.6771341632897028,-1.61891984035243e-05,17,182,1823,19483,1.0,False,neutral
21,1995-1999,0.0007508860278403356,0.0,0.003813614542062839,0.9914047253294224,-0.004414104604013756,0,86,1823,19483,0.008384893977550415,True,underrepresented
22,1995-1999,0.8651533469766267,0.9472046103318913,0.68392844033983,1.3436149472467718,-0.0011070596195245572,37,417,1823,19483,1.0,False,neutral
23,1995-1999,0.2852549903388319,1.8605540550230657,0.7461817656276125,5.621452431193625,0.0010136690610819583,4,23,1823,19483,0.5972526360219292,False,neutral
24,1995-1999,0.04616127519290674,1.407735861927826,1.028845996017361,1.9651613597224529,0.006563044722533891,42,321,1823,19483,0.20618702919498344,False,neutral
25,1995-1999,0.534835769595507,1.1290807742981657,0.7816600816918425,1.680671634856469,0.0017929748395361864,29,275,1823,19483,0.942999909549973,False,neutral
26,1995-1999,0.26226453019859597,1.195198554158573,0.8819693460585055,1.6516619932070844,0.0038619543955067358,44,395,1823,19483,0.5668297910743848,False,neutral
27,1995-1999,0.698422741161051,1.110858287717792,0.5765007529151022,2.3841660217868244,0.0004362073928101213,8,77,1823,19483,0.9871189389173777,False,neutral
28,1995-1999,0.808912422001719,1.068921892189219,0.4820862786831644,2.809915698942269,0.00017639187477928127,5,50,1823,19483,1.0,False,neutral
29,1995-1999,0.8423934260643501,1.0249079717578904,0.513586816669386,2.314923385644498,9.296823152772334e-05,7,73,1823,19483,1.0,False,neutral
30,1995-1999,0.14266616208473712,1.5023571251343975,0.905030182688793,2.636920544483885,0.002736227926344722,15,107,1823,19483,0.3540234392473106,False,neutral
31,1995-1999,0.009673390188416644,1.414248471245555,1.1045362901189386,1.8323879449317617,0.01093840787088982,70,535,1823,19483,0.0666859546582329,False,neutral
32,1995-1999,0.6814621797920934,1.0969874987583896,0.6772502226387173,1.8766565551580436,0.0007697611901780615,16,156,1823,19483,0.9871189389173777,False,neutral
33,1995-1999,0.3190219914990864,0.4355982920351007,0.15111252607453776,1.9215759140658792,-0.0014179203839999024,2,49,1823,19483,0.6477113160739026,False,neutral
34,1995-1999,0.7661221615478155,0.6282585521852893,0.21413544736216159,2.7958366471679352,-0.0006480184181835498,2,34,1823,19483,0.9871189389173777,False,neutral
35,1995-1999,0.009953127560930284,0.6690043189753603,0.4957110899970405,0.9221691329566931,-0.011263402509449637,43,679,1823,19483,0.0666859546582329,False,neutral
36,1995-1999,0.5912542741907243,1.1875838516892303,0.30130083698721666,9.447839954214833,8.660517267694649e-05,1,9,1823,19483,0.9871189389173777,False,neutral
37,1995-1999,1.0,0.900960670877342,0.45373402034727606,2.028164954166299,-0.0004202997456831787,7,83,1823,19483,1.0,False,neutral
38,1995-1999,0.614727816655695,1.1879965774355212,0.532675214572498,3.1342886011975746,0.0004330258633847323,5,45,1823,19483,0.9871189389173777,False,neutral
39,1995-1999,0.4726928323722349,0.6811203878265554,0.33096061082398615,1.6269386173800855,-0.0015334408727819284,6,94,1823,19483,0.8761130498371088,False,neutral
40,1995-1999,0.12937301924509867,1.3233075747550178,0.9418376464326946,1.9051012743821265,0.004622311773046922,35,284,1823,19483,0.3474293892602972,False,neutral
41,1995-1999,0.7252399691318955,0.41072785611753776,0.11655883599951239,3.1331744239334287,-0.0007859503885815866,1,26,1823,19483,0.9871189389173777,False,neutral
42,1995-1999,1.0,0.8721544692643413,0.36948687556113224,2.5518681819990823,-0.0003208276796663862,4,49,1823,19483,1.0,False,neutral
43,1995-1999,0.03412407548893628,0.31320297349709114,0.12513330270231005,1.0561092713084157,-0.0035896943110509246,3,102,1823,19483,0.16330807555419505,False,neutral
44,1995-1999,1.0,,0.2119333097996679,538.6705043231048,0.0,0,0,1823,19483,1.0,False,neutral
45,1995-1999,1.0,0.9477542191839351,0.5382271691222308,1.8085211987561023,-0.0003305130435808431,11,124,1823,19483,1.0,False,neutral
46,1995-1999,6.344398128872738e-06,2.1434829424235735,1.590780781214663,2.933156666203998,0.014441637784902088,50,253,1823,19483,0.00014169155821149116,True,overrepresented
47,1995-1999,1.0,,0.2119333097996679,538.6705043231048,0.0,0,0,1823,19483,1.0,False,neutral
48,1995-1999,0.07545974173034878,0.4513481009117861,0.209935281864179,1.163681323333898,-0.003313830370254851,5,118,1823,19483,0.2660948787333352,False,neutral
49,1995-1999,0.1170975329461472,0.3997870879120879,0.15874965040158204,1.3527275459931793,-0.0024605047611869404,3,80,1823,19483,0.34111020466921144,False,neutral
50,1995-1999,0.7574618899189824,0.905096470948721,0.6085562103911357,1.3971618485081085,-0.001360371303066328,24,283,1823,19483,0.9871189389173777,False,neutral
51,1995-1999,0.11313274641757852,1.6311798495445478,0.9637104667023413,2.9282732313231863,0.0029575835399943164,14,92,1823,19483,0.34111020466921144,False,neutral
52,1995-1999,1.0,0.0,0.04064965504860195,12.472999716359647,-0.0003592875840476313,0,7,1823,19483,1.0,False,neutral
53,1995-1999,0.7591168712708609,1.0582989655206354,0.7291800076761161,1.5849044996267516,0.000833814105600704,28,283,1823,19483,0.9871189389173777,False,neutral
54,1995-1999,1.0,0.0,0.06387613840350288,22.055677508207204,-0.00020530719088436073,0,4,1823,19483,1.0,False,neutral
55,1995-1999,0.2530789486013446,0.0,0.01438051802908194,3.911483723518198,-0.001129189549863984,0,22,1823,19483,0.5652096518763363,False,neutral
56,1995-1999,0.11364583241574175,0.0,0.00947282815820139,2.522478692615432,-0.001745111122517066,0,34,1823,19483,0.34111020466921144,False,neutral
57,1995-1999,1.0,1.0029685737255847,0.7073081601353065,1.4619762716283045,5.1045246444506726e-05,32,341,1823,19483,1.0,False,neutral
58,1995-1999,0.3833601012416621,1.4033870749220974,0.7205501138768265,3.034178890028537,0.001257436156347564,8,61,1823,19483,0.7338607652340389,False,neutral
59,1995-1999,0.013594472227138528,0.352108058487968,0.1646059241172073,0.9049072733535841,-0.005007614695050826,5,151,1823,19483,0.08280269447438922,False,neutral
60,1995-1999,0.6849303287253474,0.7213525406594713,0.3309855713844093,1.875883469564648,-0.0010554512705268828,5,74,1823,19483,0.9871189389173777,False,neutral
61,1995-1999,1.0,,0.2119333097996679,538.6705043231048,0.0,0,0,1823,19483,1.0,False,neutral
62,1995-1999,0.642052898542765,1.5273397662195027,0.4810631603415856,7.059812365434654,0.00037851753623825365,2,14,1823,19483,0.9871189389173777,False,neutral
63,1995-1999,0.2324355846805249,0.6224206229514789,0.32896037229221464,1.319171255376983,-0.00264340047045529,8,137,1823,19483,0.5370063508136265,False,neutral
64,1995-1999,0.36516760168133255,0.3049709894934922,0.08794834958591201,2.3117201921517583,-0.0012478915680713982,1,35,1823,19483,0.7195949797838024,False,neutral
65,1995-1999,1.0,,0.2119333097996679,538.6705043231048,0.0,0,0,1823,19483,1.0,False,neutral
-1,2000-2004,0.024163372046879687,0.8902420578035645,0.8055038809468877,0.9850621215182702,-0.021019959566881408,540,5474,2383,22106,0.11563899479578137,False,neutral
0,2000-2004,4.239157473475378e-09,0.5955865183602045,0.4976106838281907,0.7177363628847553,-0.033535061050789544,129,1938,2383,22106,1.4201177536142517e-07,True,underrepresented
1,2000-2004,1.8458076793925674e-32,3.2809743894165537,2.7507476066314966,3.926920723521993,0.0490167942586475,172,512,2383,22106,1.2366911451930202e-30,True,overrepresented
2,2000-2004,0.37806608517437645,1.2194803132938188,0.7917758722782966,1.9557416617662693,0.0015745673413707787,21,160,2383,22106,0.6178706181938451,False,neutral
3,2000-2004,0.0001204623518205089,0.2606821663584191,0.1289223432996814,0.6154739358677552,-0.007072321856401722,6,212,2383,22106,0.002017744392993524,True,underrepresented
4,2000-2004,0.00950710698313555,1.5357015047959872,1.139498529734238,2.1049837634947175,0.006933593790783876,48,292,2383,22106,0.05790692435182562,False,neutral
5,2000-2004,0.06659685193560531,1.3440901286725697,1.0001705741973173,1.8378686754145166,0.0050788937093580195,48,333,2383,22106,0.24788828220475312,False,neutral
6,2000-2004,0.3696761573136028,0.7004559195202934,0.37969239309416614,1.4272066503024323,-0.0016064019015843965,9,119,2383,22106,0.6178706181938451,False,neutral
7,2000-2004,0.22529294431880792,1.1449173283719283,0.9276393079942529,1.425330981390372,0.004968089697451709,97,790,2383,22106,0.5390938310485761,False,neutral
8,2000-2004,0.32161165964889205,0.5292980243799916,0.22771778718186536,1.5344885632544745,-0.0014880046731691684,4,70,2383,22106,0.6178706181938451,False,neutral
9,2000-2004,0.0009197924189608257,0.6565489749430524,0.5107418121436461,0.8561265718788569,-0.013280459741924034,63,878,2383,22106,0.011869771645661751,True,underrepresented
10,2000-2004,0.21713974848368214,0.6518165037422173,0.36382156979392494,1.2779815876049394,-0.0022272043003118648,10,142,2383,22106,0.5390938310485761,False,neutral
11,2000-2004,0.5715630206735061,1.1606463878326996,0.7127312136944725,1.993664047394112,0.0009239425848045534,16,128,2383,22106,0.7579661160666158,False,neutral
12,2000-2004,0.04931824611358347,1.652438445846577,1.0398569854015838,2.7392121205192734,0.0031328282502886655,19,107,2383,22106,0.19469739565860608,False,neutral
13,2000-2004,0.003437111376529571,0.6125834398522937,0.44251332097760226,0.8697934264128013,-0.009320749196855998,36,540,2383,22106,0.031422237037372014,True,underrepresented
14,2000-2004,0.8647960985397813,1.0424863989545305,0.573407512843586,2.0655070735903482,0.00017033482933619462,10,89,2383,22106,0.9820565864773788,False,neutral
15,2000-2004,0.006228277302776236,1.5388691920134354,1.1574487716509456,2.0775109716082505,0.007674691722053801,53,322,2383,22106,0.04636606436511198,True,overrepresented
16,2000-2004,0.2869320516242103,0.7268046023772463,0.44555265903706087,1.2588755210234837,-0.0023456015287270935,15,191,2383,22106,0.6018661522780885,False,neutral
17,2000-2004,0.008279837270171788,0.4326953454085931,0.23711076426139877,0.8748896064776609,-0.004908672778269459,9,192,2383,22106,0.05547490971015098,False,neutral
18,2000-2004,0.22267505479764085,1.0943028082569086,0.9483283540463309,1.2671815103388915,0.007428842354536461,225,1923,2383,22106,0.5390938310485761,False,neutral
19,2000-2004,0.0010629646249846344,1.4829572841829826,1.1883858083709136,1.8671584135701298,0.011982665142303141,90,570,2383,22106,0.011869771645661751,True,overrepresented
20,2000-2004,0.5882722094845376,1.0875365556239007,0.7822361937342073,1.547641882415952,0.001231885480323526,37,316,2383,22106,0.7579661160666158,False,neutral
21,2000-2004,0.003751908899984718,0.0,0.004649153171184473,1.2162574580294134,-0.002759431828462861,0,61,2383,22106,0.031422237037372014,True,underrepresented
22,2000-2004,0.42118731682936156,0.874788973567432,0.653714009440532,1.192809591734344,-0.0027595457267104925,47,497,2383,22106,0.6271011161681604,False,neutral
23,2000-2004,0.4343799671257502,0.4520543735466754,0.15563800908892286,2.001679453723017,-0.0010154218606956852,2,41,2383,22106,0.6326838651614188,False,neutral
24,2000-2004,1.0,0.9954472935067102,0.7357007681980027,1.373807085275513,-8.287995819478491e-05,44,410,2383,22106,1.0,False,neutral
25,2000-2004,0.3664615612530975,1.175676652605989,0.8249220153371094,1.7208774314975321,0.0019835949316646586,32,253,2383,22106,0.6178706181938451,False,neutral
26,2000-2004,0.29921797181656057,1.1718346991931898,0.8814636022393088,1.5840342167127732,0.003080776751120066,51,405,2383,22106,0.6075031549002896,False,neutral
27,2000-2004,0.4041202195017687,0.675461209315376,0.3420029936738536,1.5150332762335204,-0.0014052386132220145,7,96,2383,22106,0.6213639058816519,False,neutral
28,2000-2004,1.0,0.9122257701883487,0.4361959047665703,2.2018805393624725,-0.00024159716627234493,6,61,2383,22106,1.0,False,neutral
29,2000-2004,0.26491620558509804,0.605718398942698,0.307696419666252,1.3556049279196216,-0.0019028410740923665,7,107,2383,22106,0.6018661522780885,False,neutral
30,2000-2004,0.38933398031551225,0.7123731725501637,0.39671120746052363,1.399012798792115,-0.0016843652520896627,10,130,2383,22106,0.6210803971699838,False,neutral
31,2000-2004,0.9428315055648511,0.9759327472825473,0.74171291532942,1.304959158677139,-0.0005458573517844942,54,513,2383,22106,1.0,False,neutral
32,2000-2004,0.35088935754609585,1.243166273444389,0.7904031199744679,2.0443481346165835,0.0015495476929739092,19,142,2383,22106,0.6178706181938451,False,neutral
33,2000-2004,0.6807379072910961,0.7475786103800971,0.3407536454392553,1.9521762633055737,-0.0007064728639892808,5,62,2383,22106,0.8292625416091534,False,neutral
34,2000-2004,0.5773677120892597,0.5296934061318773,0.18088378642833292,2.354974438275261,-0.0007440023365845842,2,35,2383,22106,0.7579661160666158,False,neutral
35,2000-2004,0.2874584607895348,0.8604421546455362,0.668808605372422,1.1222822022879133,-0.004220632447355564,64,687,2383,22106,0.6018661522780885,False,neutral
36,2000-2004,0.7155859812586056,0.46360201511335014,0.12918228823218936,3.5617202346719616,-0.0004850926366719175,1,20,2383,22106,0.856147513291546,False,neutral
37,2000-2004,0.11469868938597971,0.5047462423987455,0.2464555596453145,1.2017929512812564,-0.0024581899465130038,6,110,2383,22106,0.34930964494821093,False,neutral
38,2000-2004,0.49403932419331903,1.3261784511784511,0.6516751910502231,3.0347147778176766,0.0007208809923149435,7,49,2383,22106,0.6895965566865079,False,neutral
39,2000-2004,0.2841299496302997,0.6498097876269622,0.341953357509863,1.3813353866661906,-0.0017998580751902317,8,114,2383,22106,0.6018661522780885,False,neutral
40,2000-2004,0.015140376841163521,1.4760814882383835,1.0993857835975844,2.0152217382335644,0.006538974328815662,49,310,2383,22106,0.07803117295061199,False,neutral
41,2000-2004,0.04783266506147871,0.0,0.00738470867766803,1.957945053945217,-0.0017189903193703068,0,38,2383,22106,0.19469739565860608,False,neutral
42,2000-2004,1.0,0.8917480753056868,0.4031404756948023,2.3406608400033386,-0.0002541069904707792,5,52,2383,22106,1.0,False,neutral
43,2000-2004,0.6580648988981385,1.110663737088389,0.6625865652874711,1.9794062090436404,0.0005822668249447337,14,117,2383,22106,0.8164879301143569,False,neutral
44,2000-2004,1.0,,0.1839803994866278,467.5608151283247,0.0,0,0,2383,22106,1.0,False,neutral
45,2000-2004,0.63611922231892,0.7794368902991127,0.42116640933853916,1.5916875849085224,-0.0010635628533621944,9,107,2383,22106,0.8041507150069367,False,neutral
46,2000-2004,2.0586574568782993e-05,1.851978563446104,1.4296017687640772,2.4270058859969623,0.012735380694831702,67,340,2383,22106,0.00045976683203615353,True,overrepresented
47,2000-2004,0.36376250144448335,0.2989491075539666,0.08571366841997224,2.271258716908375,-0.0009826950975422694,1,31,2383,22106,0.6178706181938451,False,neutral
48,2000-2004,0.16871153004080558,0.5536957898069009,0.28196000973898605,1.237127179165451,-0.0023552069476108686,7,117,2383,22106,0.4709863546972489,False,neutral
49,2000-2004,1.0,0.927502102607233,0.4184550798380171,2.437590021543233,-0.00016363381576707872,5,50,2383,22106,1.0,False,neutral
50,2000-2004,0.33040788418135114,0.8211096497735486,0.5739494764678048,1.2101446124135882,-0.0027007932139727804,30,338,2383,22106,0.6178706181938451,False,neutral
51,2000-2004,0.7493612787631773,1.102680491583532,0.6340657442422357,2.0595383084836123,0.00046677400184416424,12,101,2383,22106,0.8808281697742609,False,neutral
52,2000-2004,1.0,0.0,0.08901595547726174,38.64766075930127,-9.047317470370036e-05,0,2,2383,22106,1.0,False,neutral
53,2000-2004,0.37809993053653207,0.8511582523219254,0.6172491618243825,1.2014295239753738,-0.0027364243824408545,38,413,2383,22106,0.6178706181938451,False,neutral
54,2000-2004,0.7956611548562641,0.6953571428571429,0.26858097681799203,2.389358579335605,-0.000550546162978749,3,40,2383,22106,0.9191258168167189,False,neutral
55,2000-2004,1.0,0.9939075630252101,0.3750168700252854,3.459380404061763,-7.707114756546956e-06,3,28,2383,22106,1.0,False,neutral
56,2000-2004,0.07063903294293339,0.0,0.008466212532504985,2.2566973408803825,-0.0014928073826110558,0,33,2383,22106,0.24909553721981775,False,neutral
57,2000-2004,0.010882357812213934,1.4535028395168497,1.107531213235418,1.9346446221501847,0.007465821318934876,58,373,2383,22106,0.06075983111819447,False,neutral
58,2000-2004,0.40805987848944303,0.5882957358367195,0.25210715096050096,1.709551141874675,-0.001171348561706217,4,63,2383,22106,0.6213639058816519,False,neutral
59,2000-2004,0.16711227510127188,1.3537974683544305,0.8920272086882167,2.130594348438295,0.0025043187368046496,23,158,2383,22106,0.4709863546972489,False,neutral
60,2000-2004,0.4755066964847726,1.276802276559865,0.7139542279793255,2.4638376924093595,0.0009971032258679325,11,80,2383,22106,0.6778499715846759,False,neutral
61,2000-2004,0.0973089958756993,inf,1.13358819341399,683.5359391822528,0.000419639110365086,1,0,2383,22106,0.3104620344605644,False,neutral
62,2000-2004,0.511729456602503,0.3565200542530517,0.10119758893671715,2.7193968691803656,-0.0007565121607830186,1,26,2383,22106,0.6997117059666877,False,neutral
63,2000-2004,0.08200525105554868,0.5475601915487962,0.29865400109449874,1.110815521400305,-0.0030992092841954527,9,152,2383,22106,0.2747175910360881,False,neutral
64,2000-2004,0.1799025090440321,0.23159109991603694,0.06719380099372813,1.7512346973072457,-0.001389824383708921,1,40,2383,22106,0.482138724238006,False,neutral
65,2000-2004,0.04940083173427319,4.642857142857143,1.3621924383406447,18.345887969646558,0.000987497806984157,3,6,2383,22106,0.19469739565860608,False,neutral
-1,2005-2009,0.6023216967947913,1.028192500497647,0.9294665219913586,1.138663428217025,0.005231656661386419,543,6189,2138,24881,0.9374941055936727,False,neutral
0,2005-2009,0.00013936074187046864,0.7150886100646695,0.6008973531679254,0.8563340866686778,-0.02360780815277541,139,2205,2138,24881,0.002755699220304666,True,underrepresented
1,2005-2009,5.48913048949071e-15,2.4380797244298726,1.9939166592735085,3.0003288557260888,0.031266884627139495,116,572,2138,24881,3.6777174279587756e-13,True,overrepresented
2,2005-2009,0.905105786206166,0.9221427977724213,0.5874288188678888,1.5217427839156796,-0.000704344259592404,18,227,2138,24881,0.9941325848493955,False,neutral
3,2005-2009,0.23389955890410163,0.709561756264443,0.4304207271986451,1.2487799347434039,-0.0026556342709538753,14,229,2138,24881,0.6529696019406172,False,neutral
4,2005-2009,0.01957151855839545,1.4953711222998214,1.0940893828114941,2.085527517828376,0.006421586395771468,42,329,2138,24881,0.1171419654370896,False,neutral
5,2005-2009,0.0710297071560117,0.7054716064238441,0.4955869293902264,1.0354424094161763,-0.0057423194085794126,30,492,2138,24881,0.2921797656048466,False,neutral
6,2005-2009,0.8830148031596249,1.0293461384553821,0.6089455067330446,1.8628981817712784,0.00017232635389355117,13,147,2138,24881,0.9860331968615811,False,neutral
7,2005-2009,0.17628706721187257,1.1848302963421526,0.9307657296785493,1.5267075938394852,0.005034497416307803,71,701,2138,24881,0.5368742501452483,False,neutral
8,2005-2009,0.13016902692232907,0.31388551472821136,0.11041094299713454,1.3750407170586656,-0.0020387032922172593,2,74,2138,24881,0.484518044655336,False,neutral
9,2005-2009,0.1429010172805833,0.8348626052450093,0.662960641361476,1.0637335588962218,-0.006734018380249576,76,1052,2138,24881,0.5039141135683727,False,neutral
10,2005-2009,0.0030236266503144184,0.17826995102276,0.06344538907415163,0.7763475403252745,-0.004289416687981096,2,130,2138,24881,0.02894042651015229,True,underrepresented
11,2005-2009,0.18769900628393693,1.3865540400193865,0.8640275964974762,2.3404821603452786,0.0022039989865323024,17,143,2138,24881,0.5467753661314685,False,neutral
12,2005-2009,0.7100056298326165,1.1390375150611636,0.6122504645851032,2.3346128271511857,0.0005119410489345566,9,92,2138,24881,0.9663849033281958,False,neutral
13,2005-2009,6.4043593472533595e-06,0.44841513397730315,0.3108822819777218,0.6697079812078266,-0.01510337945759326,27,690,2138,24881,0.00021454603813298755,True,underrepresented
14,2005-2009,1.0,0.947066013335807,0.47769220124481493,2.1296940976975507,-0.00018236478227569948,7,86,2138,24881,1.0,False,neutral
15,2005-2009,0.032321715558960136,1.4041994846719175,1.0451496599453958,1.9212041327449414,0.006228168063142393,47,392,2138,24881,0.16658114941925609,False,neutral
16,2005-2009,0.33026201623324225,0.7354858501418821,0.4458581392023011,1.2950368578342573,-0.0023341037858447553,14,221,2138,24881,0.7137920996008784,False,neutral
17,2005-2009,0.617455783516293,0.8421907746079856,0.5170651731439037,1.457048803486727,-0.00130369858938275,15,207,2138,24881,0.9374941055936727,False,neutral
18,2005-2009,0.9680385008747593,0.9925408704469971,0.8499980953416223,1.164210222589849,-0.0005907257930349019,184,2156,2138,24881,1.0,False,neutral
19,2005-2009,0.00016451935643609946,1.547773501924134,1.2537592457263849,1.9268436204058783,0.01573393938872137,98,749,2138,24881,0.002755699220304666,True,overrepresented
20,2005-2009,0.010026677920892527,0.583792377834931,0.39258338878142035,0.9039064146520194,-0.007529328847597067,23,455,2138,24881,0.07464304674442214,False,neutral
21,2005-2009,0.0012193444051356744,0.0,0.0039741001484320795,1.0322648578414266,-0.003617217957477593,0,90,2138,24881,0.013616012524015031,True,underrepresented
22,2005-2009,0.8259572979699308,1.02693751820507,0.7801548163506108,1.3745178049131588,0.0006345452247929345,53,601,2138,24881,0.9795238972979934,False,neutral
23,2005-2009,0.796361882883193,0.7269613583138174,0.2833659536665768,2.4853162348044675,-0.0005260023680915735,3,48,2138,24881,0.9795238972979934,False,neutral
24,2005-2009,0.30854090060627287,1.165543804506048,0.8818647740160453,1.5665476303782095,0.003382123228363079,52,521,2138,24881,0.7128358738144925,False,neutral
25,2005-2009,0.5773698948081427,0.8458048779605792,0.5456055756528043,1.3752255474739663,-0.001603121973785114,19,261,2138,24881,0.9374941055936727,False,neutral
26,2005-2009,0.03568675639620385,1.3999918271083143,1.048034224763077,1.9030273937089395,0.006440178166688966,49,410,2138,24881,0.17078661989611843,False,neutral
27,2005-2009,0.8625658200086808,0.8696064235882586,0.456706528185274,1.8511023108292004,-0.00055865545816609,8,107,2138,24881,0.9795238972979934,False,neutral
28,2005-2009,0.6436526695120738,1.1839921137151397,0.5651835345520034,2.8609893410369986,0.00043507375744653064,6,59,2138,24881,0.9374941055936727,False,neutral
29,2005-2009,0.8501409648675533,1.0462414939072637,0.5461550048457475,2.236420320848314,0.00016478813332942814,8,89,2138,24881,0.9795238972979934,False,neutral
30,2005-2009,0.4304272104817941,0.7206609164028096,0.3804344779836265,1.5285987729761774,-0.001442864292216169,8,129,2138,24881,0.8287099703385072,False,neutral
31,2005-2009,0.007600727847176687,1.4709422300630324,1.1295307689779417,1.9426924201517253,0.008811973055354336,60,479,2138,24881,0.06365609572010475,False,neutral
32,2005-2009,0.28941646550430056,1.3031161473087818,0.8414351107746949,2.107575132126313,0.0021602923461044067,20,179,2138,24881,0.7128358738144925,False,neutral
33,2005-2009,1.0,0.969679186228482,0.507515949034866,2.069025397205534,-0.0001165510411410514,8,96,2138,24881,1.0,False,neutral
34,2005-2009,0.16832951642659363,0.0,0.01164479674802599,3.116700873049178,-0.0012057393191591977,0,30,2138,24881,0.5368742501452483,False,neutral
35,2005-2009,0.5397636118683513,0.9028228109142442,0.6900689070971369,1.2005178158563572,-0.002690280007860802,55,707,2138,24881,0.9272862050046035,False,neutral
36,2005-2009,0.7380056497491784,1.204167003149479,0.4555166691526918,4.185321226282429,0.0002376325340425851,3,29,2138,24881,0.9695368339842148,False,neutral
37,2005-2009,0.3261233481883882,0.5341865149899278,0.23139784025067242,1.5422969926390029,-0.0016257366354774827,4,87,2138,24881,0.7137920996008784,False,neutral
38,2005-2009,0.4946487864059689,1.3365540691278628,0.6645432289271783,3.034585902088198,0.0008224179836902987,7,61,2138,24881,0.895715369978376,False,neutral
39,2005-2009,0.7024846013564809,1.0956531344932339,0.5709852664049758,2.344760087007951,0.0003255533758839881,8,85,2138,24881,0.9663849033281958,False,neutral
40,2005-2009,0.8518772039833469,0.9427791168777886,0.6597790833270003,1.38808889014689,-0.0008389795106653417,30,370,2138,24881,0.9795238972979934,False,neutral
41,2005-2009,0.6322667471205821,0.0,0.02113086332040979,5.875309687577429,-0.0006430609702182389,0,16,2138,24881,0.9374941055936727,False,neutral
42,2005-2009,1.0,0.9308716026241799,0.394842223215559,2.7216499952987077,-0.00013865814184780547,4,50,2138,24881,1.0,False,neutral
43,2005-2009,0.24430177564132996,0.5856023460040677,0.28646938170545433,1.3925910170516433,-0.0019764048808718648,6,119,2138,24881,0.6547287587187642,False,neutral
44,2005-2009,0.2689866617750309,0.0,0.012884998606444988,3.4656268332296105,-0.001085165387243278,0,27,2138,24881,0.6931579361125796,False,neutral
45,2005-2009,0.5219545438872721,0.7263204225352112,0.38334691975775925,1.5408124169496404,-0.001402672981577529,8,128,2138,24881,0.9202882747486114,False,neutral
46,2005-2009,0.4329081934604142,1.138702681835729,0.8340926650341006,1.5882253432248332,0.002296450280134185,41,420,2138,24881,0.8287099703385072,False,neutral
47,2005-2009,0.46148681408964254,1.3437545100303074,0.6373409470289352,3.2605746946622935,0.0007164129319170097,6,52,2138,24881,0.8588782373335014,False,neutral
48,2005-2009,1.0,0.9946340209498105,0.5521493158083832,1.957754114554477,-2.51148695103948e-05,10,117,2138,24881,1.0,False,neutral
49,2005-2009,0.020980650526045898,0.0,0.006458294449027493,1.693747577460994,-0.002210522085125196,0,55,2138,24881,0.1171419654370896,False,neutral
50,2005-2009,0.01658357912624583,0.6067458994843173,0.410984023222797,0.9310243026511785,-0.007141984621353301,24,457,2138,24881,0.11110998014584708,False,neutral
51,2005-2009,0.7211827636777581,0.8140168934772407,0.41262486548769745,1.8243976915850748,-0.0007450431312166586,7,100,2138,24881,0.9663849033281958,False,neutral
52,2005-2009,1.0,0.0,0.15792991738929624,95.23416550243142,-4.019131063863993e-05,0,1,2138,24881,1.0,False,neutral
53,2005-2009,0.3021825612819542,0.7072407848680347,0.41409017161426115,1.3034932866548032,-0.002304966025559493,12,197,2138,24881,0.7128358738144925,False,neutral
54,2005-2009,0.7968489289583206,0.7120967356497634,0.27783494508230777,2.4332154127482517,-0.0005661936787302133,3,49,2138,24881,0.9795238972979934,False,neutral
55,2005-2009,0.36704807452934785,0.30592567051695685,0.08856284839037544,2.3153827658618726,-0.0010595429567472696,1,38,2138,24881,0.7452188179838275,False,neutral
56,2005-2009,0.07413516440719989,0.0,0.008605736890025556,2.2759248022789236,-0.001647843736184237,0,41,2138,24881,0.2921797656048466,False,neutral
57,2005-2009,0.0005742621261787308,1.6649029982363315,1.273186595829408,2.207922133201372,0.010836107467428965,59,417,2138,24881,0.007695112490794994,True,overrepresented
58,2005-2009,0.8246617829016487,1.0744407562418818,0.5151664153599402,2.5888062721811287,0.00019392589361469066,6,65,2138,24881,0.9795238972979934,False,neutral
59,2005-2009,0.7194076749109029,0.8783110692021583,0.5534467268188732,1.469887058350718,-0.001091688485836172,17,225,2138,24881,0.9663849033281958,False,neutral
60,2005-2009,0.5982207880821839,1.1529442417926004,0.637009917347624,2.2770530080978975,0.0006179461007078443,10,101,2138,24881,0.9374941055936727,False,neutral
61,2005-2009,0.769527984538181,0.5964179391145683,0.2048195525553199,2.644229924040108,-0.0006320074198648616,2,39,2138,24881,0.9795238972979934,False,neutral
62,2005-2009,0.16112279437191976,2.025834318079948,0.812639060488358,6.119967693149584,0.0009465072453954726,4,23,2138,24881,0.5368742501452483,False,neutral
63,2005-2009,0.5804908905894632,0.7420961239072292,0.36068222087474466,1.7722530640082386,-0.000971622114905867,6,94,2138,24881,0.9374941055936727,False,neutral
64,2005-2009,0.047187921168237806,0.0,0.008033590674799515,2.119861745946597,-0.0017684176681001568,0,44,2138,24881,0.21077271455146218,False,neutral
65,2005-2009,0.34125915524033784,1.552702280537332,0.6378070043244323,4.626461588337492,0.0006651680709249931,4,30,2138,24881,0.7145113562844574,False,neutral
-1,2010-2014,0.01767061670300263,1.1357363980455577,1.0238379873912864,1.2611561234590545,0.02535207403587686,533,6875,1854,26227,0.10515621234998196,False,neutral
0,2010-2014,2.2180196617490245e-09,0.5365628502636058,0.43278896308691633,0.6723162285364193,-0.036734256375617585,86,2180,1854,26227,7.430365866859232e-08,True,underrepresented
1,2010-2014,8.734453431478184e-19,2.825195597245694,2.3052527035349524,3.485329420627435,0.03849152628887883,113,589,1854,26227,5.852083799090384e-17,True,overrepresented
2,2010-2014,0.33137668571990975,0.6917772532006294,0.3889129832862197,1.3493158590105498,-0.0023845005367419273,10,204,1854,26227,0.5692881523906141,False,neutral
3,2010-2014,1.0,0.9917130015986808,0.6399340409144176,1.612047472958703,-8.475089017226378e-05,19,271,1854,26227,1.0,False,neutral
4,2010-2014,0.40581374102704737,1.1680806351183064,0.812315634357198,1.7322668872021334,0.0022205720374545886,29,352,1854,26227,0.6466208857569133,False,neutral
5,2010-2014,0.0026600065103273055,0.6089468511015751,0.44131515584058384,0.8622700194371541,-0.012076785910613869,36,826,1854,26227,0.025460062313132782,True,underrepresented
6,2010-2014,0.1729952558618893,0.5809070352558998,0.29815452077196514,1.2910080792835419,-0.00270624954832773,7,170,1854,26227,0.39570279133998276,False,neutral
7,2010-2014,0.23030287750081796,1.1827449642347951,0.9068905595430071,1.566588362655735,0.0046262140241108765,57,685,1854,26227,0.4821966497673376,False,neutral
8,2010-2014,0.2439878851920571,0.37655867530597553,0.13248534742997542,1.6494085950814381,-0.001780899802319217,2,75,1854,26227,0.4953693426626614,False,neutral
9,2010-2014,0.001899938588211657,0.6172013106825867,0.4557340206808671,0.8550273266375622,-0.013230907532933055,41,927,1854,26227,0.021215980901696838,True,underrepresented
10,2010-2014,0.08984783134204213,0.381327843240323,0.15263371030915684,1.2844535662180026,-0.0026141567344011574,3,111,1854,26227,0.29943246584507943,False,neutral
11,2010-2014,0.14587806523339894,1.44289354159743,0.9137424518521117,2.392066235443855,0.002959967512912839,18,177,1854,26227,0.39570279133998276,False,neutral
12,2010-2014,0.2856035443573826,0.4926501074215069,0.19601934539270177,1.6650163942022875,-0.00166094058310669,3,86,1854,26227,0.5315399297762399,False,neutral
13,2010-2014,1.5233406701436184e-07,0.2935860310249229,0.17724356143513056,0.5233081401037314,-0.016475379732728473,13,616,1854,26227,3.402127496654081e-06,True,underrepresented
14,2010-2014,0.6943803637047481,1.1437451437451438,0.5990882105637424,2.43910922740191,0.0005402586471306503,8,99,1854,26227,0.8615460068188541,False,neutral
15,2010-2014,0.11959396149322321,1.314803247110622,0.9488794901820764,1.8657881756571548,0.004705391633225952,37,400,1854,26227,0.34838240956721545,False,neutral
16,2010-2014,0.05022011745123996,0.5687713179569857,0.3351231977482356,1.0433941165591665,-0.00485171596799316,12,297,1854,26227,0.22431652461553847,False,neutral
17,2010-2014,0.457583710256648,0.7749531116794544,0.4708075101932316,1.3622809385155732,-0.0021715641822542707,14,255,1854,26227,0.6812913019376758,False,neutral
18,2010-2014,0.6500553942651597,0.9523528764366461,0.7974140845257524,1.1446452936015743,-0.0033655008308713236,135,1998,1854,26227,0.8217681399201076,False,neutral
19,2010-2014,0.32410799713860633,1.1344039060225313,0.8942069081702628,1.4568020737516851,0.004442912717606287,72,902,1854,26227,0.5692881523906141,False,neutral
20,2010-2014,1.0,0.9832715341917796,0.7032401028865654,1.4119335863387719,-0.00030618084272863305,34,489,1854,26227,1.0,False,neutral
21,2010-2014,0.049454865355690686,0.0,0.00799324600923568,2.0974603158067002,-0.00205894688679605,0,54,1854,26227,0.22431652461553847,False,neutral
22,2010-2014,0.5185114917491038,1.0910142196333734,0.839032183497701,1.4405801336564668,0.002534711772320241,58,754,1854,26227,0.7237556238997908,False,neutral
23,2010-2014,0.2603358030157563,0.2769859157910331,0.08106648863333916,2.0872029135756636,-0.0014051866228586211,1,51,1854,26227,0.5130146706486962,False,neutral
24,2010-2014,0.7853466885379701,0.9359619018148914,0.660085250670406,1.3666748770387869,-0.0011236022529875558,31,468,1854,26227,0.9566950569462545,False,neutral
25,2010-2014,0.5887603779344182,0.8479799319493976,0.5540700219355066,1.3587232888942409,-0.0019093526196004521,20,333,1854,26227,0.7689743040517494,False,neutral
26,2010-2014,0.018833948480593783,1.453736793645344,1.0842958766443762,1.9854102077832751,0.00777328748188838,47,461,1854,26227,0.10515621234998196,False,neutral
27,2010-2014,1.0,0.9165664039784235,0.4655598947668415,2.0513903730213716,-0.00034227349311745066,7,108,1854,26227,1.0,False,neutral
28,2010-2014,0.48713649657322666,0.5970735270618851,0.23624933840848308,2.024255055452211,-0.0010890108923300092,3,71,1854,26227,0.7095248971827433,False,neutral
29,2010-2014,0.0938519669066667,0.3034673355163845,0.1073232390262762,1.3257907431946865,-0.002467215431251234,2,93,1854,26227,0.29943246584507943,False,neutral
30,2010-2014,1.0,0.9754922105577764,0.5133966182590607,2.073471236197458,-0.00010792833574958718,8,116,1854,26227,1.0,False,neutral
31,2010-2014,0.21679280677882973,1.2451974114928257,0.8993688680025046,1.7658222147101448,0.0038665614200868205,37,422,1854,26227,0.46855219529618036,False,neutral
32,2010-2014,0.0062050678575441475,1.733873694139645,1.2168098315398117,2.5375092050900974,0.007232144513409169,32,263,1854,26227,0.041573954645545794,True,overrepresented
33,2010-2014,0.8200289024961871,0.7439829302987198,0.32088559404092043,2.1536095414437053,-0.0007402797968068106,4,76,1854,26227,0.9811060083436525,False,neutral
34,2010-2014,1.0,0.7443974209674212,0.20652089934796078,5.728599201176515,-0.00018506994920170264,1,19,1854,26227,1.0,False,neutral
35,2010-2014,0.9403359977851034,0.9792850191521287,0.7359834223204769,1.3277041074527405,-0.0005331840763421851,48,693,1854,26227,1.0,False,neutral
36,2010-2014,0.1487051904369235,1.889033189033189,0.8883395679106751,4.609016129137175,0.0015204568823625152,6,45,1854,26227,0.39570279133998276,False,neutral
37,2010-2014,0.03168730811247482,0.15499664933016255,0.046018951289818665,1.16121674889255,-0.002930332464929769,1,91,1854,26227,0.16331151104121636,False,neutral
38,2010-2014,0.596815877771507,1.2867889276758937,0.5831628437363516,3.3723396854334675,0.0005997960960626354,5,55,1854,26227,0.7689743040517494,False,neutral
39,2010-2014,0.0034116047538918443,0.11179211745860423,0.03336182628014894,0.8357904451026394,-0.004264835076742024,1,126,1854,26227,0.027606823101295176,True,underrepresented
40,2010-2014,0.17665627377743212,1.2947670291248776,0.9136395054088184,1.8863278974173154,0.003876823660852643,32,351,1854,26227,0.39570279133998276,False,neutral
41,2010-2014,0.4027466680458113,0.0,0.017528301265751105,4.743871793244396,-0.0009150875052426888,0,24,1854,26227,0.6466208857569133,False,neutral
42,2010-2014,0.5146185113440269,0.39262157462373326,0.11337513621283828,2.9745038090992537,-0.0008332569320819406,1,36,1854,26227,0.7237556238997908,False,neutral
43,2010-2014,0.06714918676360218,0.34967919953922605,0.14020427264141572,1.1767173430977957,-0.002995443194918945,3,121,1854,26227,0.2646467948918439,False,neutral
44,2010-2014,6.6987266115296565e-06,7.896179802362015,3.7762682697312226,17.223938047938525,0.004707427628888912,10,18,1854,26227,0.00011220367074312175,True,overrepresented
45,2010-2014,0.531553452678181,1.187769620297524,0.7034360153454309,2.1478505337809564,0.001101926097141508,13,155,1854,26227,0.7268179863150638,False,neutral
46,2010-2014,0.0934983832188151,1.352558597535699,0.9757020027346904,1.9200660646602017,0.005124806739795517,37,389,1854,26227,0.29943246584507943,False,neutral
47,2010-2014,0.29715199545552795,1.7699324324324324,0.7305165702173861,5.259003259652342,0.0009373806294714524,4,32,1854,26227,0.5380860458248748,False,neutral
48,2010-2014,0.3861242948407265,0.6568509010369475,0.3218662810367136,1.5602848044179096,-0.0016823493859868953,6,129,1854,26227,0.6466208857569133,False,neutral
49,2010-2014,1.0,0.8658750372109946,0.33777959559777154,2.958927766656888,-0.00025018067919087804,3,49,1854,26227,1.0,False,neutral
50,2010-2014,0.17718035433133558,0.7343255241209462,0.4894510733227662,1.1490499662351419,-0.00422405346664457,22,422,1854,26227,0.39570279133998276,False,neutral
51,2010-2014,1.0,0.9350035367961104,0.49265392804492436,1.9858298052506194,-0.0002985715660084815,8,121,1854,26227,1.0,False,neutral
52,2010-2014,1.0,,0.2805258128146031,712.9963172907662,0.0,0,0,1854,26227,1.0,False,neutral
53,2010-2014,0.43718210999812246,0.692965722603673,0.367656488048121,1.4647391020776992,-0.0018999747001831862,8,163,1854,26227,0.6657091220425956,False,neutral
54,2010-2014,1.0,1.0104520209811787,0.34023910572594723,4.523510910572573,1.1146562114381807e-05,2,28,1854,26227,1.0,False,neutral
55,2010-2014,1.0,0.7251481419947943,0.24899233024640055,3.2151754065206655,-0.0004082685444551839,2,39,1854,26227,1.0,False,neutral
56,2010-2014,0.26998582580614783,0.0,0.013301067481444108,3.5504753293176203,-0.0012201166736569185,0,32,1854,26227,0.5168300094003402,False,neutral
57,2010-2014,0.0037083792225620386,1.5345079767029628,1.177931580574985,2.028307872265538,0.010852329892665186,59,550,1854,26227,0.027606823101295176,True,overrepresented
58,2010-2014,0.16302689355384617,1.6671340258747052,0.8605587463923893,3.5911739260317903,0.00172224667473579,8,68,1854,26227,0.39570279133998276,False,neutral
59,2010-2014,0.059992049228091746,0.5146608488302488,0.27446096605240894,1.083977335945855,-0.004035178879082793,8,219,1854,26227,0.2512167061426342,False,neutral
60,2010-2014,0.15902223800704274,1.5748975656784767,0.8662778157703017,3.1202904322595657,0.001962165113160845,10,90,1854,26227,0.39570279133998276,False,neutral
61,2010-2014,0.0002429997003646202,2.8471677559912854,1.7604938429410686,4.807928650803447,0.0062771597194175854,18,90,1854,26227,0.003256195984885911,True,overrepresented
62,2010-2014,0.5885819842440465,1.1789440546860945,0.31183626186360175,9.23776662157455,8.183057316074832e-05,1,12,1854,26227,0.7689743040517494,False,neutral
63,2010-2014,0.09381433561160496,0.19334806940244995,0.05714622930553893,1.4512021850427044,-0.0022440168359977525,1,73,1854,26227,0.29943246584507943,False,neutral
64,2010-2014,0.11082028098780258,0.0,0.010715156311665504,2.836389419464539,-0.0015251458420711482,0,40,1854,26227,0.3374981284628533,False,neutral
65,2010-2014,0.41499549384398915,0.6075908166230747,0.26363659043648885,1.752452809273934,-0.0013884667796870485,4,93,1854,26227,0.6466208857569133,False,neutral
-1,2015-2019,5.544273117156954e-07,0.75985513698522,0.681569649162415,0.8485245503329397,-0.0472405380527024,429,6017,2166,24529,5.306661412135942e-06,True,underrepresented
0,2015-2019,2.8145451542425357e-19,0.3688882658616575,0.28926243295561077,0.47724045704366236,-0.0473685640984928,65,1898,2166,24529,4.714363133356247e-18,True,underrepresented
1,2015-2019,0.0020732514014763894,1.6084182112694314,1.2191892562908573,2.154218210663077,0.009452112894654592,55,391,2166,24529,0.008777280651724388,True,overrepresented
2,2015-2019,0.04373188527384253,0.41808490582206453,0.19508069738138864,1.0757363684589267,-0.003195286924964578,5,135,2166,24529,0.10851986345731295,False,neutral
3,2015-2019,0.014030782435393577,0.5082265701604995,0.304649604765554,0.9107611764638649,-0.005739357566732682,13,288,2166,24529,0.04273011014415317,True,underrepresented
4,2015-2019,0.004745024175322968,1.6300107613666937,1.1898778201972446,2.2776940636493768,0.007404769005967158,42,294,2166,24529,0.017662034430368827,True,overrepresented
5,2015-2019,2.0529874854178204e-106,3.6554067224493676,3.2865717558112175,4.06876533638827,0.16820333683080468,548,2080,2166,24529,1.3755016152299397e-104,True,overrepresented
6,2015-2019,0.6867161259277106,0.8402946055338066,0.49924440221367716,1.5158937938789105,-0.0011325656061961743,13,175,2166,24529,0.8071926392483616,False,neutral
7,2015-2019,0.0012408499633931667,0.5554363693811518,0.3888911032346359,0.8191463943393797,-0.010460586216243857,29,585,2166,24529,0.005938353396238726,True,underrepresented
8,2015-2019,0.0059444813263427945,0.0,0.005253365677277839,1.3720782581212316,-0.0026906926495168983,0,66,2166,24529,0.020962118361314067,True,underrepresented
9,2015-2019,1.6580199805383853e-06,0.4719837895296306,0.34228930123434637,0.6679501450288335,-0.01795082512428897,36,848,2166,24529,1.3885917337008977e-05,True,underrepresented
10,2015-2019,0.08231577514175652,0.42228120380056544,0.18391319580562418,1.2152432353656581,-0.0025154614695244368,4,107,2166,24529,0.1779082882096028,False,neutral
11,2015-2019,0.36004184059158095,0.7251873147334396,0.4241660976751555,1.3375772967087403,-0.002083462968645062,12,187,2166,24529,0.5510071172945215,False,neutral
12,2015-2019,0.5841921742877059,0.5143043186019156,0.17763536923333353,2.273700858291405,-0.0008704340655135741,2,44,2166,24529,0.7628164977981202,False,neutral
13,2015-2019,2.1441027908822102e-11,0.16949732997925768,0.09121138001965554,0.3547517991499891,-0.017709792848136077,8,525,2166,24529,2.873097739782162e-10,True,underrepresented
14,2015-2019,0.35757835603760846,0.5888718571648928,0.27253163143682907,1.5230519649433263,-0.0016053321775227748,5,96,2166,24529,0.5510071172945215,False,neutral
15,2015-2019,0.6375779683088766,0.8892643550099326,0.6154715418453197,1.3268542981823743,-0.0015863786009113461,28,356,2166,24529,0.7628164977981202,False,neutral
16,2015-2019,0.22181572688867515,0.682837360524525,0.40740191611032667,1.227978759958233,-0.0027632884240852036,13,215,2166,24529,0.39109615004055887,False,neutral
17,2015-2019,0.016521603197461536,0.4937244063190394,0.2847323585893909,0.9316022404151241,-0.005154299994349689,11,251,2166,24529,0.04812814844477926,True,underrepresented
18,2015-2019,0.004560839655912338,0.76420713905778,0.6351284533867954,0.9261373637611446,-0.01611983810069427,122,1777,2166,24529,0.017662034430368827,True,underrepresented
19,2015-2019,0.01029959905988674,0.7001717195641876,0.5363059812809952,0.9293437019079415,-0.010483473554038794,55,880,2166,24529,0.032860625572019596,True,underrepresented
20,2015-2019,8.85941719456804e-06,1.7018560632164106,1.3692632344790125,2.1337112334162684,0.01725240370689045,93,630,2166,24529,6.595343911511764e-05,True,overrepresented
21,2015-2019,0.0708748681625335,0.0,0.009252547080799376,2.4556417939551807,-0.0015084186065473521,0,37,2166,24529,0.15828720556299147,False,neutral
22,2015-2019,0.33630188029750385,0.8501768814635973,0.6312249104685171,1.1687437016147866,-0.0034946103895639458,44,584,2166,24529,0.5510071172945215,False,neutral
23,2015-2019,0.030847877789834215,0.0,0.007329949024325793,1.930394069429115,-0.0019160993110196095,0,47,2166,24529,0.07952645975988763,False,neutral
24,2015-2019,0.603850426266682,1.0879123606101009,0.7942641168809383,1.5233014359591945,0.0014669353067940337,40,417,2166,24529,0.7628164977981202,False,neutral
25,2015-2019,0.00011429235260619165,0.3066421632974534,0.16419103318578004,0.6440326803104761,-0.008251600504379708,8,293,2166,24529,0.0006961443295104401,True,underrepresented
26,2015-2019,0.5805575226351603,0.8788396953460101,0.6119791492771108,1.301913012387756,-0.0018177552814320035,29,373,2166,24529,0.7628164977981202,False,neutral
27,2015-2019,0.8810964239452193,0.8828816376232085,0.5033469753767762,1.6799233383103669,-0.0006698122451548579,11,141,2166,24529,1.0,False,neutral
28,2015-2019,0.17604040072376548,0.34256147426202876,0.12010583148212707,1.5031234002730987,-0.0017673316153525402,2,66,2166,24529,0.3276307457914524,False,neutral
29,2015-2019,0.047113307305892804,0.33545268535175293,0.13402172428515705,1.1311198008475696,-0.002732533563923262,3,101,2166,24529,0.11273541391052921,False,neutral
30,2015-2019,1.0,0.9595217131536744,0.5328035446113019,1.8882730693011782,-0.0001938271419508449,10,118,2166,24529,1.0,False,neutral
31,2015-2019,0.5998085764647619,1.0867158991277468,0.7904438933782353,1.528176120663505,0.0014129354941841143,39,407,2166,24529,0.7628164977981202,False,neutral
32,2015-2019,1.0,0.9977378259316585,0.6478414896948085,1.6066315089992227,-2.07416498766589e-05,20,227,2166,24529,1.0,False,neutral
33,2015-2019,0.08924825101895856,0.19487935016325555,0.057267621031870455,1.466109637648446,-0.0019028675688569133,1,58,2166,24529,0.1868635255709445,False,neutral
34,2015-2019,1.0,0.6659964678712131,0.18299584950032757,5.144273121993854,-0.00023137668052065837,1,17,2166,24529,1.0,False,neutral
35,2015-2019,0.0020960670213073167,0.5870015047466243,0.41734288343455545,0.8498775342593504,-0.010135514496625192,32,611,2166,24529,0.008777280651724388,True,underrepresented
36,2015-2019,0.8168269951347473,0.7805990621710421,0.333356083632872,2.273075489651566,-0.0005178260176103759,4,58,2166,24529,0.9435760116211737,False,neutral
37,2015-2019,0.00983294534415444,0.12828574427881587,0.038069460279866685,0.961299224153127,-0.0031259096822736855,1,88,2166,24529,0.032860625572019596,True,underrepresented
38,2015-2019,0.4394910324409796,0.45247689463955637,0.1571236804187992,1.995012051109574,-0.0011150424881969283,2,50,2166,24529,0.640128242903166,False,neutral
39,2015-2019,1.0,0.8707621082621083,0.4205786384578203,2.088058494373633,-0.00040982639239053225,6,78,2166,24529,1.0,False,neutral
40,2015-2019,6.522128674081245e-05,0.31466340842031376,0.1736544481038229,0.6330434163308603,-0.008931425959819848,9,321,2166,24529,0.0004369826211634435,True,underrepresented
41,2015-2019,0.3931958438059875,0.0,0.01842036605721678,5.075989169648545,-0.0007338252680500632,0,18,2166,24529,0.5854249230000258,False,neutral
42,2015-2019,0.2560629770272336,0.27587450008449277,0.08011703356548655,2.085304382402022,-0.001209810371254076,1,41,2166,24529,0.4399030630980679,False,neutral
43,2015-2019,0.06162614942148932,0.3997609555229917,0.174322523563109,1.149567262906325,-0.0027600698922077916,4,113,2166,24529,0.14237765555999257,False,neutral
44,2015-2019,8.374815385100388e-22,11.508928571428571,7.344802244058382,18.026165462712964,0.015994672972128227,38,38,2166,24529,1.8703754360057536e-20,True,overrepresented
45,2015-2019,0.5389955914503506,0.7539483851027662,0.41001313848029897,1.5326856102095736,-0.0013485648566358612,9,135,2166,24529,0.7523480130661144,False,neutral
46,2015-2019,0.021196352735255365,1.5093481524860914,1.0955923496760118,2.123717412363667,0.006155263408224995,40,302,2166,24529,0.05917315138592123,False,neutral
47,2015-2019,4.0621764680364075e-28,45.962511715089036,20.61688975427593,93.58526387825786,0.014447631983051925,32,8,2166,24529,1.3608291167921964e-26,True,overrepresented
48,2015-2019,0.0009983892187675615,0.09805803795561803,0.029229685314813954,0.7334553871532942,-0.00422664758434878,1,115,2166,24529,0.005145544435186663,True,underrepresented
49,2015-2019,0.13025394428223463,0.209349071935677,0.06138952487380085,1.5763113783444158,-0.0017397952870680106,1,54,2166,24529,0.25667689020322704,False,neutral
50,2015-2019,0.030861014235180274,0.6101980870694075,0.399409186403526,0.976361929733894,-0.005809807653382713,20,369,2166,24529,0.07952645975988763,False,neutral
51,2015-2019,0.20420664611495204,1.4184681543468154,0.8583638627779009,2.481149557102463,0.002033039302565599,15,120,2166,24529,0.3697796024243726,False,neutral
52,2015-2019,1.0,,0.22458913184082605,570.7833137743994,0.0,0,0,2166,24529,1.0,False,neutral
53,2015-2019,0.17428604748516185,1.5132589838909543,0.899131345015772,2.7050356353759146,0.0021828798421918054,14,105,2166,24529,0.3276307457914524,False,neutral
54,2015-2019,0.5173282394760564,0.3535941108545035,0.10154102404660144,2.6847349328452563,-0.0008428977372290443,1,32,2166,24529,0.7374679158488464,False,neutral
55,2015-2019,1.0,0.9847303704894318,0.32674189171177637,4.440039906550168,-1.4304586121833608e-05,2,23,2166,24529,1.0,False,neutral
56,2015-2019,0.621814431806398,0.0,0.023267687506310135,6.543572302643694,-0.0005707529862611603,0,14,2166,24529,0.7628164977981202,False,neutral
57,2015-2019,0.0008416232560019432,1.5958653709963857,1.2398397200319178,2.079666255726302,0.011323152759390425,67,481,2166,24529,0.004699063179344183,True,overrepresented
58,2015-2019,1.0,0.8283887554548223,0.3203670256652608,2.8444784967297303,-0.0002864493370897177,3,41,2166,24529,1.0,False,neutral
59,2015-2019,0.34403598098522853,0.7103586344050381,0.40704556435249856,1.3466687863970122,-0.0020559266403605324,11,175,2166,24529,0.5510071172945215,False,neutral
60,2015-2019,0.5557586275771803,0.6814671922302816,0.31399863182882903,1.7674517741014446,-0.0010753472617088403,5,83,2166,24529,0.7599148581157363,False,neutral
61,2015-2019,6.995990465103998e-10,3.1653259518698453,2.297819754085931,4.427183008668483,0.014429036021093541,46,167,2166,24529,7.812189352699465e-09,True,overrepresented
62,2015-2019,0.6276805837018447,0.0,0.021831767572749645,6.102621096728272,-0.000611521056708386,0,15,2166,24529,0.7628164977981202,False,neutral
63,2015-2019,0.11809590139757542,0.3988577955454026,0.1586790625407867,1.3481330352176168,-0.00208024443676765,3,85,2166,24529,0.23977046647386527,False,neutral
64,2015-2019,0.36185542031282003,0.3327672870533895,0.09584724745394878,2.5236023540979593,-0.0009244338781234959,1,34,2166,24529,0.5510071172945215,False,neutral
65,2015-2019,1.0,0.9436614294516328,0.3141959173958661,4.247753113862324,-5.5072656569059406e-05,2,24,2166,24529,1.0,False,neutral
-1,2020-2024,6.8307232118156914e-09,0.7288846192996743,0.6540128284428722,0.8136822571669824,-0.05324967088496588,429,5632,2271,23258,7.627640919860856e-08,True,underrepresented
0,2020-2024,6.499133905951747e-08,0.607034353764628,0.5035176831301849,0.7373568228484021,-0.0308507266279101,118,1926,2271,23258,6.220599595696673e-07,True,underrepresented
1,2020-2024,0.14270195310968004,1.3026299652935334,0.9353512960070494,1.8563717697664375,0.0037375623635455754,37,292,2271,23258,0.2812067899514283,False,neutral
2,2020-2024,0.5865973194576388,1.1465056274225938,0.7158051781090377,1.932455173557762,0.0009503034499873698,17,152,2271,23258,0.7558080846858038,False,neutral
3,2020-2024,0.04293850257744032,0.6421166491060656,0.4271431821199941,1.0063670849589217,-0.005318227079168869,22,349,2271,23258,0.11507518690754005,False,neutral
4,2020-2024,0.02424377037258213,1.4994277752898442,1.0778028275141094,2.1322007680934947,0.005510771727660154,38,261,2271,23258,0.08121663074815014,False,neutral
5,2020-2024,5.612703308348796e-152,4.274656269287659,3.866979524827802,4.727301644530491,0.207729056471774,677,2102,2271,23258,3.7605112165936935e-150,True,overrepresented
6,2020-2024,0.777749596179047,1.082371890919988,0.6585157452318466,1.8855627391704743,0.0004995937251119006,15,142,2271,23258,0.8832071685423076,False,neutral
7,2020-2024,2.6659594019231192e-09,0.2928264516050613,0.1868029675724854,0.48539830353017116,-0.01762395057013474,17,584,2271,23258,3.5723855985769803e-08,True,underrepresented
8,2020-2024,0.5199173747706607,0.341086637298091,0.09762110483142199,2.5932144921835345,-0.0008495440970600725,1,30,2271,23258,0.6966892821926853,False,neutral
9,2020-2024,7.015963484635197e-06,0.49968254487926766,0.3648787053488765,0.7012165650905452,-0.016202187254195553,38,766,2271,23258,4.700695534705582e-05,True,underrepresented
10,2020-2024,0.03027541520579367,0.15023322104172065,0.044335909316188735,1.128295788911782,-0.0024833905154967393,1,68,2271,23258,0.08994186261081874,False,neutral
11,2020-2024,0.7718799719663425,1.070421044974507,0.641299660455971,1.9016019329073743,0.00040322673781390244,14,134,2271,23258,0.8832071685423076,False,neutral
12,2020-2024,0.03221798063671119,0.0,0.006768990681652662,1.7837276227917802,-0.0019778140854759653,0,46,2271,23258,0.08994186261081874,False,neutral
13,2020-2024,1.7727818315821248e-11,0.13898454746136865,0.0692251548105347,0.3266049894461116,-0.01606123396923807,6,435,2271,23258,2.969409567900059e-10,True,underrepresented
14,2020-2024,0.7368753262907803,0.7947178974554784,0.41692393719367177,1.6929637158285173,-0.0009059064784325949,8,103,2271,23258,0.8661516993242505,False,neutral
15,2020-2024,1.9873611049447408e-07,0.23954348736562892,0.13242854251475586,0.48132033186469003,-0.012375452295331001,9,380,2271,23258,1.6644149253912205e-06,True,underrepresented
16,2020-2024,0.02621196121903814,0.516803963949268,0.297373137483596,0.9767600689210306,-0.0044864417707307066,11,217,2271,23258,0.08362863817502644,False,neutral
17,2020-2024,0.001097173538379828,0.281326649534556,0.13195454315827337,0.7214626377435073,-0.005580595195077642,5,181,2271,23258,0.004900708471429899,True,underrepresented
18,2020-2024,0.4067222809717904,0.9274201866728715,0.7870267111509995,1.0985265292117747,-0.005155595955221956,162,1779,2271,23258,0.5797955920236161,False,neutral
19,2020-2024,3.157802755467166e-07,0.43769055012838926,0.31323067798340914,0.6291935962741972,-0.018059892858842734,33,758,2271,23258,2.35080871795889e-06,True,underrepresented
20,2020-2024,0.03184896408935796,1.4298337438859763,1.0516350522246898,1.9814161779266948,0.005745005984408842,44,317,2271,23258,0.08994186261081874,False,neutral
21,2020-2024,0.11067685510598088,0.0,0.009629101746521042,2.5699789758192484,-0.0013758706681571932,0,32,2271,23258,0.2317296653781475,False,neutral
22,2020-2024,0.724229284551493,1.0484633995756563,0.8059630635822688,1.3841775511015006,0.0011710766206910958,59,577,2271,23258,0.8661516993242505,False,neutral
23,2020-2024,0.07173204891720633,0.0,0.008592288462723434,2.2826424614599934,-0.0015478545016768424,0,36,2271,23258,0.17800175101677126,False,neutral
24,2020-2024,0.022986469061994905,0.6672270328953387,0.4778142559276672,0.957095989426573,-0.007300528193326489,34,518,2271,23258,0.08105754879756098,False,neutral
25,2020-2024,0.00034359624096664664,0.2786779158728719,0.13787563000103906,0.657791293555955,-0.006774106959177012,6,219,2271,23258,0.001770842164981948,True,underrepresented
26,2020-2024,0.0840678030937416,0.6851637851402244,0.4626944966436702,1.0539359022318886,-0.004781525437533575,24,357,2271,23258,0.19398578434109606,False,neutral
27,2020-2024,0.5186718413243231,0.7305725648633293,0.3842354657955584,1.5536207778289863,-0.0012928701038518058,8,112,2271,23258,0.6966892821926853,False,neutral
28,2020-2024,0.8535181685344484,0.8633030354634084,0.43492196375655046,1.9429060950999335,-0.00048632196517164536,7,83,2271,23258,0.9223502789001297,False,neutral
29,2020-2024,1.0,0.8957928445229681,0.4506724935972647,2.017881776001217,-0.00035733409003190853,7,80,2271,23258,1.0,False,neutral
30,2020-2024,0.6439398167823016,1.1290177298043866,0.6636459157569488,2.0530508101075933,0.0006508274175552027,13,118,2271,23258,0.7989623652669298,False,neutral
31,2020-2024,0.3126284209225856,0.7967605329047015,0.5481451867938689,1.1974821302643248,-0.0029875659323426503,27,346,2271,23258,0.4987167667098389,False,neutral
32,2020-2024,0.0817559360724553,0.6056739912073157,0.3615142582939106,1.0888773574321184,-0.003691764378815938,13,219,2271,23258,0.19398578434109606,False,neutral
33,2020-2024,0.0868593064213863,0.19659437478820738,0.05758333665960266,1.480960116543538,-0.0017954551814181427,1,52,2271,23258,0.19398578434109606,False,neutral
34,2020-2024,0.39859359294931207,0.0,0.01665809980392476,4.59025216823789,-0.0007739272508384212,0,18,2271,23258,0.5797955920236161,False,neutral
35,2020-2024,6.149398937863928e-05,0.473747868135396,0.3258697613427085,0.7139027706356748,-0.012414055888081614,26,555,2271,23258,0.00037455429894262107,True,underrepresented
36,2020-2024,0.23810119759611842,0.3718578468688649,0.1295995161999702,1.636580204010468,-0.0014841084022205833,2,55,2271,23258,0.42093213434518106,False,neutral
37,2020-2024,0.0007771114068804324,0.0,0.0037001564635514815,0.9619344366743702,-0.0036546564622925446,0,85,2271,23258,0.003719033161499212,True,underrepresented
38,2020-2024,0.6207854540949982,1.1641458717804702,0.5214509506664511,3.0732586664155455,0.0003098511029703411,5,44,2271,23258,0.7847665174408468,False,neutral
39,2020-2024,1.0,0.8902581821671945,0.4279713276842986,2.1413963911880725,-0.0003247132021901699,6,69,2271,23258,1.0,False,neutral
40,2020-2024,0.0028700741555220685,0.4979773390373566,0.3160103850026298,0.8288418881130927,-0.0074339084340955255,17,347,2271,23258,0.012018435526248662,True,underrepresented
41,2020-2024,1.0,0.0,0.03134222540260117,9.25901358124314,-0.0003869636254192106,0,9,2271,23258,1.0,False,neutral
42,2020-2024,0.10816571881519994,0.0,0.009928545208281604,2.6534611820356337,-0.001332874709777281,0,31,2271,23258,0.2317296653781475,False,neutral
43,2020-2024,0.24352813530405348,0.5731509562418766,0.27963344510894794,1.3653714183682946,-0.001958559620626837,6,107,2271,23258,0.42093213434518106,False,neutral
44,2020-2024,0.2679151933836047,1.4101659292035398,0.7884729972790846,2.721314443734876,0.0014040045273172766,11,80,2271,23258,0.43781263309028084,False,neutral
45,2020-2024,0.010024458975686979,0.30221699423287424,0.13227362768199988,0.8671330140194892,-0.004043115763938974,4,135,2271,23258,0.038338369229451344,True,underrepresented
46,2020-2024,0.3586912521098894,1.2100127690317377,0.814510751011671,1.8606418488739471,0.0018932231818910034,25,212,2271,23258,0.5588910207293626,False,neutral
47,2020-2024,0.2348189961474879,1.7084436598999706,0.7446516183559889,4.586732866518249,0.0009117945202891131,5,30,2271,23258,0.42093213434518106,False,neutral
48,2020-2024,0.24502019760391136,0.5678194751042434,0.27710176768444295,1.3524479444941282,-0.0020015555790067487,6,108,2271,23258,0.42093213434518106,False,neutral
49,2020-2024,0.8176113586112527,0.7443718169787865,0.31716653693794883,2.170521572574887,-0.0006034390935459905,4,55,2271,23258,0.9061822160648045,False,neutral
50,2020-2024,0.00019961681570912092,0.4036482458613606,0.24642022470790742,0.706973877448066,-0.008969892189006977,14,352,2271,23258,0.001114527221042592,True,underrepresented
51,2020-2024,0.5359438939129519,0.7671750663129974,0.41592955477212923,1.5629553191146037,-0.001196503116553808,9,120,2271,23258,0.7040831547483879,False,neutral
52,2020-2024,1.0,0.0,0.13898606266310534,83.80825835652851,-4.2995958379912286e-05,0,1,2271,23258,1.0,False,neutral
53,2020-2024,0.8250315698500459,0.9143886524822695,0.5993016723561274,1.4555739114883097,-0.0008570224781961639,21,235,2271,23258,0.9061822160648045,False,neutral
54,2020-2024,0.251909071121183,0.0,0.01440602918294312,3.92891037450062,-0.000902915125978158,0,21,2271,23258,0.42194769412798155,False,neutral
55,2020-2024,0.010299860390001853,3.0416523461154483,1.4682643036949876,6.854278235390296,0.002361786358440739,8,27,2271,23258,0.038338369229451344,True,overrepresented
56,2020-2024,0.3902911455797733,0.0,0.01859544954215236,5.170179667205508,-0.0006879353340785966,0,16,2271,23258,0.5797955920236161,False,neutral
57,2020-2024,1.932186073543479e-13,2.3897481322626137,1.9375901236115578,2.9672949205073853,0.027090066479589753,108,476,2271,23258,4.315215564247104e-12,True,overrepresented
58,2020-2024,1.0,0.8903549989451679,0.37608113643713587,2.6096773322034577,-0.00021647546812678,4,46,2271,23258,1.0,False,neutral
59,2020-2024,0.059892135053492584,0.5693319744278699,0.33392131565135974,1.04798129080844,-0.003960115199633585,12,215,2271,23258,0.1543374249455386,False,neutral
60,2020-2024,0.7232212170371168,1.1385326060248662,0.6264651650872847,2.2552109056247103,0.0005337102891808578,10,90,2271,23258,0.8661516993242505,False,neutral
61,2020-2024,4.7321912478520894e-17,4.455875707716435,3.2856257682389747,6.100126723625197,0.019691959611895116,58,136,2271,23258,1.58528406803045e-15,True,overrepresented
62,2020-2024,0.49979382492493957,1.3362663906142167,0.4958523506304302,4.693258392045524,0.0003320969202739064,3,23,2271,23258,0.6966892821926853,False,neutral
63,2020-2024,0.21891018736212317,0.5268605381206722,0.2439168500662741,1.3623737337032196,-0.00196893469116501,5,97,2271,23258,0.41905664437892154,False,neutral
64,2020-2024,0.12353946565399558,0.22724424865394027,0.06623258606768526,1.7152453534858398,-0.0014944834727587566,1,45,2271,23258,0.25082255147932436,False,neutral
65,2020-2024,0.3902704090782949,0.0,0.019743265906826648,5.5186796466130605,-0.0006449393756986844,0,15,2271,23258,0.5797955920236161,False,neutral
